HAVE_CRYPTO,HAVE_HASH,HAVE_REPLICATION,HAVE_VERIFY,HAVE_SEQUENCE,HAVE_STATISTICS,DIAGNOSTIC,PS1K,PS4K,PS8K,PS16K,PS32K,CS32MB,CS16MB,CS64MB,CS512MB,PERF
-0.0,0.0,0.0,0.0,-0.0,0.0,0.0,0.0,1.0,0.0,0.0,-0.0,-0.0,-0.0,0.0,1.0,-0.4146896303928262
-0.0,1.0,1.0,1.0,0.0,0.0,-0.0,0.0,0.0,0.0,0.0,1.0,0.0,1.0,0.0,0.0,5.3745803108988826
1.0,-0.0,1.0,0.0,0.0,1.0,-0.0,-0.0,0.0,-0.0,-0.0,1.0,-0.0,1.0,-0.0,0.0,12.491700491045734
-0.0,1.0,1.0,-0.0,-0.0,0.0,0.0,1.0,-0.0,-0.0,-0.0,0.0,-0.0,0.0,0.0,1.0,0.8567784822001373
0.0,0.0,0.0,0.0,0.0,1.0,1.0,0.0,-0.0,1.0,0.0,0.0,1.0,1.0,-0.0,-0.0,0.2042376054665597
-0.0,0.0,0.0,0.0,1.0,1.0,0.0,1.0,0.0,0.0,0.0,0.0,0.0,1.0,0.0,-0.0,0.4325023966859439
1.0,-0.0,1.0,-0.0,1.0,0.0,1.0,0.0,1.0,-0.0,-0.0,-0.0,-0.0,0.0,1.0,-0.0,7.83711395061575
0.0,0.0,1.0,0.0,-0.0,1.0,1.0,-0.0,1.0,-0.0,-0.0,-0.0,0.0,0.0,0.0,1.0,0.42996754329652276
1.0,0.0,1.0,1.0,1.0,-0.0,0.0,0.0,0.0,1.0,0.0,-0.0,-0.0,0.0,1.0,0.0,12.593847418013002
0.0,-0.0,0.0,1.0,1.0,0.0,1.0,0.0,0.0,-0.0,-0.0,1.0,0.0,0.0,-0.0,1.0,0.04012778249527243
0.0,1.0,0.0,0.0,0.0,0.0,1.0,0.0,0.0,0.0,0.0,1.0,-0.0,1.0,-0.0,0.0,3.6075476698396303
1.0,-0.0,1.0,-0.0,0.0,0.0,-0.0,0.0,1.0,-0.0,0.0,0.0,-0.0,-0.0,1.0,0.0,1.6219864946785225
1.0,0.0,1.0,0.0,0.0,1.0,0.0,0.0,-0.0,1.0,0.0,-0.0,1.0,0.0,0.0,0.0,11.23732198651733
1.0,0.0,1.0,1.0,0.0,1.0,1.0,-0.0,0.0,1.0,-0.0,0.0,0.0,1.0,0.0,0.0,11.707535035953075
1.0,1.0,0.0,1.0,-0.0,1.0,1.0,0.0,-0.0,1.0,-0.0,-0.0,1.0,0.0,0.0,-0.0,7.748447458037068
1.0,0.0,1.0,0.0,0.0,0.0,0.0,-0.0,-0.0,-0.0,1.0,-0.0,0.0,0.0,1.0,0.0,17.639766221620196
0.0,0.0,0.0,0.0,0.0,1.0,-0.0,0.0,1.0,0.0,0.0,-0.0,0.0,1.0,0.0,-0.0,-0.8000725363802357
0.0,1.0,0.0,0.0,0.0,-0.0,0.0,0.0,1.0,-0.0,0.0,0.0,1.0,-0.0,0.0,-0.0,0.6352249658476324
1.0,0.0,1.0,0.0,-0.0,1.0,0.0,0.0,0.0,0.0,-0.0,1.0,1.0,0.0,0.0,0.0,15.382822004946416
0.0,-0.0,1.0,0.0,0.0,-0.0,0.0,1.0,-0.0,-0.0,0.0,-0.0,-0.0,-0.0,1.0,0.0,-0.20192696421532583
1.0,-0.0,1.0,0.0,-0.0,-0.0,-0.0,-0.0,-0.0,-0.0,1.0,-0.0,-0.0,-0.0,1.0,0.0,14.866608398460166
0.0,0.0,0.0,1.0,1.0,0.0,0.0,0.0,-0.0,0.0,-0.0,1.0,1.0,0.0,-0.0,0.0,2.614080029220369
0.0,0.0,1.0,0.0,1.0,0.0,1.0,0.0,1.0,-0.0,0.0,0.0,1.0,0.0,0.0,0.0,2.6824042833532675
1.0,0.0,-0.0,1.0,1.0,1.0,0.0,-0.0,-0.0,0.0,0.0,1.0,-0.0,1.0,0.0,-0.0,30.117631407529153
0.0,0.0,0.0,0.0,1.0,0.0,-0.0,0.0,0.0,1.0,-0.0,0.0,-0.0,1.0,-0.0,-0.0,4.314317560018224
-0.0,0.0,1.0,0.0,0.0,0.0,0.0,1.0,-0.0,0.0,0.0,-0.0,0.0,1.0,0.0,-0.0,-0.9725622630189741
-0.0,1.0,-0.0,0.0,0.0,1.0,-0.0,0.0,1.0,0.0,0.0,-0.0,0.0,0.0,0.0,0.0,-0.4365857009517103
-0.0,0.0,1.0,1.0,1.0,0.0,-0.0,1.0,-0.0,0.0,-0.0,0.0,0.0,1.0,0.0,-0.0,2.0918059866369725
1.0,1.0,1.0,-0.0,1.0,-0.0,-0.0,-0.0,-0.0,0.0,1.0,-0.0,-0.0,-0.0,1.0,0.0,38.31701661582205
0.0,1.0,0.0,1.0,-0.0,-0.0,1.0,1.0,-0.0,0.0,0.0,-0.0,-0.0,0.0,0.0,1.0,1.4928868435086304
0.0,0.0,0.0,0.0,1.0,1.0,1.0,0.0,0.0,0.0,0.0,1.0,1.0,-0.0,0.0,0.0,3.3083637048606307
1.0,1.0,0.0,-0.0,0.0,0.0,0.0,0.0,0.0,1.0,0.0,0.0,0.0,0.0,1.0,-0.0,10.650115614222866
-0.0,1.0,1.0,-0.0,0.0,0.0,0.0,1.0,0.0,-0.0,0.0,0.0,-0.0,1.0,0.0,0.0,-0.5535712791926674
0.0,0.0,1.0,-0.0,0.0,0.0,1.0,0.0,0.0,0.0,0.0,0.0,0.0,0.0,1.0,-0.0,3.46700460055129
1.0,1.0,0.0,0.0,1.0,0.0,0.0,-0.0,0.0,1.0,-0.0,0.0,-0.0,1.0,-0.0,0.0,12.744845503122786
-0.0,1.0,0.0,0.0,-0.0,0.0,1.0,0.0,1.0,-0.0,0.0,0.0,-0.0,-0.0,-0.0,1.0,0.8591850585404179
1.0,0.0,-0.0,1.0,1.0,-0.0,1.0,-0.0,1.0,0.0,0.0,-0.0,1.0,0.0,0.0,-0.0,4.5535411671704145
0.0,1.0,1.0,0.0,0.0,1.0,1.0,0.0,0.0,0.0,0.0,0.0,-0.0,0.0,1.0,0.0,3.310044395994267
0.0,1.0,1.0,0.0,0.0,0.0,0.0,1.0,-0.0,-0.0,0.0,0.0,-0.0,0.0,-0.0,1.0,0.8025932094836123
-0.0,-0.0,-0.0,1.0,1.0,0.0,0.0,0.0,0.0,0.0,1.0,-0.0,1.0,-0.0,-0.0,0.0,1.0094717296072642
0.0,-0.0,1.0,0.0,1.0,0.0,1.0,0.0,-0.0,0.0,1.0,-0.0,1.0,-0.0,-0.0,0.0,-0.18212335848098418
1.0,0.0,0.0,1.0,0.0,0.0,1.0,0.0,1.0,0.0,-0.0,0.0,0.0,0.0,-0.0,1.0,4.0746899237928895
-0.0,-0.0,-0.0,1.0,0.0,-0.0,0.0,-0.0,1.0,0.0,-0.0,-0.0,0.0,1.0,0.0,-0.0,-0.9578386175010761
1.0,-0.0,1.0,1.0,0.0,0.0,0.0,0.0,1.0,0.0,0.0,-0.0,0.0,1.0,0.0,-0.0,10.70822599011649
1.0,1.0,0.0,-0.0,0.0,1.0,-0.0,-0.0,1.0,-0.0,-0.0,-0.0,0.0,1.0,-0.0,-0.0,3.419079887763678
1.0,1.0,0.0,-0.0,0.0,0.0,1.0,0.0,0.0,0.0,1.0,0.0,1.0,0.0,0.0,-0.0,18.60589427074577
0.0,0.0,0.0,1.0,1.0,-0.0,0.0,-0.0,0.0,-0.0,0.0,1.0,-0.0,1.0,-0.0,-0.0,3.8965907668726327
0.0,-0.0,0.0,1.0,1.0,1.0,1.0,1.0,0.0,0.0,0.0,-0.0,-0.0,1.0,-0.0,0.0,0.9785752133377265
-0.0,1.0,1.0,1.0,1.0,-0.0,1.0,1.0,-0.0,-0.0,-0.0,0.0,1.0,0.0,0.0,0.0,2.7959393616831183
0.0,1.0,-0.0,1.0,1.0,1.0,0.0,0.0,0.0,0.0,0.0,1.0,1.0,0.0,-0.0,0.0,10.490291137323696
0.0,0.0,1.0,0.0,0.0,-0.0,1.0,1.0,0.0,-0.0,0.0,-0.0,0.0,1.0,0.0,0.0,1.0595038510593269
-0.0,1.0,1.0,0.0,1.0,-0.0,0.0,1.0,-0.0,-0.0,-0.0,-0.0,-0.0,0.0,0.0,1.0,-1.2688383240064602
0.0,1.0,-0.0,1.0,0.0,0.0,-0.0,-0.0,0.0,0.0,0.0,1.0,0.0,0.0,-0.0,1.0,1.023412986932587
1.0,1.0,0.0,0.0,0.0,0.0,0.0,0.0,0.0,0.0,1.0,0.0,1.0,0.0,0.0,0.0,18.434249689155283
1.0,1.0,0.0,1.0,-0.0,1.0,1.0,0.0,-0.0,0.0,0.0,1.0,1.0,-0.0,0.0,0.0,40.976950890628714
0.0,2.0,-1.0,0.0,1.0,1.0,0.0,-0.0,-0.0,2.0,-0.0,-0.0,1.0,0.0,0.0,-0.0,4.439119784603078
1.0,0.0,1.0,0.0,-0.0,-0.0,-0.0,-0.0,-0.0,-0.0,2.0,-0.0,1.0,-0.0,-0.0,0.0,31.26392442673371
0.0,1.0,0.0,1.0,1.0,0.0,1.0,-0.0,-0.0,0.0,-0.0,1.0,-0.0,0.0,0.0,1.0,2.2646748723087144
1.0,0.0,1.0,1.0,-0.0,0.0,1.0,0.0,-0.0,0.0,0.0,1.0,1.0,0.0,0.0,-0.0,32.62462453444086
0.0,1.0,0.0,1.0,0.0,-0.0,1.0,0.0,0.0,-0.0,-0.0,1.0,-0.0,1.0,-0.0,0.0,12.096401238308031
-0.0,1.0,-0.0,0.0,1.0,-0.0,-0.0,-0.0,1.0,-0.0,-0.0,0.0,-0.0,1.0,-0.0,-0.0,-0.9647839034473966
0.0,1.0,-0.0,1.0,1.0,1.0,1.0,-0.0,-0.0,1.0,-0.0,-0.0,1.0,-0.0,0.0,0.0,4.58434307548024
0.0,1.0,1.0,0.0,1.0,1.0,-0.0,-0.0,-0.0,1.0,-0.0,-0.0,-0.0,1.0,0.0,0.0,3.270298872197089
1.0,0.0,0.0,0.0,1.0,0.0,0.0,0.0,0.0,0.0,1.0,-0.0,0.0,-0.0,1.0,-0.0,13.29779812188713
1.0,0.0,1.0,0.0,1.0,0.0,-0.0,0.0,0.0,0.0,0.0,0.0,-0.0,0.0,1.0,0.0,15.830296565753114
0.0,0.0,0.0,0.0,1.0,1.0,1.0,0.0,0.0,1.0,0.0,0.0,1.0,0.0,0.0,0.0,0.2728363208538334
1.0,0.0,0.0,0.0,-0.0,1.0,0.0,-0.0,1.0,0.0,0.0,0.0,1.0,0.0,0.0,0.0,4.770572263065977
0.0,0.0,-0.0,0.0,1.0,0.0,1.0,-0.0,-0.0,1.0,-0.0,0.0,-0.0,1.0,0.0,-0.0,5.867987945138396
1.0,-0.0,1.0,1.0,0.0,1.0,1.0,-0.0,-0.0,1.0,-0.0,-0.0,0.0,0.0,0.0,0.0,14.241693809516324
-0.0,1.0,0.0,0.0,-0.0,-0.0,0.0,-0.0,0.0,0.0,0.0,1.0,0.0,-0.0,-0.0,1.0,1.043766933204284
0.0,1.0,1.0,-0.0,-0.0,0.0,1.0,1.0,-0.0,-0.0,-0.0,0.0,-0.0,1.0,1.0,-0.0,0.10004215438163315
-0.0,1.0,0.0,0.0,1.0,1.0,0.0,0.0,0.0,0.0,0.0,0.0,1.0,0.0,0.0,-0.0,0.02096747089129304
0.0,-0.0,-0.0,0.0,1.0,1.0,1.0,0.0,0.0,1.0,-0.0,0.0,1.0,0.0,-0.0,-0.0,2.202694805432684
-0.0,-0.0,1.0,0.0,0.0,0.0,0.0,1.0,0.0,0.0,0.0,0.0,-0.0,1.0,0.0,-0.0,0.4664973781756076
0.0,1.0,1.0,0.0,1.0,0.0,-0.0,-0.0,-0.0,1.0,-0.0,-0.0,-0.0,1.0,0.0,-0.0,2.135534643704911
1.0,0.0,1.0,0.0,0.0,-0.0,1.0,0.0,0.0,0.0,1.0,0.0,0.0,0.0,1.0,-0.0,13.94748850660782
0.0,0.0,0.0,0.0,0.0,0.0,1.0,0.0,0.0,0.0,0.0,0.0,1.0,-0.0,-0.0,0.0,1.927980487490803
0.0,0.0,-0.0,1.0,0.0,0.0,0.0,0.0,1.0,-0.0,0.0,0.0,-0.0,-0.0,-0.0,1.0,-0.7958728446897815
-0.0,0.0,-0.0,0.0,0.0,1.0,0.0,-0.0,0.0,-0.0,0.0,1.0,1.0,-0.0,-0.0,-0.0,-4.160940968262586
1.0,0.0,1.0,0.0,0.0,1.0,1.0,0.0,1.0,0.0,0.0,0.0,-0.0,-0.0,0.0,1.0,7.2043561363816035
-0.0,0.0,0.0,1.0,1.0,1.0,0.0,0.0,0.0,0.0,0.0,1.0,1.0,-0.0,0.0,-0.0,1.3674614135319767
0.0,1.0,1.0,0.0,1.0,0.0,0.0,1.0,0.0,0.0,0.0,-0.0,0.0,1.0,0.0,-0.0,1.747930123210831
1.0,0.0,1.0,0.0,0.0,0.0,1.0,0.0,0.0,1.0,0.0,0.0,1.0,-0.0,0.0,-0.0,9.206341427875293
0.0,0.0,0.0,1.0,1.0,-0.0,1.0,0.0,-0.0,0.0,0.0,1.0,-0.0,-0.0,0.0,1.0,-0.42413562796293774
1.0,1.0,0.0,0.0,-0.0,1.0,0.0,1.0,0.0,0.0,-0.0,-0.0,-0.0,-0.0,1.0,0.0,2.9224702722159135
0.0,-0.0,1.0,0.0,1.0,1.0,0.0,0.0,1.0,0.0,0.0,0.0,0.0,0.0,0.0,1.0,3.803657389863471
0.0,-0.0,1.0,1.0,-0.0,0.0,1.0,-0.0,-0.0,-0.0,1.0,-0.0,1.0,0.0,-0.0,0.0,1.5237184213400263
-0.0,1.0,1.0,-0.0,-0.0,-0.0,0.0,1.0,0.0,-0.0,0.0,0.0,-0.0,-0.0,-0.0,2.0,-1.2264788280956742
0.0,1.0,0.0,0.0,0.0,1.0,1.0,-0.0,-0.0,1.0,0.0,0.0,1.0,0.0,0.0,-0.0,4.960250096217721
-0.0,-0.0,1.0,-0.0,-0.0,0.0,0.0,-0.0,1.0,-0.0,0.0,0.0,-0.0,-0.0,-0.0,1.0,-0.47254494293619154
0.0,0.0,1.0,0.0,0.0,1.0,1.0,1.0,0.0,0.0,-0.0,-0.0,1.0,0.0,-0.0,0.0,3.7504291046564067
1.0,0.0,1.0,1.0,1.0,1.0,1.0,0.0,1.0,0.0,0.0,0.0,-0.0,0.0,-0.0,1.0,2.8954358113901413
-0.0,1.0,1.0,0.0,-0.0,0.0,-0.0,-0.0,-0.0,1.0,-0.0,1.0,-0.0,1.0,0.0,-0.0,0.7888108440814029
1.0,0.0,0.0,0.0,0.0,1.0,1.0,0.0,0.0,0.0,0.0,0.0,0.0,1.0,0.0,0.0,9.485951071437377
1.0,1.0,1.0,0.0,-0.0,0.0,0.0,0.0,0.0,0.0,0.0,1.0,1.0,0.0,-0.0,-0.0,14.883162827985526
0.0,0.0,1.0,-0.0,0.0,1.0,-0.0,0.0,0.0,0.0,1.0,0.0,-0.0,-0.0,-0.0,1.0,1.2915275088717222
0.0,1.0,0.0,0.0,0.0,1.0,1.0,-0.0,-0.0,0.0,0.0,1.0,1.0,-0.0,0.0,0.0,13.174030840025273
1.0,0.0,1.0,0.0,0.0,-0.0,0.0,-0.0,-0.0,0.0,1.0,-0.0,0.0,-0.0,1.0,0.0,24.144954264653677
0.0,1.0,0.0,1.0,1.0,1.0,1.0,0.0,1.0,0.0,0.0,0.0,-0.0,1.0,0.0,0.0,3.363683982216036
-0.0,0.0,0.0,1.0,0.0,-0.0,-0.0,0.0,0.0,0.0,0.0,1.0,0.0,1.0,-0.0,0.0,-0.26179289588096166
0.0,-0.0,1.0,1.0,1.0,0.0,1.0,1.0,-0.0,-0.0,0.0,-0.0,1.0,0.0,0.0,0.0,1.5745721267496793
0.0,0.0,1.0,-0.0,-0.0,0.0,1.0,0.0,-0.0,0.0,0.0,1.0,1.0,-0.0,0.0,0.0,3.4808058730015587
0.0,1.0,-0.0,0.0,0.0,1.0,0.0,0.0,1.0,0.0,-0.0,0.0,0.0,0.0,1.0,0.0,0.893418886950661
1.0,1.0,1.0,0.0,1.0,0.0,-0.0,0.0,0.0,0.0,0.0,0.0,-0.0,0.0,1.0,0.0,20.138314588235655
1.0,1.0,-1.0,-0.0,0.0,1.0,-0.0,0.0,1.0,-0.0,-0.0,0.0,-0.0,-0.0,-0.0,1.0,3.751573126502823
1.0,0.0,0.0,1.0,0.0,0.0,0.0,0.0,-0.0,0.0,0.0,1.0,0.0,1.0,0.0,0.0,33.60328592028609
-0.0,-0.0,0.0,1.0,1.0,0.0,1.0,-0.0,0.0,0.0,0.0,0.0,-0.0,0.0,0.0,1.0,-0.6024347632761291
0.0,0.0,-0.0,-0.0,1.0,1.0,0.0,0.0,0.0,0.0,1.0,0.0,0.0,0.0,1.0,0.0,5.62547625688987
1.0,0.0,1.0,-0.0,0.0,1.0,1.0,1.0,0.0,0.0,0.0,0.0,0.0,-0.0,0.0,1.0,3.273358323450739
-0.0,1.0,-0.0,0.0,1.0,0.0,-0.0,-0.0,1.0,-0.0,-0.0,-0.0,-0.0,1.0,-0.0,-0.0,0.8547341939884381
1.0,0.0,1.0,1.0,0.0,1.0,1.0,0.0,1.0,0.0,-0.0,-0.0,1.0,0.0,-0.0,0.0,5.477916345750247
0.0,-0.0,-0.0,1.0,0.0,0.0,-0.0,-0.0,0.0,0.0,1.0,0.0,0.0,0.0,1.0,0.0,5.62174720525726
-0.0,0.0,-0.0,-0.0,-0.0,1.0,-0.0,-0.0,1.0,-0.0,0.0,0.0,1.0,0.0,0.0,0.0,-0.8920172202147297
0.0,0.0,1.0,-0.0,0.0,0.0,1.0,1.0,-0.0,0.0,0.0,-0.0,-0.0,0.0,1.0,-0.0,-0.9098792902716327
0.0,0.0,1.0,0.0,1.0,0.0,1.0,0.0,-0.0,0.0,1.0,-0.0,-0.0,-0.0,0.0,1.0,1.9766577007911734
0.0,0.0,-0.0,0.0,1.0,0.0,0.0,-0.0,-0.0,1.0,-0.0,-0.0,0.0,-0.0,1.0,-0.0,3.188250137316809
-0.0,-0.0,1.0,0.0,0.0,0.0,1.0,0.0,0.0,0.0,1.0,0.0,1.0,0.0,0.0,-0.0,0.3592338404064272
-0.0,-0.0,1.0,-0.0,0.0,-0.0,1.0,0.0,0.0,0.0,0.0,1.0,-0.0,0.0,0.0,1.0,-1.7309270148911433
1.0,1.0,0.0,-0.0,1.0,1.0,-0.0,-0.0,-0.0,1.0,-0.0,0.0,-0.0,0.0,0.0,1.0,16.950754994489504
0.0,0.0,-0.0,1.0,1.0,0.0,-0.0,-0.0,0.0,0.0,-0.0,1.0,-0.0,1.0,-0.0,0.0,2.720594193411663
-0.0,1.0,1.0,0.0,0.0,1.0,0.0,-0.0,1.0,-0.0,-0.0,-0.0,-0.0,1.0,0.0,0.0,1.8844145764750055
0.0,-0.0,0.0,-0.0,-0.0,-0.0,-0.0,-0.0,1.0,0.0,-0.0,-0.0,-0.0,-0.0,1.0,-0.0,0.4615876541111128
0.0,0.0,0.0,0.0,0.0,0.0,-0.0,1.0,0.0,0.0,0.0,0.0,-0.0,-0.0,0.0,1.0,-0.5380198685668521
0.0,0.0,-0.0,1.0,0.0,0.0,1.0,-0.0,-0.0,0.0,0.0,1.0,1.0,-0.0,0.0,-0.0,1.1551962026968277
0.0,0.0,0.0,0.0,0.0,0.0,0.0,0.0,1.0,0.0,0.0,-0.0,-0.0,1.0,0.0,0.0,-0.7524235028972107
-0.0,1.0,0.0,0.0,0.0,0.0,0.0,0.0,-0.0,0.0,0.0,1.0,1.0,0.0,-0.0,-0.0,0.8787153847108877
1.0,-0.0,1.0,0.0,-0.0,0.0,-0.0,0.0,1.0,0.0,0.0,-0.0,-0.0,1.0,0.0,0.0,9.214296931943302
-0.0,1.0,1.0,-0.0,0.0,1.0,1.0,1.0,-0.0,0.0,-0.0,0.0,0.0,0.0,0.0,1.0,-0.538798366270692
-0.0,-0.0,-0.0,0.0,0.0,-0.0,0.0,-0.0,1.0,0.0,0.0,-0.0,-0.0,1.0,0.0,0.0,-0.5131517918515923
0.0,-0.0,0.0,-0.0,-0.0,1.0,0.0,1.0,0.0,-0.0,0.0,-0.0,1.0,-0.0,0.0,0.0,0.7494297172758589
-0.0,0.0,-0.0,1.0,-0.0,0.0,1.0,-0.0,1.0,-0.0,0.0,0.0,1.0,0.0,0.0,0.0,0.6785051622794883
0.0,-0.0,1.0,0.0,1.0,0.0,1.0,1.0,-0.0,-0.0,0.0,0.0,-0.0,0.0,1.0,0.0,0.45494142676149885
-0.0,1.0,-0.0,1.0,0.0,1.0,1.0,0.0,-0.0,1.0,-0.0,0.0,1.0,0.0,0.0,-0.0,-0.0335215599141723
0.0,1.0,0.0,0.0,0.0,0.0,0.0,0.0,-0.0,-0.0,1.0,-0.0,1.0,-0.0,-0.0,0.0,6.561510103058364
-0.0,1.0,1.0,1.0,1.0,-0.0,1.0,0.0,-0.0,0.0,0.0,1.0,1.0,-0.0,-0.0,-0.0,1.2013616873819415
1.0,1.0,1.0,1.0,0.0,1.0,0.0,0.0,1.0,-0.0,0.0,-0.0,1.0,-0.0,-0.0,0.0,6.243435379169207
1.0,1.0,-0.0,0.0,1.0,1.0,0.0,0.0,-0.0,-0.0,-0.0,1.0,-0.0,-0.0,1.0,-0.0,24.943790425529667
1.0,-0.0,1.0,1.0,-0.0,1.0,0.0,0.0,1.0,-0.0,0.0,-0.0,0.0,1.0,-0.0,0.0,5.67340067879982
0.0,1.0,0.0,-0.0,1.0,1.0,0.0,1.0,-0.0,0.0,0.0,0.0,0.0,0.0,0.0,1.0,-1.320097076561075
-0.0,1.0,1.0,0.0,1.0,-0.0,0.0,1.0,-0.0,0.0,-0.0,0.0,-0.0,0.0,1.0,-0.0,2.2511307357120516
-0.0,0.0,0.0,0.0,1.0,0.0,-0.0,1.0,0.0,0.0,0.0,0.0,-0.0,1.0,0.0,-0.0,2.284059832367375
1.0,1.0,1.0,-0.0,1.0,0.0,0.0,0.0,1.0,-0.0,0.0,0.0,0.0,0.0,0.0,1.0,6.808078371187419
1.0,-0.0,0.0,1.0,0.0,-0.0,1.0,0.0,-0.0,0.0,-0.0,1.0,1.0,-0.0,0.0,0.0,20.224267773979005
1.0,-0.0,0.0,0.0,-0.0,0.0,-0.0,0.0,1.0,0.0,0.0,0.0,-0.0,-0.0,1.0,-0.0,7.630792679373937
0.0,0.0,1.0,0.0,0.0,0.0,0.0,1.0,0.0,0.0,0.0,0.0,-0.0,1.0,0.0,0.0,3.478464016941173
0.0,0.0,-0.0,1.0,0.0,-0.0,0.0,-0.0,1.0,-0.0,0.0,0.0,-0.0,0.0,-0.0,1.0,-1.7888208323650754
0.0,-0.0,1.0,0.0,0.0,0.0,-0.0,0.0,-0.0,-0.0,0.0,1.0,-0.0,1.0,-0.0,-0.0,1.838264799183664
0.0,0.0,0.0,0.0,1.0,1.0,-0.0,1.0,-0.0,0.0,0.0,0.0,1.0,-0.0,-0.0,0.0,2.0297134955444047
0.0,0.0,0.0,0.0,0.0,1.0,0.0,0.0,1.0,0.0,0.0,0.0,-0.0,1.0,-0.0,-0.0,4.419417477014685
0.0,-0.0,0.0,-0.0,1.0,0.0,1.0,-0.0,-0.0,-0.0,0.0,1.0,0.0,-0.0,1.0,-0.0,0.36815709445740813
1.0,1.0,0.0,0.0,1.0,1.0,0.0,0.0,1.0,0.0,0.0,0.0,0.0,0.0,1.0,0.0,7.148775814395968
0.0,1.0,1.0,0.0,1.0,1.0,1.0,-0.0,-0.0,1.0,-0.0,-0.0,-0.0,1.0,0.0,0.0,3.751558873497363
1.0,0.0,1.0,1.0,0.0,0.0,1.0,0.0,0.0,1.0,0.0,-0.0,-0.0,1.0,0.0,0.0,7.859588904082618
-0.0,1.0,0.0,1.0,-0.0,1.0,0.0,-0.0,1.0,-0.0,-0.0,-0.0,-0.0,-0.0,1.0,0.0,-1.0485088208575453
1.0,1.0,-1.0,-0.0,0.0,1.0,-0.0,0.0,1.0,0.0,0.0,0.0,0.0,0.0,-0.0,1.0,5.991633058382025
1.0,0.0,1.0,1.0,0.0,0.0,1.0,0.0,0.0,0.0,0.0,-0.0,0.0,0.0,0.0,0.0,7.467196682703441
1.0,1.0,1.0,0.0,0.0,1.0,-0.0,0.0,1.0,0.0,0.0,0.0,0.0,0.0,1.0,0.0,6.860293238618507
-0.0,1.0,-0.0,0.0,0.0,0.0,0.0,-0.0,1.0,0.0,0.0,0.0,-0.0,1.0,-0.0,0.0,0.5323967306754908
-0.0,-0.0,1.0,1.0,1.0,0.0,-0.0,1.0,0.0,0.0,0.0,0.0,-0.0,1.0,-0.0,-0.0,-1.6578826889296676
-0.0,-1.0,0.0,0.0,0.0,-0.0,-1.0,0.0,-0.0,-0.0,-0.0,2.0,-0.0,1.0,-0.0,-0.0,-6.080404266919189
1.0,0.0,1.0,0.0,1.0,1.0,0.0,-0.0,-0.0,1.0,-0.0,-0.0,-0.0,-0.0,1.0,0.0,8.065977077186794
1.0,0.0,1.0,1.0,-0.0,1.0,1.0,0.0,1.0,0.0,-0.0,0.0,0.0,0.0,0.0,1.0,7.828997300322744
0.0,-1.0,1.0,0.0,-0.0,-0.0,0.0,-0.0,-0.0,-0.0,1.0,-0.0,1.0,-0.0,-0.0,0.0,1.5957205326369432
1.0,0.0,0.0,0.0,1.0,1.0,-0.0,0.0,0.0,0.0,0.0,0.0,-0.0,0.0,1.0,0.0,8.620069354632617
1.0,0.0,0.0,1.0,0.0,0.0,1.0,0.0,1.0,0.0,0.0,0.0,1.0,0.0,0.0,0.0,9.882956030787687
0.0,1.0,0.0,0.0,1.0,0.0,0.0,0.0,0.0,0.0,1.0,0.0,-0.0,1.0,0.0,-0.0,3.0013027727824833
0.0,0.0,1.0,0.0,0.0,0.0,1.0,1.0,-0.0,-0.0,0.0,0.0,1.0,0.0,0.0,0.0,1.972751213784469
1.0,1.0,0.0,1.0,1.0,0.0,0.0,-0.0,-0.0,1.0,0.0,-0.0,-0.0,1.0,0.0,0.0,11.762230508089537
0.0,1.0,1.0,1.0,0.0,1.0,-0.0,0.0,0.0,0.0,0.0,1.0,-0.0,0.0,0.0,1.0,1.583294820652401
0.0,-0.0,1.0,0.0,1.0,1.0,-0.0,0.0,1.0,-0.0,0.0,-0.0,1.0,0.0,-0.0,0.0,3.0542582147421693
0.0,0.0,0.0,1.0,0.0,0.0,0.0,0.0,0.0,0.0,0.0,1.0,1.0,0.0,0.0,0.0,3.0612410239069456
-0.0,1.0,1.0,0.0,0.0,0.0,1.0,-0.0,-0.0,1.0,0.0,0.0,-0.0,-0.0,-0.0,1.0,2.0819804300770715
0.0,0.0,0.0,0.0,-0.0,1.0,0.0,-0.0,-0.0,0.0,-0.0,1.0,1.0,-0.0,0.0,0.0,2.0848591008635085
0.0,-0.0,1.0,-0.0,0.0,0.0,1.0,1.0,-0.0,0.0,0.0,-0.0,-0.0,-0.0,1.0,0.0,-0.5106142114840856
1.0,1.0,0.0,0.0,1.0,0.0,1.0,0.0,0.0,1.0,0.0,0.0,-0.0,0.0,0.0,1.0,12.725025099203437
0.0,0.0,1.0,1.0,0.0,0.0,-0.0,0.0,-0.0,-0.0,0.0,1.0,-0.0,1.0,-0.0,0.0,5.324979270142571
1.0,0.0,1.0,0.0,-0.0,0.0,1.0,1.0,-0.0,-0.0,-0.0,-0.0,-0.0,-0.0,-0.0,1.0,0.5582031060103989
0.0,0.0,1.0,-0.0,0.0,0.0,0.0,1.0,0.0,0.0,0.0,-0.0,1.0,-0.0,0.0,0.0,-0.10044805597972832
-0.0,0.0,1.0,1.0,1.0,1.0,0.0,0.0,0.0,0.0,0.0,1.0,1.0,-0.0,1.0,-0.0,0.725269927668665
1.0,1.0,1.0,-0.0,1.0,-0.0,-0.0,0.0,-0.0,0.0,1.0,0.0,0.0,0.0,1.0,0.0,25.298614633292768
0.0,1.0,-0.0,1.0,0.0,0.0,0.0,0.0,0.0,0.0,0.0,0.0,-0.0,0.0,1.0,-0.0,5.444618997974262
0.0,0.0,1.0,1.0,0.0,0.0,0.0,0.0,0.0,0.0,1.0,0.0,0.0,0.0,1.0,0.0,0.25686288309951094
0.0,1.0,1.0,0.0,0.0,0.0,1.0,0.0,1.0,0.0,0.0,0.0,-0.0,1.0,0.0,-0.0,-0.2351266498161432
1.0,-0.0,1.0,0.0,0.0,0.0,1.0,-0.0,-0.0,1.0,-0.0,-0.0,-0.0,0.0,1.0,-0.0,14.331101458378928
1.0,0.0,1.0,0.0,1.0,-0.0,-0.0,1.0,0.0,-0.0,0.0,-0.0,-0.0,0.0,1.0,-0.0,10.167274983704838
-0.0,-0.0,1.0,0.0,0.0,-0.0,-0.0,-0.0,-0.0,-0.0,-0.0,1.0,0.0,1.0,-0.0,-0.0,-4.665222482157471
0.0,0.0,1.0,1.0,0.0,0.0,0.0,0.0,1.0,0.0,0.0,0.0,-0.0,1.0,0.0,0.0,-0.44945092908421463
0.0,1.0,1.0,-0.0,0.0,0.0,-0.0,-0.0,0.0,-0.0,-0.0,1.0,-0.0,0.0,-0.0,1.0,3.772136722849731
1.0,0.0,0.0,0.0,0.0,0.0,1.0,0.0,-0.0,-0.0,0.0,1.0,1.0,-0.0,0.0,0.0,18.05694529212739
1.0,1.0,0.0,-0.0,1.0,1.0,0.0,-0.0,0.0,0.0,1.0,0.0,1.0,-0.0,0.0,0.0,17.130319593073185
1.0,1.0,-0.0,1.0,0.0,1.0,1.0,0.0,1.0,0.0,0.0,0.0,1.0,-0.0,0.0,-0.0,8.146367518513447
0.0,0.0,1.0,-0.0,0.0,0.0,0.0,0.0,0.0,-0.0,1.0,0.0,-0.0,0.0,-0.0,1.0,4.047284884825156
1.0,0.0,-0.0,-0.0,1.0,0.0,-0.0,-0.0,1.0,-0.0,-0.0,-0.0,-0.0,1.0,0.0,-0.0,6.662965322944325
-0.0,1.0,1.0,0.0,0.0,0.0,1.0,0.0,0.0,0.0,0.0,1.0,1.0,-0.0,0.0,-0.0,3.210424032403041
1.0,1.0,-0.0,1.0,0.0,0.0,0.0,-0.0,1.0,-0.0,-0.0,-0.0,-0.0,-0.0,1.0,-0.0,6.321392337971801
0.0,1.0,0.0,0.0,0.0,0.0,-0.0,-0.0,-0.0,-0.0,0.0,1.0,0.0,1.0,0.0,-0.0,7.239344065131749
1.0,0.0,1.0,-0.0,0.0,1.0,0.0,0.0,1.0,0.0,0.0,-0.0,-0.0,1.0,0.0,0.0,5.162308846193991
0.0,1.0,0.0,0.0,1.0,0.0,0.0,0.0,0.0,1.0,0.0,0.0,0.0,1.0,0.0,-0.0,5.567915058022949
0.0,1.0,0.0,-0.0,0.0,1.0,0.0,1.0,0.0,-0.0,0.0,0.0,0.0,0.0,-0.0,1.0,-0.8495780965438481
0.0,1.0,1.0,-0.0,0.0,1.0,1.0,0.0,-0.0,0.0,1.0,0.0,1.0,0.0,-0.0,0.0,8.377491928032377
1.0,1.0,-0.0,1.0,0.0,1.0,0.0,0.0,-0.0,-0.0,0.0,1.0,-0.0,0.0,-0.0,1.0,28.087091237668066
-0.0,1.0,1.0,0.0,-0.0,-0.0,1.0,1.0,0.0,0.0,-0.0,-0.0,0.0,1.0,0.0,-0.0,1.1389980983079704
1.0,1.0,1.0,0.0,1.0,-0.0,0.0,-0.0,-0.0,2.0,0.0,-0.0,-0.0,1.0,1.0,0.0,15.91550394116994
0.0,1.0,-1.0,0.0,-0.0,1.0,-0.0,-0.0,1.0,0.0,-0.0,0.0,-0.0,0.0,-0.0,1.0,1.8546273948906369
0.0,0.0,0.0,1.0,1.0,0.0,0.0,0.0,1.0,-0.0,-0.0,0.0,0.0,1.0,0.0,0.0,1.8896593916066429
0.0,-0.0,1.0,-0.0,0.0,0.0,0.0,0.0,0.0,0.0,0.0,0.0,-0.0,-0.0,1.0,-0.0,2.1854966636403232
-0.0,1.0,-1.0,1.0,-0.0,1.0,-0.0,-0.0,1.0,-0.0,-0.0,-0.0,0.0,-0.0,0.0,1.0,0.3266613597652678
-0.0,1.0,1.0,-0.0,1.0,0.0,0.0,1.0,-0.0,0.0,-0.0,-0.0,-0.0,0.0,1.0,0.0,0.3970568082936417
0.0,1.0,0.0,0.0,-0.0,0.0,1.0,0.0,1.0,0.0,0.0,0.0,1.0,-0.0,0.0,0.0,3.85710470595036
1.0,-0.0,0.0,1.0,-0.0,0.0,0.0,-0.0,-0.0,0.0,1.0,-0.0,0.0,-0.0,1.0,0.0,15.325680833424073
1.0,0.0,-0.0,0.0,1.0,1.0,0.0,-0.0,-0.0,0.0,0.0,1.0,0.0,1.0,-0.0,-0.0,24.21264498723776
-0.0,0.0,1.0,-0.0,0.0,0.0,0.0,1.0,-0.0,-0.0,0.0,-0.0,-0.0,1.0,-0.0,0.0,-0.14564091848102476
1.0,0.0,1.0,1.0,1.0,-0.0,1.0,0.0,-0.0,0.0,1.0,0.0,1.0,-0.0,0.0,-0.0,23.50868381176778
1.0,1.0,-0.0,-0.0,0.0,1.0,0.0,0.0,1.0,0.0,0.0,0.0,0.0,0.0,-0.0,1.0,7.1313714403409305
0.0,0.0,1.0,1.0,0.0,1.0,1.0,0.0,0.0,-0.0,1.0,0.0,-0.0,0.0,0.0,1.0,3.2581183700819922
0.0,-0.0,-0.0,-0.0,0.0,-0.0,1.0,0.0,1.0,0.0,0.0,0.0,1.0,0.0,0.0,0.0,3.165409841505904
0.0,0.0,1.0,0.0,1.0,1.0,0.0,0.0,0.0,0.0,1.0,0.0,-0.0,0.0,1.0,0.0,5.536957530163713
1.0,-0.0,1.0,0.0,0.0,1.0,1.0,1.0,-0.0,0.0,0.0,0.0,1.0,0.0,0.0,0.0,8.338949474247093
1.0,1.0,0.0,0.0,0.0,-0.0,-0.0,-0.0,-0.0,-0.0,2.0,-0.0,1.0,-0.0,-0.0,0.0,20.837530967275747
-0.0,1.0,-0.0,0.0,-0.0,1.0,-0.0,-0.0,1.0,0.0,-0.0,-0.0,-0.0,0.0,0.0,1.0,1.2123352653561175
0.0,0.0,1.0,0.0,1.0,0.0,0.0,0.0,0.0,0.0,1.0,0.0,0.0,0.0,1.0,0.0,9.887792744558906
1.0,0.0,-0.0,1.0,1.0,0.0,0.0,-0.0,-0.0,-0.0,1.0,-0.0,1.0,-0.0,-0.0,0.0,18.728017512059463
1.0,-0.0,1.0,-0.0,1.0,-0.0,0.0,0.0,-0.0,0.0,-0.0,1.0,-0.0,0.0,0.0,1.0,13.707759935833616
1.0,0.0,0.0,0.0,1.0,0.0,1.0,0.0,0.0,0.0,0.0,0.0,1.0,0.0,0.0,0.0,10.928867168680721
-0.0,-0.0,-0.0,0.0,-0.0,1.0,0.0,0.0,1.0,0.0,-0.0,0.0,1.0,-0.0,0.0,0.0,0.9062988771245347
-0.0,-0.0,1.0,-0.0,0.0,0.0,0.0,0.0,-0.0,-0.0,-0.0,1.0,-0.0,1.0,-0.0,0.0,-2.218619921135332
0.0,-0.0,1.0,-0.0,-0.0,-0.0,0.0,1.0,0.0,0.0,0.0,0.0,-0.0,-0.0,-0.0,1.0,-0.9247671362299836
1.0,1.0,1.0,1.0,1.0,1.0,0.0,0.0,-0.0,1.0,0.0,0.0,1.0,-0.0,1.0,-0.0,13.123546112930438
-0.0,-0.0,1.0,0.0,0.0,1.0,0.0,-0.0,-0.0,0.0,0.0,1.0,0.0,0.0,-0.0,1.0,2.6996510017152575
-0.0,0.0,0.0,0.0,0.0,0.0,1.0,-0.0,1.0,0.0,0.0,0.0,0.0,-0.0,1.0,-0.0,0.7208343341939638
0.0,1.0,0.0,0.0,0.0,1.0,1.0,0.0,0.0,0.0,0.0,1.0,1.0,-0.0,0.0,0.0,0.6137285975566625
0.0,1.0,0.0,1.0,1.0,1.0,1.0,-0.0,-0.0,1.0,0.0,0.0,0.0,1.0,0.0,0.0,2.2196542821030043
0.0,-0.0,1.0,0.0,-0.0,1.0,-0.0,-0.0,1.0,0.0,0.0,-0.0,1.0,0.0,0.0,0.0,1.282740531005599
1.0,0.0,1.0,0.0,0.0,0.0,0.0,0.0,0.0,1.0,0.0,0.0,1.0,-0.0,0.0,0.0,8.350775396491663
1.0,1.0,1.0,0.0,0.0,1.0,-0.0,0.0,0.0,0.0,0.0,0.0,-0.0,1.0,0.0,0.0,24.31226709609496
1.0,1.0,1.0,1.0,1.0,-0.0,1.0,1.0,-0.0,0.0,0.0,-0.0,0.0,-0.0,1.0,0.0,8.286195319629822
0.0,1.0,1.0,0.0,0.0,1.0,1.0,0.0,1.0,-0.0,-0.0,-0.0,-0.0,1.0,0.0,-0.0,1.2115547678683483
1.0,0.0,1.0,0.0,-0.0,1.0,1.0,0.0,1.0,0.0,-0.0,-0.0,1.0,-0.0,0.0,-0.0,10.21714305015528
0.0,1.0,0.0,1.0,1.0,0.0,0.0,-0.0,-0.0,0.0,0.0,1.0,-0.0,1.0,0.0,-0.0,15.429130892319117
-0.0,-0.0,1.0,-0.0,0.0,0.0,-0.0,-0.0,1.0,-0.0,0.0,-0.0,-0.0,0.0,1.0,-0.0,1.0890950538186197
0.0,-0.0,-0.0,0.0,0.0,1.0,1.0,0.0,-0.0,-0.0,-0.0,1.0,1.0,0.0,-0.0,-0.0,9.747955053602007
0.0,1.0,1.0,1.0,1.0,1.0,1.0,0.0,0.0,0.0,0.0,0.0,-0.0,0.0,0.0,1.0,1.5974787426676227
0.0,1.0,1.0,0.0,0.0,-0.0,1.0,1.0,-0.0,-0.0,-0.0,0.0,0.0,0.0,1.0,0.0,2.1227191556526854
0.0,0.0,1.0,0.0,-0.0,0.0,1.0,1.0,-0.0,-0.0,-0.0,-0.0,0.0,0.0,0.0,1.0,-0.44708325763128665
0.0,1.0,0.0,0.0,0.0,0.0,-0.0,0.0,-0.0,0.0,1.0,0.0,0.0,0.0,0.0,1.0,4.029204801960247
-0.0,1.0,1.0,0.0,0.0,1.0,-0.0,0.0,-0.0,1.0,-0.0,-0.0,-0.0,1.0,-0.0,0.0,0.519113620421169
0.0,-0.0,1.0,0.0,-0.0,0.0,1.0,0.0,-0.0,1.0,0.0,0.0,0.0,0.0,0.0,1.0,-0.6857599420586556
0.0,-0.0,-0.0,1.0,1.0,0.0,1.0,0.0,-0.0,0.0,0.0,1.0,1.0,0.0,-0.0,0.0,6.603984059329324
1.0,1.0,-0.0,0.0,0.0,0.0,0.0,0.0,1.0,0.0,-0.0,0.0,-0.0,-0.0,1.0,0.0,8.092962379687613
1.0,1.0,-0.0,1.0,1.0,1.0,-0.0,0.0,1.0,0.0,-0.0,0.0,-0.0,1.0,-0.0,0.0,6.133120025685016
1.0,-0.0,1.0,0.0,-0.0,1.0,1.0,-0.0,1.0,-0.0,-0.0,-0.0,0.0,0.0,0.0,1.0,6.183418591075883
0.0,1.0,1.0,1.0,-0.0,-0.0,1.0,1.0,-0.0,0.0,0.0,0.0,-0.0,1.0,-0.0,-0.0,1.0922603845414016
1.0,0.0,1.0,1.0,1.0,1.0,0.0,0.0,-0.0,-0.0,1.0,0.0,-0.0,0.0,1.0,0.0,19.86300237125861
0.0,1.0,0.0,0.0,-0.0,1.0,0.0,0.0,1.0,0.0,0.0,0.0,1.0,0.0,0.0,-0.0,6.836839190939832
-0.0,-0.0,1.0,-0.0,0.0,-0.0,1.0,0.0,0.0,0.0,-0.0,1.0,1.0,0.0,-0.0,-0.0,0.7181187730567455
0.0,1.0,0.0,0.0,1.0,1.0,0.0,-0.0,-0.0,1.0,0.0,0.0,1.0,0.0,0.0,0.0,4.083985792129469
0.0,0.0,-0.0,0.0,0.0,1.0,1.0,0.0,-0.0,0.0,-0.0,1.0,1.0,-0.0,0.0,-0.0,4.44365631262665
0.0,1.0,1.0,0.0,0.0,1.0,0.0,-0.0,1.0,0.0,0.0,0.0,-0.0,1.0,0.0,-0.0,2.6838423825164206
-0.0,0.0,1.0,0.0,-0.0,0.0,-0.0,-0.0,0.0,0.0,-0.0,1.0,-0.0,0.0,-0.0,1.0,1.5184435003703254
0.0,-0.0,1.0,-0.0,0.0,1.0,1.0,0.0,0.0,0.0,0.0,0.0,0.0,0.0,0.0,1.0,0.46595496405455383
-0.0,-0.0,0.0,0.0,1.0,0.0,1.0,1.0,-0.0,-0.0,0.0,0.0,1.0,0.0,-0.0,0.0,1.4813683789532701
0.0,0.0,-0.0,0.0,0.0,1.0,1.0,0.0,0.0,0.0,0.0,1.0,1.0,0.0,0.0,0.0,1.1304027361019862
0.0,0.0,1.0,1.0,0.0,-0.0,1.0,-0.0,0.0,0.0,1.0,0.0,-0.0,-0.0,-0.0,1.0,2.176372413124589
-0.0,0.0,-0.0,0.0,0.0,-0.0,1.0,-0.0,1.0,0.0,-0.0,-0.0,1.0,-0.0,0.0,0.0,1.3183129784184373
0.0,1.0,-0.0,0.0,0.0,1.0,0.0,0.0,0.0,1.0,0.0,0.0,-0.0,-0.0,0.0,1.0,2.776313554919949
1.0,1.0,1.0,0.0,1.0,0.0,0.0,0.0,0.0,0.0,1.0,0.0,-0.0,0.0,1.0,0.0,17.535671577825163
-0.0,0.0,1.0,0.0,0.0,0.0,1.0,1.0,-0.0,0.0,0.0,-0.0,-0.0,1.0,0.0,-0.0,-0.7152134869641942
1.0,1.0,-0.0,0.0,0.0,0.0,0.0,-0.0,-0.0,1.0,0.0,0.0,0.0,-0.0,1.0,-0.0,8.681776723700102
1.0,0.0,1.0,-0.0,0.0,1.0,1.0,0.0,-0.0,1.0,0.0,0.0,1.0,0.0,0.0,0.0,8.207480333638882
0.0,1.0,0.0,0.0,1.0,0.0,1.0,0.0,1.0,0.0,0.0,-0.0,0.0,0.0,0.0,1.0,3.0617477327949336
1.0,0.0,1.0,0.0,-0.0,1.0,1.0,0.0,-0.0,0.0,1.0,-0.0,1.0,0.0,-0.0,-0.0,14.643825196789654
1.0,1.0,1.0,1.0,1.0,0.0,0.0,0.0,0.0,1.0,0.0,0.0,0.0,-0.0,0.0,1.0,17.24020968341487
0.0,0.0,0.0,0.0,1.0,0.0,0.0,0.0,1.0,0.0,0.0,0.0,1.0,0.0,-0.0,0.0,2.6524153781099895
0.0,1.0,0.0,-0.0,0.0,-0.0,1.0,-0.0,1.0,0.0,0.0,0.0,0.0,0.0,1.0,0.0,1.1949143839937355
1.0,1.0,-0.0,1.0,1.0,0.0,0.0,0.0,-0.0,-0.0,-0.0,1.0,-0.0,-0.0,1.0,0.0,39.071739433921515
1.0,-0.0,0.0,1.0,0.0,0.0,1.0,0.0,1.0,0.0,0.0,0.0,-0.0,1.0,0.0,-0.0,1.3953186218259892
0.0,-0.0,0.0,1.0,1.0,-0.0,0.0,0.0,1.0,0.0,0.0,0.0,-0.0,1.0,0.0,-0.0,3.006782907943043
0.0,1.0,1.0,0.0,0.0,0.0,1.0,1.0,0.0,0.0,-0.0,-0.0,-0.0,1.0,0.0,0.0,0.25959329717736807
0.0,1.0,0.0,0.0,0.0,1.0,0.0,-0.0,0.0,1.0,0.0,0.0,0.0,0.0,0.0,1.0,3.469841239515503
-0.0,1.0,0.0,-0.0,0.0,1.0,-0.0,-0.0,1.0,-0.0,-0.0,0.0,-0.0,1.0,-0.0,-0.0,1.0217270600010262
0.0,0.0,0.0,1.0,0.0,-0.0,-0.0,0.0,-0.0,1.0,0.0,0.0,0.0,1.0,-0.0,-0.0,4.5172800668917255
0.0,1.0,0.0,1.0,-0.0,0.0,1.0,0.0,1.0,0.0,-0.0,0.0,0.0,-0.0,0.0,0.0,3.2472034766762157
0.0,0.0,1.0,0.0,-0.0,0.0,0.0,-0.0,-0.0,0.0,1.0,0.0,-0.0,-0.0,-0.0,1.0,3.316618812920964
0.0,0.0,1.0,-0.0,0.0,1.0,-0.0,-0.0,-0.0,1.0,0.0,-0.0,-0.0,1.0,-0.0,0.0,2.3876831089104082
1.0,1.0,-0.0,0.0,0.0,1.0,0.0,1.0,0.0,-0.0,0.0,-0.0,1.0,0.0,0.0,-0.0,9.277596565335038
-0.0,1.0,1.0,1.0,1.0,0.0,-0.0,1.0,-0.0,0.0,0.0,0.0,1.0,0.0,0.0,0.0,1.9879514623522914
0.0,1.0,0.0,0.0,-0.0,0.0,0.0,0.0,-0.0,1.0,0.0,0.0,0.0,-0.0,1.0,-0.0,4.111415846576174
0.0,1.0,0.0,0.0,0.0,1.0,0.0,-0.0,0.0,0.0,-0.0,1.0,-0.0,1.0,-0.0,0.0,5.703127212391568
0.0,1.0,-0.0,0.0,1.0,0.0,0.0,-0.0,-0.0,1.0,-0.0,-0.0,1.0,0.0,0.0,-0.0,3.532109129838528
0.0,-0.0,1.0,-0.0,0.0,0.0,1.0,0.0,0.0,0.0,0.0,0.0,-0.0,0.0,1.0,0.0,2.1704366181058017
0.0,0.0,1.0,-0.0,1.0,1.0,0.0,0.0,0.0,0.0,0.0,1.0,0.0,0.0,-0.0,1.0,3.4443143976142094
-0.0,0.0,0.0,1.0,-0.0,0.0,-0.0,-0.0,1.0,0.0,-0.0,0.0,0.0,0.0,0.0,1.0,-2.7918184978391882
-0.0,0.0,-0.0,-0.0,1.0,-1.0,-0.0,-0.0,1.0,0.0,-0.0,-0.0,-0.0,2.0,-0.0,-0.0,-5.580387310433484
-0.0,0.0,0.0,1.0,0.0,0.0,1.0,0.0,0.0,0.0,1.0,-0.0,-0.0,0.0,-0.0,1.0,0.4470111926904146
0.0,1.0,0.0,-0.0,0.0,1.0,0.0,-0.0,-0.0,1.0,0.0,0.0,-0.0,0.0,1.0,-0.0,1.116080210880607
1.0,0.0,1.0,0.0,0.0,0.0,1.0,-0.0,-0.0,1.0,-0.0,0.0,-0.0,1.0,-0.0,0.0,13.409855832569397
0.0,0.0,1.0,1.0,0.0,1.0,0.0,-0.0,1.0,-0.0,-0.0,0.0,-0.0,0.0,0.0,1.0,0.015092449987862876
1.0,0.0,1.0,1.0,0.0,1.0,0.0,0.0,-0.0,0.0,-0.0,1.0,0.0,1.0,0.0,-0.0,28.803390280068523
-0.0,0.0,1.0,-0.0,0.0,1.0,0.0,-0.0,-0.0,0.0,-0.0,1.0,-0.0,0.0,-0.0,1.0,-1.2424757905809474
1.0,1.0,0.0,0.0,1.0,1.0,0.0,0.0,-0.0,-0.0,0.0,1.0,-0.0,0.0,1.0,-0.0,18.882001165496632
1.0,-0.0,1.0,-0.0,0.0,-0.0,1.0,1.0,0.0,0.0,0.0,0.0,-0.0,-0.0,1.0,0.0,4.72637136611305
0.0,0.0,1.0,0.0,1.0,-0.0,1.0,0.0,-0.0,0.0,0.0,1.0,0.0,0.0,0.0,0.0,1.4137044171141335
0.0,0.0,0.0,0.0,1.0,1.0,0.0,0.0,1.0,0.0,0.0,0.0,1.0,-0.0,0.0,0.0,1.695468300644323
0.0,-0.0,-0.0,1.0,1.0,-0.0,-0.0,-0.0,1.0,0.0,-0.0,-0.0,-0.0,1.0,0.0,-0.0,0.9216180219368835
0.0,0.0,1.0,1.0,0.0,1.0,0.0,0.0,-0.0,1.0,0.0,-0.0,1.0,-0.0,-0.0,0.0,1.574559764449025
0.0,1.0,-0.0,0.0,0.0,0.0,1.0,0.0,1.0,-0.0,-0.0,-0.0,1.0,0.0,0.0,-0.0,-0.29362934695699894
-0.0,0.0,1.0,0.0,0.0,1.0,-0.0,-0.0,1.0,-0.0,-0.0,-0.0,-0.0,1.0,0.0,0.0,1.2356209675876488
0.0,1.0,0.0,1.0,1.0,-0.0,0.0,1.0,0.0,-0.0,-0.0,-0.0,0.0,1.0,-0.0,-0.0,0.9247377575860762
1.0,0.0,1.0,-0.0,-0.0,-0.0,1.0,0.0,1.0,0.0,0.0,-0.0,1.0,-0.0,0.0,-0.0,5.339832647097921
1.0,0.0,0.0,-0.0,1.0,0.0,0.0,-0.0,-0.0,1.0,-0.0,0.0,-0.0,1.0,-0.0,-0.0,6.771199737631349
0.0,1.0,1.0,-0.0,-0.0,0.0,1.0,-0.0,-0.0,-0.0,2.0,-0.0,1.0,-0.0,-0.0,0.0,9.644451473217073
-0.0,0.0,1.0,-0.0,-0.0,-0.0,0.0,1.0,-0.0,-0.0,-0.0,-0.0,-0.0,0.0,-0.0,1.0,0.7273834447640273
0.0,1.0,-0.0,0.0,1.0,0.0,0.0,-0.0,-0.0,1.0,-0.0,-0.0,-0.0,-0.0,1.0,-0.0,2.570726168020498
-0.0,0.0,1.0,-0.0,-0.0,0.0,-0.0,-0.0,-0.0,-0.0,-0.0,1.0,-0.0,0.0,0.0,1.0,1.3598991760635997
0.0,1.0,-1.0,-0.0,0.0,1.0,-0.0,0.0,1.0,-0.0,-0.0,-0.0,0.0,-0.0,-0.0,1.0,-1.4124562610645603
-0.0,1.0,1.0,1.0,0.0,0.0,1.0,0.0,-0.0,0.0,0.0,1.0,1.0,0.0,-0.0,-0.0,1.7400060339303662
-0.0,1.0,-0.0,1.0,1.0,1.0,1.0,-0.0,-0.0,1.0,0.0,-0.0,1.0,0.0,0.0,-0.0,1.7546395073729046
0.0,1.0,1.0,0.0,0.0,0.0,1.0,1.0,-0.0,0.0,0.0,0.0,0.0,1.0,0.0,-0.0,1.1357876088280932
0.0,0.0,1.0,-0.0,0.0,0.0,1.0,0.0,1.0,0.0,0.0,0.0,1.0,0.0,0.0,-0.0,-0.2799033936414509
1.0,1.0,0.0,0.0,1.0,0.0,0.0,0.0,-0.0,0.0,0.0,1.0,1.0,-0.0,0.0,0.0,19.73585392744843
-0.0,0.0,1.0,0.0,1.0,1.0,1.0,1.0,-0.0,0.0,0.0,0.0,-0.0,0.0,0.0,1.0,-0.12006809972921005
0.0,-0.0,1.0,-0.0,1.0,0.0,-1.0,0.0,-0.0,1.0,0.0,-0.0,-0.0,1.0,-0.0,-0.0,6.129954694962234
0.0,0.0,1.0,0.0,0.0,1.0,1.0,0.0,0.0,1.0,-0.0,-0.0,1.0,0.0,-0.0,0.0,5.879550913976112
-0.0,1.0,-1.0,1.0,-0.0,-0.0,-0.0,-0.0,1.0,-0.0,-0.0,-0.0,-0.0,-0.0,0.0,1.0,-0.5435281461412537
-1.0,1.0,-0.0,1.0,-0.0,-0.0,1.0,1.0,-0.0,0.0,-0.0,-0.0,-0.0,1.0,0.0,-0.0,-2.770116697199113
-0.0,-0.0,1.0,0.0,1.0,0.0,1.0,0.0,0.0,0.0,0.0,1.0,0.0,0.0,0.0,1.0,2.2427390605891984
0.0,1.0,1.0,0.0,-0.0,1.0,0.0,-0.0,0.0,1.0,-0.0,-0.0,-0.0,1.0,-0.0,-0.0,4.928244827018339
0.0,0.0,1.0,0.0,1.0,1.0,0.0,0.0,0.0,0.0,0.0,0.0,-0.0,0.0,1.0,-0.0,1.3534201670101866
1.0,0.0,0.0,0.0,1.0,1.0,1.0,0.0,0.0,1.0,0.0,0.0,1.0,0.0,0.0,0.0,8.288116275712643
0.0,1.0,0.0,1.0,-0.0,-0.0,-0.0,0.0,-0.0,0.0,0.0,1.0,0.0,1.0,-0.0,-0.0,13.2633058486738
0.0,-0.0,1.0,-0.0,-0.0,1.0,1.0,1.0,-0.0,-0.0,0.0,0.0,0.0,0.0,0.0,0.0,2.9587688957130585
1.0,0.0,1.0,0.0,0.0,0.0,1.0,-0.0,-0.0,-0.0,1.0,-0.0,0.0,-0.0,0.0,1.0,11.479210033057564
0.0,0.0,1.0,1.0,1.0,0.0,1.0,0.0,1.0,0.0,0.0,0.0,0.0,0.0,1.0,-0.0,3.029729083223079
1.0,0.0,1.0,1.0,0.0,1.0,1.0,0.0,-0.0,1.0,0.0,-0.0,0.0,1.0,-0.0,-0.0,8.965564534005619
-0.0,1.0,1.0,0.0,0.0,1.0,0.0,-0.0,0.0,0.0,-0.0,1.0,-0.0,0.0,-0.0,1.0,1.1999035176600792
0.0,1.0,1.0,1.0,1.0,1.0,0.0,0.0,1.0,-0.0,0.0,0.0,-0.0,-0.0,1.0,0.0,4.045589940686059
0.0,0.0,1.0,1.0,0.0,-0.0,1.0,1.0,-0.0,-0.0,0.0,0.0,0.0,0.0,0.0,1.0,0.7555356757271797
0.0,0.0,1.0,-0.0,0.0,1.0,1.0,0.0,0.0,0.0,1.0,0.0,-0.0,0.0,1.0,-0.0,-0.5499171649178461
0.0,0.0,1.0,1.0,1.0,1.0,0.0,-0.0,0.0,0.0,-0.0,1.0,1.0,-0.0,-0.0,-0.0,1.5788874423109573
0.0,0.0,0.0,0.0,0.0,-0.0,-0.0,0.0,1.0,0.0,0.0,-0.0,0.0,1.0,-0.0,0.0,3.0073573913263814
0.0,1.0,-0.0,-0.0,1.0,0.0,0.0,0.0,1.0,0.0,0.0,0.0,0.0,1.0,-0.0,0.0,2.2188639674941273
0.0,0.0,0.0,0.0,1.0,0.0,0.0,0.0,-0.0,0.0,1.0,0.0,0.0,0.0,1.0,-0.0,5.319770232963415
1.0,1.0,-0.0,0.0,0.0,-0.0,0.0,-0.0,-0.0,1.0,-0.0,-0.0,0.0,-0.0,1.0,-0.0,14.033236914476802
-0.0,0.0,-0.0,1.0,0.0,0.0,-0.0,0.0,1.0,-0.0,0.0,0.0,0.0,1.0,0.0,0.0,0.9601743651305502
0.0,1.0,0.0,1.0,0.0,-0.0,1.0,0.0,0.0,0.0,-0.0,1.0,-0.0,0.0,0.0,1.0,3.298086706168607
1.0,-0.0,1.0,1.0,1.0,0.0,0.0,0.0,1.0,-0.0,0.0,0.0,1.0,0.0,0.0,0.0,4.332389498308585
-0.0,-0.0,0.0,1.0,1.0,-0.0,1.0,1.0,-0.0,-0.0,-0.0,0.0,-0.0,0.0,0.0,1.0,1.0002058943893326
0.0,-0.0,1.0,-0.0,-0.0,1.0,1.0,0.0,-0.0,0.0,0.0,1.0,0.0,1.0,0.0,0.0,1.064798406271243
0.0,0.0,1.0,-0.0,0.0,-0.0,1.0,1.0,-0.0,0.0,0.0,0.0,1.0,-0.0,0.0,-0.0,1.262900056527542
-0.0,-0.0,0.0,-0.0,0.0,1.0,1.0,-0.0,-0.0,0.0,1.0,0.0,1.0,-0.0,0.0,-0.0,-0.9328518626995367
-0.0,0.0,0.0,0.0,0.0,1.0,-0.0,-0.0,1.0,-0.0,0.0,-0.0,-0.0,1.0,-0.0,-0.0,-0.12437195289260222
0.0,1.0,0.0,-0.0,0.0,1.0,0.0,0.0,0.0,0.0,0.0,1.0,1.0,0.0,-0.0,0.0,1.7558809732362415
-0.0,1.0,-0.0,1.0,1.0,1.0,0.0,-0.0,0.0,1.0,0.0,0.0,1.0,0.0,0.0,-0.0,-0.20422442507247993
0.0,0.0,1.0,0.0,-0.0,-0.0,0.0,-0.0,-0.0,-0.0,1.0,-0.0,0.0,-0.0,-0.0,1.0,4.575572823079708
1.0,0.0,-0.0,1.0,1.0,0.0,1.0,-0.0,0.0,0.0,0.0,1.0,-0.0,-0.0,1.0,0.0,26.843531055161506
1.0,0.0,1.0,0.0,1.0,0.0,0.0,0.0,0.0,0.0,1.0,0.0,-0.0,0.0,1.0,0.0,14.617588031636657
0.0,1.0,1.0,1.0,0.0,-0.0,-0.0,0.0,-0.0,-0.0,-0.0,1.0,1.0,-0.0,-0.0,-0.0,7.061282140552286
0.0,-0.0,-0.0,-0.0,1.0,1.0,1.0,0.0,1.0,0.0,-0.0,0.0,1.0,0.0,0.0,0.0,4.764991193356547
0.0,-0.0,-0.0,1.0,1.0,0.0,0.0,0.0,0.0,0.0,0.0,0.0,-0.0,0.0,1.0,0.0,-1.0088604501996252
0.0,-0.0,0.0,0.0,1.0,0.0,1.0,-0.0,0.0,1.0,-0.0,0.0,1.0,0.0,-0.0,-0.0,2.7760738717260907
1.0,-0.0,0.0,-0.0,1.0,-0.0,-0.0,-0.0,1.0,-0.0,-0.0,-0.0,1.0,-0.0,-0.0,0.0,4.481227816774676
0.0,0.0,-0.0,1.0,0.0,1.0,1.0,0.0,0.0,-0.0,1.0,-0.0,1.0,0.0,0.0,0.0,2.802390446480936
-0.0,0.0,1.0,-0.0,0.0,-0.0,0.0,1.0,0.0,-0.0,0.0,0.0,0.0,1.0,-0.0,-0.0,-0.5440031857237424
1.0,0.0,1.0,0.0,-0.0,1.0,0.0,0.0,0.0,0.0,0.0,0.0,1.0,0.0,0.0,-0.0,9.199623317383345
0.0,1.0,1.0,0.0,0.0,-0.0,1.0,0.0,-0.0,1.0,0.0,0.0,0.0,1.0,-0.0,-0.0,5.4253419535283705
-0.0,0.0,-0.0,1.0,0.0,0.0,0.0,0.0,0.0,-0.0,1.0,0.0,-0.0,1.0,0.0,0.0,-0.5438010984677552
0.0,0.0,0.0,0.0,0.0,0.0,1.0,-0.0,1.0,0.0,0.0,0.0,-0.0,0.0,1.0,0.0,1.4463691059742896
-0.0,-0.0,1.0,0.0,-0.0,0.0,-0.0,-0.0,-0.0,-0.0,0.0,1.0,0.0,0.0,-0.0,1.0,2.6058115407875633
1.0,1.0,-0.0,1.0,1.0,1.0,0.0,-0.0,-0.0,0.0,-0.0,1.0,1.0,0.0,-0.0,0.0,59.85344516021984
0.0,0.0,0.0,1.0,1.0,0.0,1.0,0.0,0.0,0.0,0.0,0.0,-0.0,0.0,1.0,-0.0,4.880743922984918
-0.0,0.0,1.0,-0.0,-0.0,0.0,1.0,0.0,-0.0,-0.0,0.0,1.0,0.0,0.0,-0.0,1.0,1.9067922313637835
-0.0,0.0,0.0,-0.0,-0.0,-0.0,0.0,-0.0,1.0,-0.0,-0.0,0.0,1.0,-0.0,0.0,-0.0,1.471718076184995
1.0,0.0,1.0,0.0,0.0,0.0,0.0,0.0,1.0,-0.0,0.0,0.0,0.0,0.0,0.0,1.0,11.913155292028383
-0.0,0.0,0.0,1.0,1.0,1.0,-0.0,1.0,-0.0,0.0,0.0,-0.0,1.0,-0.0,0.0,0.0,1.8087698042112264
0.0,-0.0,0.0,0.0,0.0,1.0,1.0,0.0,-0.0,0.0,-0.0,1.0,1.0,-0.0,-0.0,-0.0,10.161796012054928
1.0,-0.0,1.0,-0.0,0.0,1.0,1.0,0.0,0.0,1.0,-0.0,0.0,-0.0,-0.0,1.0,-0.0,5.354875094533865
0.0,0.0,1.0,0.0,-0.0,1.0,0.0,-0.0,1.0,-0.0,-0.0,0.0,1.0,0.0,0.0,0.0,3.599115417282865
0.0,0.0,-0.0,1.0,0.0,1.0,0.0,0.0,0.0,0.0,1.0,0.0,0.0,0.0,0.0,0.0,1.6921259708639402
0.0,0.0,0.0,0.0,-0.0,0.0,0.0,1.0,0.0,-0.0,0.0,-0.0,0.0,-0.0,0.0,1.0,0.8662070634702096
1.0,0.0,1.0,0.0,0.0,0.0,1.0,-0.0,1.0,0.0,-0.0,-0.0,0.0,0.0,0.0,1.0,5.11145063218057
1.0,0.0,0.0,1.0,-0.0,0.0,-0.0,-0.0,-0.0,0.0,0.0,1.0,1.0,0.0,0.0,-0.0,29.334195473613917
0.0,0.0,0.0,0.0,1.0,1.0,0.0,0.0,0.0,0.0,0.0,0.0,-0.0,0.0,1.0,0.0,2.457694017169023
1.0,-0.0,0.0,1.0,0.0,0.0,1.0,-0.0,-0.0,0.0,1.0,-0.0,1.0,0.0,0.0,0.0,12.77156087115285
1.0,0.0,-0.0,1.0,1.0,-0.0,0.0,0.0,0.0,-0.0,-0.0,1.0,0.0,1.0,-0.0,0.0,33.61279878335886
-0.0,-0.0,-0.0,1.0,1.0,-0.0,-0.0,-0.0,-0.0,-0.0,-0.0,1.0,0.0,1.0,0.0,-0.0,-2.831387749772922
-0.0,0.0,-0.0,1.0,-0.0,-0.0,0.0,-0.0,0.0,1.0,0.0,-0.0,-0.0,-0.0,1.0,-0.0,-0.2951277486955488
0.0,1.0,-0.0,0.0,1.0,0.0,0.0,-0.0,0.0,1.0,0.0,0.0,-0.0,-0.0,1.0,0.0,6.355956167090094
-0.0,1.0,0.0,1.0,0.0,1.0,1.0,0.0,1.0,0.0,0.0,0.0,-0.0,-0.0,0.0,1.0,0.8650719133924982
-0.0,1.0,0.0,0.0,0.0,1.0,0.0,0.0,1.0,0.0,-0.0,-0.0,-0.0,0.0,-0.0,1.0,3.008317869367792
1.0,0.0,-0.0,0.0,1.0,0.0,1.0,0.0,-0.0,1.0,-0.0,0.0,1.0,-0.0,0.0,-0.0,11.047416105278224
1.0,0.0,0.0,-0.0,1.0,1.0,1.0,0.0,1.0,0.0,0.0,0.0,1.0,-0.0,-0.0,-0.0,8.049040434412976
1.0,-0.0,1.0,-0.0,-0.0,1.0,1.0,0.0,0.0,1.0,0.0,0.0,1.0,0.0,0.0,0.0,10.481093585637025
1.0,0.0,1.0,1.0,1.0,0.0,0.0,0.0,0.0,1.0,0.0,0.0,1.0,-0.0,-0.0,0.0,7.499666192652093
1.0,1.0,-0.0,1.0,1.0,0.0,0.0,0.0,1.0,-0.0,-0.0,0.0,0.0,0.0,1.0,0.0,6.593528752630219
0.0,1.0,1.0,0.0,0.0,0.0,-0.0,1.0,0.0,0.0,0.0,0.0,1.0,0.0,-0.0,-0.0,2.2715166058072027
-0.0,-0.0,1.0,0.0,1.0,1.0,1.0,0.0,0.0,1.0,-0.0,0.0,0.0,0.0,-0.0,1.0,2.998684001187445
-0.0,0.0,-0.0,1.0,0.0,-0.0,-0.0,0.0,-0.0,0.0,1.0,-0.0,0.0,0.0,-0.0,0.0,2.4013819924234947
-0.0,-0.0,-0.0,-0.0,-1.0,-0.0,1.0,-0.0,2.0,-0.0,-0.0,-0.0,1.0,0.0,-0.0,-0.0,-4.54740510288103
0.0,0.0,1.0,1.0,1.0,1.0,1.0,0.0,-0.0,1.0,0.0,0.0,-0.0,0.0,0.0,1.0,0.896189496685498
0.0,1.0,0.0,0.0,0.0,0.0,1.0,1.0,0.0,0.0,0.0,0.0,1.0,0.0,-0.0,0.0,2.434747551011324
1.0,-0.0,0.0,1.0,1.0,-0.0,1.0,0.0,1.0,0.0,0.0,-0.0,0.0,0.0,0.0,1.0,6.222582359548161
-0.0,1.0,-0.0,1.0,-0.0,-0.0,1.0,0.0,0.0,1.0,0.0,-0.0,-0.0,0.0,0.0,1.0,-0.6529130910623903
-0.0,-0.0,1.0,1.0,1.0,0.0,-0.0,1.0,-0.0,-0.0,-0.0,0.0,1.0,0.0,-0.0,-0.0,1.0860995229312933
0.0,0.0,1.0,0.0,0.0,0.0,-0.0,1.0,-0.0,0.0,0.0,-0.0,-0.0,1.0,0.0,0.0,1.403046805000794
0.0,1.0,-0.0,0.0,1.0,1.0,-0.0,-0.0,1.0,0.0,-0.0,-0.0,-0.0,1.0,0.0,-0.0,0.08100499310799357
0.0,0.0,0.0,1.0,0.0,0.0,1.0,-0.0,-0.0,-0.0,1.0,-0.0,0.0,0.0,0.0,1.0,2.4321136537778387
0.0,1.0,0.0,1.0,0.0,0.0,1.0,0.0,0.0,0.0,0.0,1.0,0.0,1.0,0.0,0.0,2.4482352573414716
0.0,1.0,-0.0,1.0,1.0,1.0,1.0,0.0,0.0,1.0,0.0,0.0,1.0,-0.0,0.0,-0.0,3.1859367872673436
1.0,1.0,1.0,0.0,0.0,0.0,0.0,1.0,0.0,0.0,0.0,-0.0,0.0,0.0,1.0,-0.0,7.851356484479956
-0.0,1.0,1.0,0.0,-0.0,1.0,1.0,-0.0,1.0,-0.0,0.0,-0.0,-0.0,1.0,-0.0,0.0,-0.39471793372929626
-0.0,0.0,0.0,-0.0,0.0,1.0,0.0,-0.0,1.0,-0.0,0.0,-0.0,-0.0,0.0,0.0,1.0,-0.283239051415451
1.0,1.0,-0.0,-0.0,1.0,1.0,-0.0,-0.0,1.0,0.0,-0.0,-0.0,-0.0,1.0,-0.0,0.0,5.274261259162451
-0.0,1.0,1.0,-0.0,1.0,-0.0,0.0,1.0,-0.0,0.0,0.0,0.0,-0.0,0.0,1.0,-0.0,1.4786243845245473
0.0,1.0,-0.0,-0.0,0.0,1.0,0.0,0.0,1.0,0.0,0.0,0.0,0.0,0.0,-0.0,1.0,3.0449044617507623
-0.0,-0.0,0.0,0.0,1.0,0.0,0.0,1.0,0.0,0.0,0.0,0.0,1.0,0.0,0.0,0.0,3.4443795542105984
0.0,-0.0,1.0,1.0,1.0,0.0,0.0,-0.0,-0.0,0.0,1.0,-0.0,0.0,-0.0,1.0,0.0,1.4556902806675023
-0.0,0.0,-0.0,1.0,1.0,-0.0,1.0,1.0,-0.0,0.0,0.0,0.0,-0.0,1.0,0.0,0.0,-0.903869030571258
0.0,1.0,1.0,0.0,0.0,0.0,1.0,0.0,1.0,0.0,0.0,0.0,-0.0,1.0,-0.0,0.0,1.8058463382647718
-0.0,0.0,0.0,1.0,0.0,1.0,0.0,0.0,1.0,0.0,0.0,0.0,-0.0,1.0,0.0,0.0,0.20022629342224973
0.0,1.0,0.0,0.0,1.0,0.0,-0.0,1.0,0.0,0.0,0.0,-0.0,0.0,1.0,0.0,0.0,4.5466694732726936
-0.0,1.0,0.0,1.0,0.0,1.0,1.0,1.0,0.0,0.0,-0.0,0.0,0.0,0.0,1.0,0.0,0.8652822179424496
1.0,1.0,0.0,0.0,0.0,-0.0,1.0,0.0,-0.0,0.0,1.0,0.0,1.0,0.0,0.0,-0.0,24.28551798625605
0.0,0.0,0.0,0.0,1.0,0.0,0.0,-0.0,1.0,0.0,0.0,-0.0,0.0,1.0,-0.0,0.0,0.798169105676578
0.0,1.0,-0.0,0.0,0.0,1.0,-0.0,-0.0,1.0,-0.0,0.0,0.0,-0.0,-0.0,0.0,1.0,0.26546906231856743
-0.0,0.0,0.0,0.0,0.0,1.0,-0.0,0.0,-0.0,-0.0,-0.0,1.0,0.0,1.0,-0.0,-0.0,-3.1667542780617484
0.0,0.0,0.0,-0.0,1.0,0.0,1.0,0.0,0.0,0.0,0.0,1.0,0.0,0.0,1.0,-0.0,-0.6768774108804178
1.0,1.0,-0.0,0.0,1.0,0.0,-0.0,-0.0,1.0,-0.0,0.0,0.0,-0.0,1.0,-0.0,0.0,3.4613345222771508
1.0,1.0,0.0,0.0,1.0,-0.0,0.0,-0.0,1.0,-0.0,0.0,0.0,-0.0,0.0,1.0,0.0,8.204011908391827
1.0,0.0,1.0,-0.0,0.0,0.0,0.0,0.0,0.0,0.0,0.0,1.0,1.0,0.0,0.0,0.0,8.154488241093727
1.0,-0.0,1.0,0.0,-0.0,0.0,0.0,-0.0,0.0,-0.0,0.0,1.0,1.0,0.0,0.0,0.0,17.03803923641622
-0.0,-0.0,1.0,0.0,0.0,1.0,-0.0,-0.0,0.0,0.0,-0.0,1.0,1.0,0.0,0.0,0.0,0.27391513156429903
-0.0,1.0,1.0,-0.0,1.0,1.0,-0.0,-0.0,-0.0,1.0,-0.0,-0.0,-0.0,1.0,0.0,-0.0,1.8909523428162336
0.0,-0.0,1.0,-0.0,0.0,0.0,0.0,1.0,0.0,0.0,0.0,-0.0,-0.0,1.0,-0.0,-0.0,1.7699289099442679
0.0,-0.0,1.0,1.0,-0.0,0.0,-0.0,-0.0,1.0,0.0,0.0,0.0,1.0,0.0,-0.0,0.0,2.6767979072872046
0.0,1.0,-0.0,1.0,0.0,-0.0,1.0,-0.0,-0.0,1.0,-0.0,-0.0,-0.0,-0.0,1.0,0.0,4.824600461844779
1.0,-0.0,1.0,0.0,-0.0,1.0,-0.0,0.0,1.0,0.0,0.0,0.0,0.0,0.0,1.0,-0.0,7.817877629042602
-0.0,-0.0,1.0,1.0,1.0,-0.0,0.0,-0.0,-0.0,-0.0,2.0,-0.0,0.0,-0.0,-0.0,1.0,2.0054753871265962
1.0,0.0,-0.0,1.0,1.0,0.0,1.0,-0.0,-0.0,1.0,-0.0,-0.0,-0.0,-0.0,1.0,0.0,8.841661121397735
0.0,0.0,1.0,1.0,1.0,-0.0,0.0,0.0,-0.0,0.0,1.0,-0.0,0.0,0.0,-0.0,1.0,5.736158697984073
-0.0,1.0,-0.0,1.0,1.0,-0.0,1.0,-0.0,-0.0,1.0,-0.0,-0.0,0.0,-0.0,1.0,0.0,0.6943009828611773
-0.0,1.0,-0.0,1.0,-0.0,-0.0,0.0,-0.0,0.0,0.0,1.0,-0.0,0.0,-0.0,1.0,-0.0,0.8769032895932394
1.0,0.0,1.0,-0.0,1.0,0.0,0.0,-0.0,0.0,0.0,1.0,0.0,0.0,0.0,0.0,0.0,15.100365832579595
-0.0,-0.0,0.0,1.0,-0.0,-0.0,1.0,-0.0,-0.0,-0.0,1.0,0.0,0.0,0.0,-0.0,1.0,-0.3747475823749551
1.0,-0.0,1.0,1.0,0.0,0.0,1.0,0.0,0.0,0.0,1.0,0.0,0.0,1.0,0.0,0.0,17.168130198659743
1.0,0.0,1.0,0.0,-0.0,1.0,0.0,0.0,-0.0,1.0,0.0,0.0,-0.0,1.0,-0.0,-0.0,5.707642797223443
-0.0,0.0,1.0,0.0,-0.0,1.0,-0.0,-0.0,-0.0,0.0,0.0,1.0,-0.0,-0.0,-0.0,1.0,0.9296761331003224
1.0,0.0,1.0,1.0,0.0,-0.0,1.0,0.0,0.0,0.0,1.0,0.0,0.0,0.0,0.0,0.0,15.904926465852604
-0.0,0.0,-0.0,1.0,0.0,0.0,1.0,0.0,-0.0,-0.0,1.0,-0.0,1.0,0.0,0.0,0.0,1.537563616317325
0.0,1.0,1.0,1.0,1.0,1.0,0.0,0.0,0.0,0.0,1.0,0.0,0.0,0.0,1.0,0.0,2.6378319356253925
-0.0,0.0,1.0,1.0,1.0,0.0,-0.0,1.0,-0.0,-0.0,0.0,-0.0,0.0,-0.0,1.0,0.0,2.0377001235222965
0.0,-0.0,1.0,-0.0,1.0,0.0,0.0,0.0,1.0,0.0,0.0,0.0,0.0,0.0,1.0,-0.0,3.9121090901643445
0.0,0.0,0.0,1.0,1.0,0.0,1.0,0.0,-0.0,0.0,0.0,1.0,-0.0,0.0,0.0,1.0,21.971979448065333
1.0,1.0,1.0,0.0,-0.0,0.0,0.0,0.0,0.0,1.0,0.0,0.0,-0.0,1.0,-0.0,0.0,15.650300304718357
-0.0,-0.0,-0.0,1.0,1.0,0.0,0.0,0.0,0.0,0.0,0.0,0.0,0.0,0.0,1.0,0.0,0.3198400240628589
1.0,-0.0,1.0,0.0,0.0,1.0,1.0,0.0,1.0,0.0,-0.0,0.0,0.0,1.0,-0.0,-0.0,10.576054670831127
0.0,1.0,0.0,1.0,0.0,-0.0,0.0,0.0,0.0,1.0,0.0,-0.0,0.0,0.0,1.0,-0.0,5.436765882843434
-0.0,1.0,1.0,0.0,-0.0,-0.0,0.0,-0.0,-0.0,-0.0,-0.0,1.0,1.0,0.0,0.0,0.0,-0.04685605098058773
0.0,0.0,1.0,0.0,0.0,0.0,1.0,0.0,1.0,0.0,0.0,-0.0,1.0,0.0,-0.0,-0.0,2.931239942861121
0.0,1.0,0.0,1.0,0.0,0.0,1.0,0.0,0.0,1.0,0.0,0.0,1.0,0.0,0.0,0.0,5.851015233534435
0.0,0.0,1.0,0.0,-0.0,1.0,1.0,0.0,1.0,0.0,0.0,-0.0,1.0,0.0,0.0,-0.0,1.5510151083784975
1.0,1.0,-0.0,1.0,0.0,1.0,0.0,1.0,-0.0,-0.0,0.0,-0.0,-0.0,-0.0,-0.0,1.0,3.723955455963838
0.0,1.0,1.0,0.0,1.0,0.0,0.0,0.0,0.0,0.0,0.0,0.0,0.0,0.0,1.0,0.0,4.124605694179972
0.0,-0.0,1.0,0.0,-0.0,1.0,-0.0,0.0,1.0,-0.0,0.0,0.0,1.0,0.0,0.0,0.0,1.1611497412530245
0.0,-0.0,0.0,1.0,1.0,0.0,0.0,0.0,1.0,0.0,0.0,0.0,-0.0,1.0,0.0,-0.0,0.9722529146249584
0.0,-0.0,1.0,1.0,1.0,0.0,1.0,1.0,-0.0,0.0,-0.0,0.0,0.0,0.0,0.0,1.0,2.6674031405453924
0.0,0.0,-0.0,0.0,1.0,0.0,1.0,-0.0,-0.0,1.0,-0.0,0.0,0.0,-0.0,1.0,-0.0,1.6811335585611207
1.0,-0.0,1.0,-0.0,0.0,0.0,-0.0,0.0,0.0,-0.0,0.0,1.0,-0.0,-0.0,1.0,0.0,14.256064329552007
-0.0,0.0,-0.0,0.0,0.0,0.0,-0.0,-0.0,1.0,-0.0,-0.0,-0.0,-0.0,1.0,0.0,0.0,-1.6688006365509
-0.0,1.0,1.0,0.0,0.0,1.0,-0.0,0.0,1.0,0.0,0.0,-0.0,-0.0,1.0,-0.0,0.0,0.5741050242194665
-0.0,-0.0,-0.0,-0.0,-0.0,1.0,1.0,-0.0,-0.0,0.0,0.0,1.0,1.0,-0.0,0.0,0.0,-1.9602212221579383
-0.0,1.0,1.0,1.0,1.0,-0.0,1.0,0.0,-0.0,-0.0,-0.0,1.0,1.0,0.0,0.0,-0.0,-0.16569515168127494
0.0,1.0,1.0,-0.0,0.0,1.0,0.0,1.0,-0.0,0.0,0.0,-0.0,0.0,1.0,-0.0,-0.0,2.0504604902574877
1.0,1.0,0.0,-0.0,1.0,0.0,-0.0,-0.0,-0.0,1.0,0.0,-0.0,-0.0,1.0,-0.0,0.0,10.135294729984427
-0.0,0.0,-0.0,1.0,1.0,-0.0,1.0,1.0,0.0,0.0,-0.0,-0.0,0.0,1.0,-0.0,-0.0,0.1914349887508977
1.0,0.0,0.0,1.0,0.0,1.0,1.0,-0.0,-0.0,1.0,0.0,1.0,1.0,0.0,0.0,0.0,24.291780000573276
-0.0,0.0,1.0,1.0,1.0,1.0,-0.0,-0.0,1.0,0.0,-0.0,-0.0,0.0,1.0,0.0,-0.0,1.0539213996810006
1.0,0.0,1.0,0.0,1.0,0.0,1.0,0.0,1.0,0.0,0.0,-0.0,0.0,-0.0,1.0,-0.0,7.023514584859767
-0.0,0.0,1.0,0.0,0.0,-0.0,1.0,0.0,-0.0,0.0,0.0,1.0,1.0,-0.0,-0.0,1.0,0.8192280666826385
-0.0,-0.0,1.0,0.0,0.0,0.0,1.0,1.0,-0.0,-0.0,-0.0,0.0,-0.0,-0.0,-0.0,1.0,1.726490694222286
0.0,0.0,1.0,0.0,0.0,0.0,1.0,1.0,0.0,-0.0,0.0,0.0,1.0,-0.0,0.0,0.0,-0.29027052804912623
