Smoother_GS,CGS,Smoother_JAC,Smoother,Smoother_GSRB,Smoother_GSRBAC,CGS_IP_CG,Smoother_GSACBE,CGS_IP_AMG,CGS_RED_AMG,Smoother_GSAC,numCore,post,pre,performance
-0.0,1.0,-0.0,1.0,1.0,-0.0,0.0,-0.0,0.0,0.0,-0.0,1598.0,-2.0,2.0,116.84911842737348
-0.0,1.0,0.0,1.0,-0.0,1.0,1.0,0.0,0.0,0.0,0.0,3523.0,1.0,1.0,-51.24989776029252
1.0,1.0,-0.0,1.0,0.0,-0.0,0.0,0.0,1.0,-0.0,-0.0,2486.0,3.0,-0.0,233.18531147670004
-0.0,1.0,-0.0,1.0,0.0,1.0,-0.0,-0.0,1.0,-0.0,-0.0,327.0,-1.0,4.0,191.6666105659679
0.0,1.0,0.0,1.0,-0.0,1.0,0.0,0.0,-0.0,1.0,0.0,4297.0,0.0,4.0,125.27665519285948
-0.0,1.0,-0.0,1.0,-0.0,0.0,-0.0,1.0,-0.0,1.0,0.0,-100.0,3.0,3.0,2024.8047307223082
-0.0,1.0,1.0,1.0,0.0,0.0,1.0,-0.0,-0.0,-0.0,-0.0,817.0,2.0,3.0,309.7869452983141
-0.0,1.0,-0.0,1.0,-0.0,-0.0,1.0,1.0,0.0,-0.0,-0.0,2839.0,2.0,2.0,1681.4090604901314
-0.0,1.0,-0.0,1.0,-0.0,-0.0,1.0,1.0,0.0,0.0,-0.0,214.0,2.0,3.0,2102.930431848765
-0.0,1.0,1.0,1.0,-0.0,0.0,1.0,-0.0,0.0,-0.0,0.0,1275.0,1.0,6.0,310.3286822918803
-0.0,1.0,0.0,1.0,-0.0,-0.0,1.0,1.0,0.0,-0.0,0.0,147.0,4.0,3.0,2518.952207967639
-0.0,1.0,1.0,1.0,-0.0,-0.0,1.0,0.0,0.0,0.0,-0.0,344.0,-1.0,4.0,181.36802226416768
-0.0,1.0,-0.0,1.0,-0.0,1.0,-0.0,-0.0,0.0,1.0,-0.0,572.0,2.0,2.0,174.13355500567707
-0.0,1.0,-0.0,1.0,1.0,-0.0,0.0,-0.0,0.0,1.0,-0.0,-24.0,-1.0,2.0,175.41700682900847
-0.0,1.0,-0.0,1.0,-0.0,-0.0,-0.0,1.0,0.0,1.0,-0.0,2062.0,1.0,6.0,2662.5782587468625
-0.0,1.0,-0.0,1.0,0.0,-0.0,0.0,-0.0,-0.0,1.0,1.0,105.0,0.0,-0.0,-105.21785777658225
-0.0,1.0,0.0,1.0,1.0,-0.0,1.0,0.0,-0.0,-0.0,0.0,-37.0,1.0,2.0,124.25954292276876
-0.0,1.0,-0.0,1.0,1.0,0.0,0.0,0.0,1.0,0.0,-0.0,2719.0,0.0,0.0,67.13914336920716
1.0,1.0,0.0,1.0,-0.0,-0.0,-0.0,-0.0,-0.0,1.0,-0.0,5401.0,-4.0,6.0,-42.961271801125264
0.0,1.0,0.0,1.0,-0.0,0.0,0.0,1.0,1.0,-0.0,-0.0,2623.0,5.0,6.0,3026.4640816509727
-0.0,1.0,-0.0,1.0,1.0,0.0,0.0,-0.0,1.0,-0.0,0.0,4517.0,1.0,2.0,394.3736225407571
0.0,1.0,0.0,1.0,-0.0,1.0,1.0,-0.0,-0.0,-0.0,-0.0,1204.0,3.0,4.0,286.4328295942396
1.0,1.0,-0.0,1.0,-0.0,0.0,1.0,-0.0,-0.0,-0.0,-0.0,737.0,3.0,5.0,318.0153395842761
0.0,1.0,-0.0,1.0,-0.0,0.0,0.0,0.0,0.0,1.0,0.0,-357.0,0.0,3.0,332.1666747692973
-0.0,1.0,-0.0,1.0,-0.0,-0.0,0.0,-0.0,-0.0,1.0,1.0,63.0,-2.0,6.0,112.90873280121015
-0.0,1.0,-0.0,1.0,2.0,-0.0,-0.0,-0.0,-0.0,1.0,-0.0,-582.0,3.0,4.0,53.71943321567961
-0.0,1.0,-0.0,1.0,-0.0,1.0,0.0,-0.0,-0.0,1.0,-0.0,379.0,4.0,0.0,40.807189957611264
-0.0,1.0,1.0,1.0,-0.0,-0.0,1.0,-0.0,-0.0,-0.0,-0.0,799.0,-0.0,1.0,54.934799375105655
-0.0,1.0,-0.0,1.0,-0.0,-0.0,1.0,-0.0,-0.0,-0.0,1.0,-358.0,5.0,2.0,169.9679424783215
-0.0,1.0,0.0,1.0,-0.0,-0.0,-0.0,0.0,1.0,-0.0,1.0,1101.0,4.0,0.0,329.82027252577245
0.0,1.0,0.0,1.0,-0.0,-0.0,0.0,1.0,0.0,1.0,0.0,382.0,-2.0,3.0,737.4568038582803
-0.0,1.0,-0.0,1.0,1.0,-0.0,0.0,-0.0,1.0,-0.0,-0.0,616.0,4.0,3.0,316.00078687481584
0.0,1.0,0.0,1.0,-0.0,-0.0,1.0,-0.0,-0.0,0.0,1.0,3695.0,-1.0,5.0,179.1191438175738
0.0,1.0,-0.0,1.0,1.0,0.0,0.0,0.0,-0.0,1.0,0.0,-4.0,4.0,-1.0,53.919660839904104
1.0,1.0,0.0,1.0,-0.0,0.0,-0.0,-0.0,-0.0,1.0,0.0,5230.0,-0.0,2.0,152.9692531174049
-0.0,1.0,0.0,1.0,0.0,-0.0,1.0,0.0,0.0,0.0,1.0,885.0,1.0,1.0,271.934018791467
-0.0,1.0,-0.0,1.0,1.0,-0.0,-0.0,-0.0,-0.0,1.0,-0.0,2164.0,1.0,8.0,336.670262779668
1.0,1.0,0.0,1.0,-0.0,0.0,1.0,0.0,-0.0,-0.0,0.0,4656.0,2.0,2.0,541.7396798111499
-0.0,1.0,-0.0,1.0,1.0,-0.0,-0.0,-0.0,-0.0,1.0,-0.0,-477.0,3.0,0.0,83.92591011244804
-0.0,1.0,0.0,1.0,1.0,0.0,1.0,-0.0,-0.0,-0.0,-0.0,177.0,-2.0,3.0,-13.78775642940309
0.0,1.0,0.0,1.0,0.0,0.0,-0.0,0.0,1.0,0.0,0.0,3106.0,1.0,4.0,243.9471951423213
0.0,1.0,1.0,1.0,-0.0,-0.0,1.0,-0.0,-0.0,-0.0,-0.0,899.0,0.0,-1.0,-152.6790731398389
0.0,1.0,1.0,1.0,0.0,0.0,0.0,0.0,-0.0,1.0,0.0,1602.0,3.0,7.0,367.5241451945156
0.0,1.0,-0.0,1.0,-0.0,-0.0,-0.0,1.0,1.0,-0.0,0.0,67.0,1.0,-1.0,221.3094223564491
0.0,1.0,1.0,1.0,-0.0,0.0,-0.0,-0.0,-0.0,1.0,-0.0,60.0,1.0,3.0,71.15359319234267
1.0,1.0,-0.0,1.0,0.0,0.0,0.0,0.0,-0.0,1.0,0.0,1629.0,-0.0,3.0,85.01524797584862
-0.0,1.0,0.0,1.0,0.0,-0.0,0.0,0.0,-0.0,1.0,1.0,489.0,4.0,-3.0,-45.731408718088645
0.0,1.0,-0.0,1.0,-0.0,-0.0,-0.0,1.0,0.0,1.0,-0.0,367.0,-6.0,2.0,-293.0948482166976
0.0,1.0,0.0,1.0,0.0,0.0,1.0,0.0,-0.0,0.0,1.0,374.0,6.0,5.0,480.88859782107176
-0.0,1.0,0.0,1.0,-0.0,-0.0,1.0,-0.0,-0.0,0.0,1.0,-211.0,-0.0,3.0,-40.96290207980201
-0.0,1.0,-0.0,1.0,-0.0,1.0,-0.0,-0.0,1.0,-0.0,-0.0,559.0,6.0,5.0,289.4145942971111
-0.0,1.0,-0.0,1.0,-0.0,-0.0,-0.0,1.0,1.0,-0.0,0.0,118.0,9.0,-0.0,2961.7575501531364
-0.0,1.0,1.0,1.0,0.0,0.0,1.0,-0.0,-0.0,0.0,-0.0,95.0,-0.0,1.0,70.43249201700092
-0.0,1.0,-0.0,1.0,-0.0,-0.0,0.0,1.0,1.0,-0.0,-0.0,811.0,-1.0,1.0,603.1716131426394
0.0,1.0,-0.0,1.0,0.0,-0.0,-0.0,0.0,1.0,0.0,1.0,2435.0,2.0,4.0,270.6403461335227
-0.0,1.0,0.0,1.0,0.0,0.0,1.0,0.0,-0.0,-0.0,1.0,4100.0,-1.0,3.0,156.33667415194213
0.0,1.0,1.0,1.0,-0.0,-0.0,1.0,-0.0,-0.0,-0.0,-0.0,735.0,-2.0,5.0,164.34071784224363
-0.0,1.0,-0.0,1.0,-0.0,-0.0,-0.0,1.0,-0.0,1.0,-0.0,1488.0,6.0,2.0,3754.346846276522
-0.0,1.0,0.0,1.0,0.0,-0.0,0.0,0.0,1.0,0.0,1.0,2143.0,-0.0,2.0,-122.74477100837977
0.0,1.0,0.0,1.0,-0.0,0.0,1.0,1.0,-0.0,-0.0,0.0,2338.0,-0.0,1.0,511.50274924971166
0.0,1.0,0.0,1.0,1.0,-0.0,1.0,0.0,-0.0,-0.0,-0.0,858.0,-0.0,3.0,181.62337933406235
-0.0,1.0,0.0,1.0,-0.0,0.0,-0.0,0.0,-0.0,1.0,1.0,-89.0,7.0,1.0,747.8374372892082
0.0,1.0,-0.0,1.0,1.0,-0.0,-0.0,-0.0,1.0,-0.0,-0.0,354.0,-2.0,2.0,-64.17272629779764
-0.0,1.0,-0.0,1.0,-0.0,-0.0,-0.0,0.0,-0.0,1.0,1.0,295.0,5.0,-2.0,17.24071143565234
-0.0,1.0,0.0,1.0,1.0,-0.0,0.0,0.0,1.0,-0.0,-0.0,558.0,-0.0,-0.0,-67.8907719171606
-0.0,1.0,-0.0,1.0,-0.0,-0.0,0.0,-0.0,-0.0,1.0,1.0,1775.0,-1.0,5.0,79.73921711370349
0.0,1.0,-0.0,1.0,0.0,1.0,1.0,0.0,-0.0,-0.0,0.0,1282.0,-3.0,3.0,-53.04829374030233
-0.0,1.0,-0.0,1.0,1.0,-0.0,-0.0,-0.0,1.0,-0.0,-0.0,164.0,-2.0,2.0,110.47916342988611
-0.0,1.0,-0.0,1.0,1.0,-0.0,1.0,-0.0,-0.0,-0.0,-0.0,-215.0,2.0,-3.0,87.79065501065925
-0.0,1.0,-0.0,1.0,-0.0,-0.0,-0.0,-0.0,-0.0,1.0,1.0,55.0,2.0,3.0,2.33793504369678
-0.0,1.0,0.0,1.0,0.0,1.0,-0.0,0.0,-0.0,1.0,-0.0,4128.0,4.0,3.0,415.50414981208746
0.0,1.0,0.0,1.0,0.0,0.0,0.0,0.0,1.0,-0.0,1.0,729.0,0.0,2.0,278.33029571399095
-0.0,1.0,0.0,1.0,0.0,-0.0,0.0,1.0,1.0,-0.0,-0.0,2941.0,-0.0,5.0,1353.2146541267634
-0.0,1.0,-0.0,1.0,-0.0,-0.0,-0.0,1.0,-0.0,1.0,-0.0,777.0,7.0,3.0,3309.591945406795
-0.0,1.0,0.0,1.0,0.0,1.0,0.0,0.0,1.0,0.0,0.0,512.0,2.0,-0.0,252.57233471032234
-0.0,1.0,0.0,1.0,0.0,-0.0,0.0,0.0,1.0,-0.0,1.0,470.0,2.0,2.0,163.7150029335171
0.0,1.0,1.0,1.0,0.0,-0.0,0.0,-0.0,1.0,-0.0,0.0,1383.0,10.0,7.0,541.8133549939841
-0.0,1.0,-0.0,1.0,-0.0,-0.0,0.0,1.0,1.0,-0.0,0.0,2702.0,9.0,3.0,4431.763846892119
0.0,1.0,1.0,1.0,0.0,0.0,0.0,0.0,1.0,-0.0,0.0,2029.0,-1.0,1.0,228.90641803238543
-0.0,1.0,0.0,1.0,1.0,-0.0,1.0,0.0,-0.0,-0.0,-0.0,4233.0,4.0,1.0,275.3922643899918
1.0,1.0,0.0,1.0,-0.0,0.0,-0.0,0.0,-0.0,1.0,0.0,1680.0,5.0,-4.0,-122.59830513801427
-0.0,1.0,-0.0,1.0,-0.0,-0.0,1.0,1.0,-0.0,-0.0,-0.0,5105.0,4.0,7.0,4332.588205844164
0.0,1.0,0.0,1.0,0.0,1.0,1.0,0.0,-0.0,-0.0,0.0,1843.0,7.0,3.0,480.14588383920494
0.0,1.0,-0.0,1.0,1.0,0.0,-0.0,-0.0,1.0,0.0,0.0,3227.0,5.0,4.0,557.3192455969752
0.0,1.0,-0.0,1.0,-0.0,1.0,0.0,-0.0,1.0,-0.0,-0.0,1018.0,6.0,3.0,455.3071591485292
-0.0,1.0,-0.0,1.0,-0.0,-0.0,0.0,1.0,-0.0,1.0,-0.0,1638.0,5.0,1.0,2104.0586547464136
1.0,1.0,-0.0,1.0,-0.0,-0.0,0.0,0.0,0.0,1.0,-0.0,1365.0,3.0,5.0,330.70719200111927
0.0,1.0,-0.0,1.0,-0.0,-0.0,1.0,-0.0,-0.0,-0.0,1.0,917.0,-1.0,3.0,-266.7320070825517
-0.0,1.0,-0.0,1.0,-0.0,1.0,-0.0,-0.0,-0.0,1.0,0.0,503.0,2.0,-1.0,-166.11889737173917
0.0,1.0,0.0,1.0,1.0,0.0,-0.0,0.0,-0.0,1.0,0.0,2486.0,4.0,2.0,376.58196676112715
0.0,1.0,0.0,1.0,-0.0,0.0,1.0,-0.0,-0.0,0.0,0.0,-42.0,3.0,2.0,214.36004103776068
-0.0,1.0,-0.0,1.0,-0.0,0.0,1.0,-0.0,0.0,0.0,1.0,2146.0,5.0,2.0,388.6143132727594
0.0,1.0,0.0,1.0,0.0,0.0,0.0,0.0,-0.0,1.0,1.0,-252.0,2.0,2.0,347.57500881627203
0.0,1.0,-0.0,1.0,1.0,-0.0,0.0,-0.0,1.0,-0.0,-0.0,3657.0,-2.0,5.0,-7.405303840874695
-0.0,1.0,-0.0,1.0,0.0,0.0,0.0,1.0,1.0,0.0,0.0,-195.0,7.0,2.0,1875.4354881450536
-0.0,1.0,0.0,1.0,0.0,1.0,-0.0,-0.0,-0.0,1.0,0.0,4503.0,1.0,3.0,288.2045392043889
-0.0,1.0,1.0,1.0,-0.0,0.0,1.0,-0.0,-0.0,0.0,-0.0,-750.0,1.0,-0.0,-59.45632707956248
-0.0,1.0,1.0,1.0,-0.0,-0.0,1.0,-0.0,0.0,0.0,-0.0,4338.0,2.0,1.0,177.51488227192314
0.0,1.0,-0.0,1.0,0.0,0.0,0.0,0.0,1.0,-0.0,0.0,1574.0,2.0,3.0,288.89028513692324
-0.0,1.0,0.0,1.0,0.0,0.0,0.0,-0.0,-0.0,1.0,0.0,103.0,4.0,-0.0,139.59956608712673
-0.0,1.0,-0.0,1.0,-0.0,0.0,1.0,0.0,-0.0,-0.0,1.0,519.0,2.0,4.0,327.9011470317841
1.0,1.0,-0.0,1.0,-0.0,-0.0,-0.0,-0.0,-0.0,1.0,0.0,1861.0,4.0,2.0,278.35047531053425
-0.0,1.0,-0.0,1.0,1.0,-0.0,-0.0,-0.0,-0.0,1.0,-0.0,5731.0,-0.0,5.0,431.1356387481094
-0.0,1.0,-0.0,1.0,-0.0,1.0,-0.0,-0.0,1.0,-0.0,-0.0,1499.0,8.0,2.0,4.611070569232107
0.0,1.0,-0.0,1.0,1.0,0.0,1.0,-0.0,0.0,0.0,-0.0,347.0,7.0,1.0,255.17645267788322
-0.0,1.0,1.0,1.0,-0.0,-0.0,-0.0,0.0,1.0,-0.0,-0.0,566.0,-1.0,-1.0,-180.73726245630533
-0.0,1.0,1.0,1.0,-0.0,-0.0,-0.0,-0.0,1.0,-0.0,-0.0,4491.0,-1.0,3.0,-87.18098386395724
-0.0,1.0,-0.0,1.0,-0.0,-0.0,1.0,-0.0,-0.0,-0.0,1.0,-435.0,4.0,2.0,65.48934669499286
0.0,1.0,0.0,1.0,0.0,1.0,1.0,0.0,0.0,0.0,0.0,1839.0,5.0,-0.0,219.30400943178685
-0.0,1.0,1.0,1.0,-0.0,-0.0,1.0,-0.0,-0.0,-0.0,-0.0,193.0,-2.0,0.0,-315.30757187083367
-0.0,1.0,0.0,1.0,-0.0,1.0,0.0,0.0,-0.0,1.0,0.0,5021.0,-3.0,5.0,36.89876491404139
-0.0,1.0,0.0,1.0,-0.0,1.0,1.0,0.0,-0.0,-0.0,-0.0,1991.0,-1.0,1.0,-91.31720330202953
0.0,1.0,0.0,1.0,1.0,0.0,1.0,-0.0,0.0,0.0,0.0,1997.0,1.0,-0.0,147.63306019511074
0.0,1.0,1.0,1.0,-0.0,0.0,-0.0,-0.0,-0.0,1.0,0.0,-38.0,-0.0,0.0,-244.7617661777884
0.0,1.0,0.0,1.0,0.0,0.0,0.0,0.0,-0.0,1.0,1.0,348.0,4.0,-1.0,360.89056145809593
-0.0,1.0,0.0,1.0,-0.0,0.0,1.0,0.0,-0.0,0.0,1.0,388.0,0.0,2.0,293.9691882032901
1.0,1.0,0.0,1.0,-0.0,0.0,0.0,0.0,-0.0,1.0,0.0,1836.0,2.0,1.0,446.14919305816295
0.0,1.0,1.0,1.0,-0.0,0.0,0.0,-0.0,1.0,-0.0,0.0,1032.0,1.0,3.0,6.971556148270611
0.0,1.0,0.0,1.0,0.0,1.0,1.0,0.0,-0.0,-0.0,0.0,3202.0,5.0,4.0,389.3824155457318
-0.0,1.0,-0.0,1.0,0.0,-0.0,-0.0,1.0,1.0,-0.0,0.0,197.0,2.0,5.0,2740.650234973431
0.0,1.0,1.0,1.0,0.0,-0.0,0.0,0.0,-0.0,1.0,0.0,217.0,0.0,0.0,108.97889560051263
-0.0,1.0,1.0,1.0,-0.0,-0.0,0.0,-0.0,1.0,-0.0,-0.0,4217.0,-1.0,5.0,213.5428820345551
-0.0,1.0,0.0,1.0,-0.0,0.0,1.0,-0.0,-0.0,-0.0,1.0,125.0,-1.0,2.0,-86.25929061956704
0.0,1.0,-0.0,1.0,1.0,-0.0,0.0,-0.0,1.0,-0.0,0.0,3101.0,-0.0,2.0,127.36066535292194
-0.0,1.0,-0.0,1.0,-0.0,0.0,-0.0,0.0,1.0,-0.0,1.0,3082.0,3.0,-1.0,-122.31891927905382
0.0,1.0,0.0,1.0,0.0,-0.0,0.0,1.0,1.0,-0.0,0.0,-20.0,0.0,2.0,1054.272866088897
-0.0,1.0,0.0,1.0,-0.0,-0.0,1.0,1.0,-0.0,0.0,-0.0,2241.0,-2.0,3.0,1277.7280249118805
1.0,1.0,0.0,1.0,0.0,-0.0,1.0,-0.0,-0.0,-0.0,0.0,3281.0,2.0,2.0,381.2047323238105
-0.0,1.0,1.0,1.0,-0.0,-0.0,-0.0,-0.0,-0.0,1.0,-0.0,4535.0,0.0,9.0,364.49946608990433
0.0,1.0,0.0,1.0,1.0,0.0,0.0,0.0,-0.0,1.0,0.0,3598.0,2.0,2.0,345.76556073985995
0.0,1.0,-0.0,1.0,0.0,0.0,-0.0,1.0,-0.0,1.0,0.0,989.0,1.0,2.0,1209.9997953861953
-0.0,1.0,0.0,1.0,0.0,1.0,-0.0,0.0,-0.0,1.0,0.0,72.0,3.0,2.0,232.82456842940303
-0.0,1.0,-0.0,1.0,-0.0,-0.0,1.0,1.0,-0.0,-0.0,-0.0,-233.0,-5.0,1.0,-786.3861667677761
-0.0,1.0,0.0,1.0,-0.0,0.0,-0.0,0.0,1.0,0.0,1.0,6162.0,2.0,-0.0,-87.49560211915524
1.0,1.0,0.0,1.0,-0.0,-0.0,0.0,0.0,-0.0,1.0,-0.0,1662.0,6.0,1.0,329.91674803197384
1.0,1.0,-0.0,1.0,0.0,0.0,-0.0,0.0,1.0,-0.0,0.0,494.0,7.0,1.0,1066.3289956964554
-0.0,1.0,-0.0,1.0,0.0,-0.0,0.0,-0.0,-0.0,1.0,1.0,-226.0,2.0,-1.0,81.65523049458862
-0.0,1.0,-0.0,1.0,-0.0,-0.0,-0.0,1.0,1.0,-0.0,-0.0,685.0,-4.0,2.0,-521.0449794106186
-0.0,1.0,0.0,1.0,1.0,0.0,0.0,0.0,1.0,-0.0,0.0,53.0,-3.0,1.0,-298.326932765916
0.0,1.0,-0.0,1.0,-0.0,0.0,-0.0,-0.0,1.0,-0.0,1.0,1089.0,4.0,1.0,295.8513942081481
-0.0,1.0,-0.0,1.0,-0.0,1.0,1.0,0.0,-0.0,-0.0,-0.0,3982.0,0.0,4.0,382.8731525380165
0.0,1.0,-0.0,1.0,1.0,-0.0,-0.0,-0.0,-0.0,1.0,0.0,-720.0,2.0,0.0,273.9474576920271
-0.0,1.0,-0.0,1.0,0.0,0.0,1.0,1.0,0.0,0.0,0.0,443.0,-0.0,3.0,816.7890220962465
-0.0,1.0,-0.0,1.0,0.0,-0.0,0.0,1.0,-0.0,1.0,-0.0,13.0,2.0,-2.0,72.40504757910968
0.0,1.0,0.0,1.0,0.0,0.0,0.0,-0.0,1.0,-0.0,1.0,2353.0,-0.0,5.0,162.33512474261227
-0.0,1.0,-0.0,1.0,-0.0,-0.0,-0.0,-0.0,1.0,0.0,1.0,688.0,1.0,3.0,184.2497734796256
-0.0,1.0,0.0,1.0,-0.0,1.0,1.0,-0.0,0.0,0.0,0.0,684.0,5.0,4.0,340.2425099950284
1.0,1.0,0.0,1.0,0.0,0.0,0.0,0.0,0.0,1.0,-0.0,1224.0,3.0,7.0,354.19499753229326
1.0,1.0,0.0,1.0,0.0,0.0,0.0,0.0,0.0,1.0,0.0,4427.0,-2.0,4.0,74.74946789797396
1.0,1.0,-0.0,1.0,-0.0,0.0,1.0,-0.0,-0.0,0.0,0.0,1472.0,2.0,1.0,73.59133595544846
1.0,1.0,-0.0,1.0,-0.0,-0.0,0.0,-0.0,1.0,-0.0,-0.0,-85.0,3.0,7.0,429.55602841414515
0.0,1.0,0.0,1.0,0.0,0.0,1.0,0.0,-0.0,0.0,1.0,472.0,2.0,3.0,329.153002717346
0.0,1.0,-0.0,1.0,0.0,-0.0,-0.0,1.0,-0.0,1.0,0.0,44.0,4.0,-1.0,879.4224931582809
0.0,1.0,0.0,1.0,0.0,1.0,-0.0,0.0,1.0,0.0,0.0,2667.0,3.0,0.0,260.360528787598
-0.0,1.0,1.0,1.0,-0.0,-0.0,1.0,0.0,0.0,-0.0,-0.0,293.0,-4.0,1.0,-565.5253309458494
-0.0,1.0,1.0,1.0,-0.0,-0.0,1.0,-0.0,0.0,-0.0,-0.0,265.0,-3.0,4.0,67.24124524830842
1.0,1.0,0.0,1.0,0.0,0.0,-0.0,0.0,0.0,1.0,-0.0,739.0,3.0,6.0,345.40675047859554
-0.0,1.0,-0.0,1.0,-0.0,1.0,0.0,-0.0,1.0,-0.0,-0.0,736.0,3.0,1.0,225.4597855295986
-0.0,1.0,-0.0,1.0,-0.0,-0.0,0.0,1.0,1.0,-0.0,0.0,636.0,6.0,-2.0,1247.8834499150516
0.0,1.0,0.0,1.0,1.0,0.0,1.0,0.0,-0.0,-0.0,-0.0,-90.0,0.0,1.0,247.90957030449064
1.0,1.0,0.0,1.0,-0.0,0.0,1.0,-0.0,-0.0,-0.0,0.0,514.0,1.0,8.0,375.5001307282597
1.0,1.0,0.0,1.0,0.0,0.0,0.0,0.0,-0.0,1.0,0.0,1011.0,3.0,-1.0,369.54027034007015
0.0,1.0,0.0,1.0,0.0,-0.0,-0.0,0.0,-0.0,1.0,1.0,-612.0,8.0,-1.0,451.5199468154461
0.0,1.0,0.0,1.0,1.0,0.0,1.0,-0.0,0.0,0.0,0.0,509.0,5.0,0.0,347.24944902658467
0.0,1.0,-0.0,1.0,1.0,0.0,1.0,0.0,0.0,-0.0,-0.0,4504.0,1.0,-0.0,165.28098548799755
-0.0,1.0,0.0,1.0,-0.0,-0.0,0.0,-0.0,-0.0,1.0,1.0,236.0,3.0,2.0,41.27059588334524
-0.0,1.0,-0.0,1.0,1.0,-0.0,1.0,-0.0,-0.0,-0.0,-0.0,-370.0,1.0,3.0,238.00563070327044
0.0,1.0,1.0,1.0,0.0,0.0,1.0,0.0,0.0,0.0,-0.0,3456.0,2.0,3.0,258.8799164094031
-0.0,1.0,-0.0,1.0,-0.0,-0.0,-0.0,1.0,-0.0,1.0,0.0,353.0,-0.0,3.0,1172.712356209755
-0.0,1.0,-0.0,1.0,-0.0,0.0,1.0,1.0,-0.0,-0.0,0.0,-391.0,2.0,-1.0,374.4027013707906
-0.0,1.0,0.0,1.0,1.0,-0.0,0.0,0.0,-0.0,1.0,-0.0,1322.0,2.0,2.0,293.04371128454807
1.0,1.0,-0.0,1.0,0.0,-0.0,-0.0,0.0,1.0,-0.0,0.0,2749.0,-0.0,5.0,162.88187387622895
0.0,1.0,1.0,1.0,-0.0,0.0,0.0,-0.0,1.0,-0.0,-0.0,286.0,1.0,4.0,171.86945996396244
-0.0,1.0,-0.0,1.0,-0.0,-0.0,1.0,-0.0,-0.0,0.0,1.0,-702.0,4.0,2.0,204.37718480005861
0.0,1.0,1.0,1.0,-0.0,-0.0,-0.0,-0.0,-0.0,1.0,-0.0,286.0,2.0,5.0,172.1575433600694
-0.0,1.0,-0.0,1.0,-0.0,-0.0,0.0,-0.0,-0.0,1.0,1.0,5075.0,-2.0,3.0,196.24013922344895
1.0,1.0,-0.0,1.0,0.0,-0.0,0.0,-0.0,1.0,0.0,-0.0,1369.0,4.0,3.0,209.59659158326687
-0.0,1.0,0.0,1.0,1.0,0.0,1.0,-0.0,-0.0,-0.0,-0.0,-358.0,2.0,-0.0,-33.96303491578438
0.0,1.0,0.0,1.0,0.0,0.0,1.0,0.0,-0.0,-0.0,0.0,1270.0,-0.0,1.0,18.94501718035899
0.0,1.0,0.0,1.0,0.0,0.0,-0.0,0.0,-0.0,1.0,1.0,63.0,1.0,4.0,349.90408150367443
1.0,1.0,0.0,1.0,0.0,0.0,-0.0,-0.0,1.0,0.0,-0.0,652.0,2.0,2.0,53.01241435213015
-0.0,1.0,-0.0,1.0,-0.0,-0.0,0.0,-0.0,1.0,-0.0,1.0,-182.0,4.0,3.0,225.19699214734138
-0.0,1.0,-0.0,1.0,-0.0,0.0,1.0,1.0,0.0,0.0,-0.0,213.0,-1.0,0.0,31.658887797407807
0.0,1.0,0.0,1.0,0.0,0.0,0.0,1.0,1.0,-0.0,0.0,382.0,2.0,-1.0,386.4909676410258
-0.0,1.0,0.0,1.0,1.0,0.0,1.0,-0.0,-0.0,0.0,0.0,553.0,2.0,1.0,129.17804112797603
0.0,1.0,-0.0,1.0,1.0,0.0,-0.0,0.0,1.0,0.0,-0.0,-156.0,-0.0,1.0,59.19964326671325
1.0,1.0,0.0,1.0,-0.0,0.0,0.0,0.0,1.0,-0.0,0.0,4921.0,5.0,-2.0,199.812402818352
-0.0,1.0,1.0,1.0,0.0,-0.0,1.0,-0.0,-0.0,0.0,-0.0,125.0,-2.0,2.0,-76.18415203858167
0.0,1.0,0.0,1.0,0.0,0.0,0.0,0.0,0.0,1.0,0.0,1083.0,2.0,3.0,281.95407297052446
0.0,1.0,0.0,1.0,0.0,0.0,0.0,1.0,1.0,-0.0,-0.0,4429.0,-5.0,2.0,-221.99638037513944
0.0,1.0,-0.0,1.0,1.0,-0.0,0.0,-0.0,-0.0,1.0,0.0,3475.0,1.0,-0.0,315.34442584179345
-0.0,1.0,-0.0,1.0,-0.0,1.0,0.0,-0.0,-0.0,1.0,-0.0,1239.0,2.0,7.0,371.0423071600497
-0.0,1.0,-0.0,1.0,-0.0,-0.0,0.0,1.0,0.0,1.0,0.0,546.0,-1.0,-2.0,-133.69410216007384
0.0,1.0,1.0,1.0,0.0,0.0,1.0,-0.0,-0.0,0.0,-0.0,538.0,1.0,-0.0,7.661902684846428
1.0,1.0,0.0,1.0,-0.0,-0.0,-0.0,-0.0,1.0,-0.0,0.0,2210.0,8.0,3.0,236.4509172741324
0.0,1.0,0.0,1.0,1.0,0.0,-0.0,0.0,-0.0,1.0,-0.0,5265.0,2.0,5.0,493.9148222215474
-0.0,1.0,-0.0,1.0,0.0,1.0,1.0,0.0,-0.0,-0.0,-0.0,864.0,3.0,-0.0,290.89717222042384
-0.0,1.0,1.0,1.0,0.0,-0.0,1.0,-0.0,-0.0,-0.0,-0.0,449.0,-3.0,3.0,-169.3409172061831
0.0,1.0,-0.0,1.0,-0.0,0.0,1.0,1.0,0.0,0.0,0.0,2218.0,3.0,4.0,1965.0005308210852
0.0,1.0,0.0,1.0,-0.0,-0.0,1.0,1.0,-0.0,-0.0,-0.0,3568.0,5.0,9.0,4448.086257696152
1.0,1.0,-0.0,1.0,-0.0,-0.0,0.0,0.0,1.0,-0.0,-0.0,2894.0,3.0,3.0,205.40020189527425
-0.0,1.0,1.0,1.0,0.0,-0.0,0.0,0.0,-0.0,1.0,-0.0,331.0,0.0,1.0,-17.441115139960313
-0.0,1.0,-0.0,1.0,-0.0,1.0,-0.0,-0.0,1.0,-0.0,-0.0,692.0,2.0,3.0,269.0093531742692
-0.0,1.0,0.0,1.0,0.0,0.0,0.0,0.0,-0.0,1.0,1.0,1063.0,5.0,1.0,160.14221519324929
0.0,1.0,0.0,1.0,0.0,0.0,1.0,0.0,-0.0,-0.0,1.0,-11.0,-1.0,3.0,94.47343470342459
-0.0,1.0,-0.0,1.0,-0.0,2.0,0.0,-0.0,1.0,-0.0,-0.0,4778.0,6.0,1.0,378.6508995521814
1.0,1.0,0.0,1.0,0.0,0.0,-0.0,0.0,-0.0,1.0,-0.0,946.0,-2.0,4.0,-8.911883936496451
0.0,1.0,0.0,1.0,0.0,0.0,1.0,0.0,0.0,0.0,-0.0,4671.0,-0.0,4.0,306.0373076360673
-0.0,1.0,1.0,1.0,-0.0,0.0,1.0,0.0,-0.0,-0.0,-0.0,186.0,5.0,-3.0,28.487433658563535
-0.0,1.0,-0.0,1.0,-0.0,1.0,1.0,0.0,-0.0,-0.0,-0.0,547.0,5.0,-2.0,258.26569993961607
-0.0,1.0,0.0,1.0,-0.0,1.0,-0.0,0.0,-0.0,1.0,-0.0,1083.0,5.0,0.0,216.82503117006274
-0.0,1.0,1.0,1.0,-0.0,-0.0,-0.0,-0.0,-0.0,1.0,0.0,326.0,6.0,6.0,317.40716716572643
0.0,1.0,1.0,1.0,-0.0,0.0,0.0,0.0,1.0,0.0,-0.0,1692.0,5.0,4.0,306.6342436883599
0.0,1.0,0.0,1.0,-0.0,0.0,1.0,0.0,-0.0,-0.0,1.0,-71.0,-2.0,3.0,-259.3848649501801
-0.0,1.0,1.0,1.0,-0.0,0.0,1.0,-0.0,-0.0,-0.0,0.0,2323.0,0.0,1.0,189.416192442365
0.0,1.0,0.0,1.0,0.0,0.0,0.0,1.0,0.0,1.0,0.0,204.0,5.0,5.0,3298.4381320446732
-0.0,1.0,0.0,1.0,0.0,0.0,0.0,0.0,-0.0,1.0,0.0,495.0,0.0,3.0,432.68042617440227
-0.0,1.0,-0.0,1.0,0.0,1.0,0.0,0.0,1.0,0.0,0.0,176.0,4.0,3.0,473.63033108711244
1.0,1.0,0.0,1.0,0.0,-0.0,1.0,0.0,-0.0,-0.0,0.0,996.0,1.0,3.0,820.7077949158848
-0.0,1.0,-0.0,1.0,1.0,-0.0,0.0,-0.0,1.0,-0.0,-0.0,252.0,2.0,3.0,293.96794335804884
-0.0,1.0,0.0,1.0,0.0,-0.0,-0.0,-0.0,-0.0,1.0,1.0,937.0,3.0,-2.0,102.40316440872849
-0.0,1.0,0.0,1.0,0.0,1.0,-0.0,0.0,1.0,0.0,0.0,153.0,8.0,2.0,614.8339785449207
-0.0,1.0,-0.0,1.0,1.0,0.0,-0.0,0.0,1.0,-0.0,0.0,388.0,3.0,1.0,208.38021398708227
0.0,1.0,0.0,1.0,0.0,0.0,-0.0,1.0,1.0,-0.0,0.0,687.0,-3.0,1.0,-153.83027653582394
-0.0,1.0,-0.0,1.0,1.0,-0.0,-0.0,-0.0,1.0,-0.0,-0.0,2519.0,-1.0,3.0,-46.95749119329267
-0.0,1.0,-0.0,1.0,0.0,1.0,0.0,0.0,1.0,0.0,-0.0,2097.0,5.0,-1.0,310.07414419911805
-0.0,1.0,-0.0,1.0,0.0,1.0,0.0,-0.0,1.0,-0.0,0.0,3941.0,-0.0,3.0,206.33571947366002
-0.0,1.0,-0.0,1.0,-0.0,-0.0,-0.0,0.0,1.0,-0.0,1.0,-211.0,7.0,3.0,168.47345662750305
-0.0,1.0,0.0,1.0,-0.0,-0.0,0.0,0.0,-0.0,1.0,1.0,-180.0,1.0,3.0,-13.397231278684922
0.0,1.0,-0.0,1.0,1.0,-0.0,1.0,0.0,-0.0,0.0,0.0,-211.0,1.0,-2.0,27.98579173795879
0.0,1.0,0.0,1.0,0.0,1.0,-0.0,0.0,1.0,-0.0,0.0,3893.0,6.0,0.0,290.6507256217301
-0.0,1.0,1.0,1.0,0.0,-0.0,1.0,0.0,0.0,0.0,-0.0,-347.0,2.0,1.0,68.96049527823925
-0.0,1.0,0.0,1.0,0.0,-0.0,-0.0,1.0,1.0,0.0,0.0,78.0,-3.0,3.0,271.328565376997
1.0,1.0,-0.0,1.0,0.0,0.0,-0.0,0.0,-0.0,1.0,0.0,1698.0,2.0,-3.0,-105.8172671398148
-0.0,1.0,-0.0,1.0,0.0,0.0,0.0,1.0,-0.0,1.0,-0.0,278.0,2.0,-0.0,990.7079887136817
-0.0,1.0,1.0,1.0,-0.0,-0.0,0.0,-0.0,0.0,1.0,0.0,182.0,4.0,0.0,-52.60536224287935
-0.0,1.0,-0.0,1.0,-0.0,2.0,1.0,-0.0,0.0,0.0,-0.0,424.0,2.0,3.0,309.6500123217702
0.0,1.0,1.0,1.0,-0.0,0.0,0.0,0.0,1.0,-0.0,0.0,1585.0,-3.0,3.0,102.27527293972672
-0.0,1.0,1.0,1.0,0.0,-0.0,-0.0,0.0,1.0,-0.0,0.0,261.0,-1.0,2.0,-211.41992951184514
1.0,1.0,-0.0,1.0,-0.0,-0.0,0.0,-0.0,1.0,-0.0,-0.0,453.0,5.0,2.0,173.21921617593617
0.0,1.0,0.0,1.0,0.0,0.0,0.0,0.0,0.0,1.0,0.0,335.0,-2.0,2.0,-123.57401811406018
-0.0,1.0,-0.0,1.0,1.0,-0.0,1.0,-0.0,-0.0,0.0,-0.0,149.0,2.0,1.0,111.62725471276791
0.0,1.0,1.0,1.0,-0.0,0.0,0.0,0.0,-0.0,1.0,0.0,485.0,-1.0,3.0,112.0137791601941
0.0,1.0,-0.0,1.0,1.0,0.0,1.0,0.0,-0.0,0.0,-0.0,264.0,-0.0,3.0,260.2960589077324
-0.0,1.0,-0.0,1.0,0.0,1.0,1.0,-0.0,-0.0,-0.0,-0.0,1833.0,0.0,4.0,207.7375953903422
0.0,1.0,-0.0,1.0,-0.0,1.0,0.0,-0.0,1.0,-0.0,-0.0,2820.0,1.0,4.0,133.20143008651212
-0.0,1.0,-0.0,1.0,1.0,-0.0,-0.0,-0.0,-0.0,1.0,-0.0,-258.0,3.0,2.0,306.4436840891838
0.0,1.0,0.0,1.0,0.0,0.0,-0.0,1.0,1.0,-0.0,0.0,-289.0,-2.0,0.0,-206.2415862420574
-0.0,1.0,-0.0,1.0,-0.0,-0.0,-0.0,1.0,1.0,-0.0,-0.0,-258.0,12.0,3.0,5211.897614639998
-0.0,1.0,0.0,1.0,1.0,0.0,1.0,0.0,-0.0,-0.0,-0.0,-231.0,2.0,1.0,69.80893101813272
-0.0,1.0,0.0,1.0,0.0,0.0,0.0,-0.0,1.0,-0.0,1.0,314.0,-1.0,5.0,137.59656095523388
0.0,1.0,0.0,1.0,0.0,0.0,-0.0,0.0,1.0,-0.0,0.0,2090.0,-2.0,2.0,-267.118154800497
-0.0,1.0,0.0,1.0,0.0,-0.0,0.0,1.0,1.0,-0.0,0.0,940.0,3.0,0.0,1172.5999270290138
0.0,1.0,0.0,1.0,0.0,-0.0,1.0,1.0,-0.0,0.0,0.0,779.0,2.0,2.0,1485.1330009296537
-0.0,1.0,0.0,1.0,0.0,1.0,1.0,0.0,-0.0,0.0,0.0,5144.0,7.0,-4.0,454.66363967694343
0.0,1.0,1.0,1.0,-0.0,0.0,1.0,-0.0,0.0,-0.0,-0.0,974.0,-0.0,1.0,-185.70514498259874
-0.0,1.0,1.0,1.0,0.0,0.0,-0.0,0.0,1.0,0.0,-0.0,102.0,-4.0,5.0,83.28946660328657
-0.0,1.0,-0.0,1.0,-0.0,-0.0,1.0,-0.0,0.0,0.0,1.0,-68.0,-0.0,4.0,40.97700486602262
0.0,1.0,1.0,1.0,0.0,0.0,1.0,-0.0,-0.0,-0.0,-0.0,3806.0,3.0,-0.0,221.87925026565793
-0.0,1.0,-0.0,1.0,-0.0,0.0,-0.0,-0.0,1.0,0.0,1.0,3423.0,4.0,4.0,271.32908952236176
0.0,1.0,1.0,1.0,0.0,0.0,1.0,0.0,-0.0,-0.0,0.0,3856.0,-3.0,6.0,237.08126759342852
-0.0,1.0,-0.0,1.0,-0.0,0.0,1.0,0.0,0.0,0.0,1.0,812.0,-1.0,4.0,113.4457361069508
0.0,1.0,0.0,1.0,0.0,0.0,0.0,0.0,1.0,0.0,1.0,1197.0,2.0,2.0,177.8118597596884
0.0,1.0,-0.0,1.0,-0.0,-0.0,0.0,1.0,1.0,-0.0,-0.0,531.0,3.0,2.0,2457.2021183997394
-0.0,1.0,-0.0,1.0,-0.0,1.0,1.0,-0.0,-0.0,-0.0,-0.0,2033.0,-0.0,4.0,168.71898597180845
-0.0,1.0,0.0,1.0,-0.0,1.0,1.0,0.0,-0.0,1.0,0.0,670.0,5.0,5.0,565.0041338987648
-0.0,1.0,1.0,1.0,-0.0,-0.0,1.0,0.0,0.0,-0.0,0.0,204.0,3.0,-0.0,116.11091700950638
-0.0,1.0,0.0,1.0,-0.0,-0.0,1.0,0.0,-0.0,0.0,1.0,423.0,1.0,1.0,89.1510251662694
-0.0,1.0,0.0,1.0,-0.0,1.0,1.0,0.0,-0.0,-0.0,0.0,1190.0,1.0,3.0,321.69693662635984
0.0,1.0,-0.0,1.0,1.0,0.0,-0.0,0.0,1.0,-0.0,-0.0,1061.0,4.0,3.0,379.7738482370973
1.0,1.0,0.0,1.0,0.0,0.0,0.0,-0.0,1.0,-0.0,-0.0,1904.0,2.0,0.0,-218.3531933605671
-0.0,1.0,1.0,1.0,0.0,-0.0,0.0,0.0,1.0,-0.0,-0.0,197.0,6.0,6.0,541.882247350365
-0.0,1.0,0.0,1.0,0.0,1.0,0.0,-0.0,1.0,-0.0,-0.0,2517.0,7.0,3.0,442.5363900952041
0.0,1.0,0.0,1.0,0.0,0.0,0.0,0.0,1.0,-0.0,1.0,3723.0,2.0,1.0,253.08912566043438
0.0,1.0,0.0,1.0,0.0,1.0,1.0,0.0,0.0,-0.0,0.0,4446.0,2.0,6.0,523.4051732290536
1.0,1.0,0.0,1.0,0.0,-0.0,1.0,0.0,-0.0,-0.0,-0.0,1415.0,4.0,5.0,191.6589285604656
0.0,1.0,0.0,1.0,-0.0,1.0,-0.0,0.0,-0.0,1.0,-0.0,4592.0,5.0,4.0,510.25701951310043
-0.0,1.0,0.0,1.0,1.0,0.0,0.0,-0.0,0.0,1.0,-0.0,-484.0,0.0,1.0,32.56160124675371
-0.0,1.0,-0.0,1.0,-0.0,1.0,1.0,0.0,-0.0,-0.0,-0.0,1110.0,-0.0,3.0,71.20477926312014
-0.0,1.0,-0.0,1.0,1.0,-0.0,1.0,0.0,-0.0,-0.0,0.0,-224.0,3.0,2.0,947.2094924829901
-0.0,1.0,-0.0,1.0,0.0,-0.0,0.0,1.0,1.0,-0.0,0.0,2456.0,-2.0,3.0,372.90089386440815
0.0,1.0,1.0,1.0,0.0,-0.0,0.0,-0.0,1.0,-0.0,-0.0,3038.0,-3.0,5.0,323.92183542251587
0.0,1.0,0.0,1.0,0.0,1.0,-0.0,0.0,-0.0,1.0,0.0,1285.0,3.0,3.0,465.5941015955061
0.0,1.0,0.0,1.0,-0.0,0.0,0.0,1.0,-0.0,1.0,0.0,264.0,-2.0,-0.0,229.59465365540237
-0.0,1.0,-0.0,1.0,-0.0,-0.0,-0.0,-0.0,1.0,1.0,1.0,2867.0,1.0,1.0,101.51120822401718
0.0,1.0,0.0,1.0,0.0,0.0,-0.0,-0.0,0.0,1.0,0.0,-134.0,3.0,4.0,534.1610292229802
-0.0,1.0,-0.0,1.0,1.0,0.0,-0.0,0.0,0.0,1.0,0.0,1377.0,1.0,4.0,256.0102860555053
0.0,1.0,0.0,1.0,-0.0,-0.0,0.0,0.0,1.0,-0.0,1.0,1065.0,6.0,3.0,373.80448771417144
0.0,1.0,0.0,1.0,0.0,0.0,-0.0,-0.0,1.0,0.0,0.0,306.0,-3.0,4.0,-36.66974205384031
-0.0,1.0,0.0,1.0,1.0,0.0,-0.0,-0.0,0.0,1.0,0.0,345.0,2.0,-0.0,181.426071363315
-0.0,1.0,-0.0,1.0,1.0,-0.0,0.0,-0.0,1.0,-0.0,0.0,153.0,-3.0,4.0,73.74014410041273
1.0,1.0,-0.0,1.0,-0.0,-0.0,1.0,-0.0,0.0,0.0,-0.0,4922.0,6.0,-3.0,31.802694039535712
0.0,1.0,0.0,1.0,-0.0,0.0,1.0,0.0,0.0,0.0,1.0,4333.0,1.0,2.0,183.3249189835042
0.0,1.0,0.0,1.0,0.0,0.0,-0.0,0.0,1.0,0.0,1.0,1213.0,-1.0,4.0,274.6178559930995
-0.0,1.0,1.0,1.0,-0.0,0.0,-0.0,0.0,0.0,1.0,-0.0,3623.0,4.0,6.0,266.37476925738156
1.0,1.0,0.0,1.0,0.0,0.0,0.0,0.0,-0.0,1.0,0.0,1191.0,6.0,0.0,441.74594612605875
-0.0,1.0,0.0,1.0,0.0,0.0,1.0,1.0,0.0,-0.0,-0.0,4779.0,3.0,4.0,1816.039204373956
0.0,1.0,1.0,1.0,0.0,-0.0,-0.0,-0.0,1.0,-0.0,0.0,794.0,2.0,1.0,210.02707872316242
1.0,1.0,-0.0,1.0,0.0,-0.0,0.0,-0.0,1.0,-0.0,-0.0,4138.0,6.0,-2.0,149.0596364621073
-0.0,1.0,-0.0,1.0,-0.0,-0.0,1.0,1.0,-0.0,-0.0,0.0,329.0,8.0,3.0,3966.403481370211
-0.0,1.0,-0.0,1.0,1.0,-0.0,1.0,-0.0,0.0,0.0,-0.0,938.0,-1.0,4.0,295.8151299007237
0.0,1.0,0.0,1.0,0.0,-0.0,0.0,-0.0,1.0,-0.0,0.0,3501.0,3.0,2.0,339.62742540948096
-0.0,1.0,-0.0,1.0,-0.0,-0.0,0.0,1.0,1.0,-0.0,-0.0,-945.0,3.0,-1.0,1333.7399020627142
0.0,1.0,-0.0,1.0,0.0,0.0,0.0,0.0,1.0,-0.0,1.0,1527.0,5.0,2.0,260.31145567782227
-0.0,1.0,-0.0,1.0,0.0,-0.0,0.0,0.0,1.0,0.0,1.0,2753.0,-5.0,5.0,53.784677028935405
-0.0,1.0,1.0,1.0,0.0,-0.0,1.0,0.0,0.0,-0.0,0.0,292.0,2.0,5.0,180.68614190369846
-0.0,1.0,0.0,1.0,0.0,-0.0,1.0,0.0,0.0,-0.0,1.0,-158.0,4.0,0.0,1.626998142359662
0.0,1.0,0.0,1.0,0.0,0.0,1.0,0.0,0.0,0.0,0.0,1857.0,3.0,-1.0,181.95827546305955
-0.0,1.0,1.0,1.0,-0.0,0.0,1.0,-0.0,-0.0,-0.0,0.0,1770.0,3.0,-2.0,-190.30222742240878
0.0,1.0,1.0,1.0,-0.0,0.0,1.0,-0.0,0.0,0.0,-0.0,221.0,2.0,1.0,224.7453753974289
-0.0,1.0,0.0,1.0,0.0,0.0,0.0,0.0,-0.0,1.0,1.0,211.0,1.0,3.0,203.2781993860379
1.0,1.0,0.0,1.0,-0.0,0.0,0.0,0.0,0.0,1.0,0.0,383.0,2.0,2.0,177.3348055800423
0.0,1.0,-0.0,1.0,-0.0,-0.0,1.0,1.0,-0.0,0.0,-0.0,-299.0,3.0,-0.0,1377.9194596767427
1.0,1.0,-0.0,1.0,0.0,0.0,0.0,-0.0,-0.0,1.0,-0.0,2791.0,1.0,1.0,117.92297762297095
-0.0,1.0,0.0,1.0,0.0,1.0,0.0,-0.0,-0.0,1.0,0.0,-95.0,8.0,6.0,628.280796841532
0.0,1.0,-0.0,1.0,0.0,1.0,0.0,0.0,1.0,0.0,0.0,2939.0,-1.0,5.0,490.04263282120235
-0.0,1.0,-0.0,1.0,-0.0,0.0,-0.0,0.0,-0.0,1.0,1.0,178.0,0.0,3.0,172.4527518572286
-0.0,1.0,-0.0,1.0,-0.0,-0.0,0.0,-0.0,0.0,1.0,1.0,-546.0,2.0,1.0,-252.04777985699477
1.0,1.0,0.0,1.0,-0.0,0.0,0.0,-0.0,1.0,-0.0,-0.0,5512.0,4.0,-1.0,122.7639186937362
1.0,1.0,0.0,1.0,0.0,0.0,1.0,0.0,0.0,0.0,0.0,4675.0,1.0,1.0,1.6643130438867957
-0.0,1.0,1.0,1.0,-0.0,0.0,-0.0,-0.0,1.0,-0.0,-0.0,377.0,0.0,4.0,187.52609149795026
-0.0,1.0,-0.0,1.0,1.0,-0.0,1.0,-0.0,-0.0,-0.0,-0.0,-326.0,-1.0,3.0,77.39921927135438
0.0,1.0,0.0,1.0,-0.0,0.0,-0.0,0.0,-0.0,1.0,1.0,498.0,5.0,1.0,368.9460860509426
0.0,1.0,0.0,1.0,0.0,0.0,1.0,0.0,-0.0,-0.0,0.0,479.0,3.0,-3.0,126.68789201816546
1.0,1.0,-0.0,1.0,-0.0,0.0,-0.0,0.0,0.0,1.0,0.0,4350.0,5.0,2.0,250.91483965106312
-0.0,1.0,-0.0,1.0,-0.0,1.0,1.0,-0.0,-0.0,0.0,-0.0,2876.0,8.0,5.0,686.6127379313111
-0.0,1.0,-0.0,1.0,1.0,-0.0,1.0,-0.0,0.0,-0.0,-0.0,-18.0,2.0,0.0,229.92358763087543
1.0,1.0,0.0,1.0,0.0,-0.0,0.0,-0.0,1.0,-0.0,0.0,445.0,6.0,3.0,238.7910461528227
-0.0,1.0,0.0,1.0,-0.0,0.0,1.0,1.0,-0.0,0.0,0.0,1029.0,-0.0,1.0,703.6880835518242
0.0,1.0,-0.0,1.0,0.0,-0.0,1.0,1.0,-0.0,-0.0,0.0,1682.0,5.0,-1.0,1015.4518430933357
1.0,1.0,0.0,1.0,-0.0,0.0,1.0,0.0,-0.0,-0.0,0.0,169.0,3.0,-1.0,131.17109568770977
-0.0,1.0,1.0,1.0,0.0,-0.0,1.0,-0.0,-0.0,-0.0,-0.0,2645.0,-2.0,5.0,48.63827796219849
-0.0,1.0,-0.0,1.0,-0.0,1.0,-0.0,-0.0,-0.0,1.0,-0.0,4967.0,-1.0,2.0,97.12460290724412
-0.0,1.0,-0.0,1.0,-0.0,1.0,-0.0,-0.0,0.0,1.0,-0.0,2232.0,0.0,3.0,214.26128877513113
1.0,1.0,-0.0,1.0,0.0,0.0,0.0,-0.0,-0.0,1.0,0.0,379.0,-2.0,6.0,121.43257308769972
-0.0,1.0,1.0,1.0,0.0,0.0,0.0,-0.0,1.0,-0.0,-0.0,314.0,7.0,4.0,334.3710991371423
-0.0,1.0,0.0,1.0,0.0,-0.0,1.0,1.0,-0.0,-0.0,-0.0,985.0,9.0,7.0,5246.9178630411625
-0.0,1.0,-0.0,1.0,-0.0,-0.0,-0.0,-0.0,-0.0,1.0,1.0,-376.0,1.0,-2.0,-42.952779008261864
-0.0,1.0,0.0,1.0,1.0,0.0,0.0,0.0,0.0,1.0,0.0,4422.0,3.0,4.0,341.68472872525456
-0.0,1.0,-0.0,1.0,1.0,-0.0,1.0,-0.0,0.0,-0.0,-0.0,2870.0,2.0,1.0,112.66783067770304
-0.0,1.0,1.0,1.0,-0.0,-0.0,1.0,-0.0,-0.0,-0.0,-0.0,5001.0,1.0,7.0,88.73674558382483
0.0,1.0,0.0,1.0,0.0,-0.0,1.0,0.0,-0.0,-0.0,1.0,35.0,3.0,-1.0,104.70656216302888
0.0,1.0,1.0,1.0,-0.0,0.0,1.0,-0.0,0.0,0.0,-0.0,2275.0,-2.0,3.0,-35.70951593536884
0.0,1.0,1.0,1.0,0.0,0.0,0.0,-0.0,-0.0,1.0,-0.0,326.0,3.0,-1.0,-32.81181514025666
-0.0,1.0,0.0,1.0,-0.0,-0.0,-0.0,-0.0,-0.0,1.0,1.0,-158.0,-0.0,-0.0,-267.6263628702611
0.0,1.0,0.0,1.0,-0.0,0.0,-0.0,-0.0,1.0,-0.0,1.0,4331.0,7.0,-0.0,159.85121623855085
-0.0,1.0,0.0,1.0,-0.0,0.0,1.0,1.0,-0.0,-0.0,-0.0,1760.0,5.0,-2.0,672.7020509868861
-0.0,1.0,0.0,1.0,0.0,1.0,1.0,0.0,-0.0,-0.0,0.0,396.0,1.0,1.0,75.27145116310567
-0.0,1.0,-0.0,1.0,-0.0,-0.0,-0.0,0.0,1.0,0.0,1.0,838.0,6.0,4.0,290.4620005313307
-0.0,1.0,0.0,1.0,-0.0,-0.0,-0.0,0.0,1.0,0.0,1.0,6.0,2.0,4.0,331.6006305344403
1.0,1.0,0.0,1.0,-0.0,0.0,1.0,0.0,-0.0,-0.0,0.0,4535.0,2.0,2.0,264.8799230566249
0.0,1.0,-0.0,1.0,0.0,0.0,-0.0,-0.0,1.0,-0.0,0.0,-20.0,2.0,-1.0,-66.06640207739548
1.0,1.0,0.0,1.0,0.0,0.0,-0.0,-0.0,0.0,1.0,0.0,898.0,4.0,4.0,253.65670957230034
0.0,1.0,0.0,1.0,-0.0,1.0,0.0,-0.0,0.0,1.0,0.0,1552.0,1.0,3.0,289.2633456002921
0.0,1.0,0.0,1.0,0.0,1.0,-0.0,0.0,1.0,0.0,0.0,534.0,4.0,3.0,479.8072204153985
-0.0,1.0,-0.0,1.0,-0.0,-0.0,0.0,1.0,1.0,-0.0,-0.0,1467.0,7.0,-0.0,2992.1910024672748
0.0,1.0,0.0,1.0,0.0,0.0,1.0,0.0,-0.0,0.0,0.0,760.0,-1.0,2.0,91.72418579822407
0.0,1.0,-0.0,1.0,-0.0,-0.0,-0.0,1.0,-0.0,1.0,-0.0,2934.0,3.0,2.0,2005.3736137598755
0.0,1.0,0.0,1.0,1.0,0.0,1.0,0.0,-0.0,-0.0,0.0,961.0,0.0,4.0,262.8746575478465
-0.0,1.0,-0.0,1.0,-0.0,-0.0,-0.0,-0.0,1.0,0.0,1.0,2969.0,1.0,4.0,164.11053612940015
0.0,1.0,-0.0,1.0,-0.0,-0.0,-0.0,1.0,-0.0,1.0,-0.0,1470.0,3.0,-1.0,1179.9844800367953
-0.0,1.0,-0.0,1.0,1.0,-0.0,-0.0,-0.0,-0.0,1.0,-0.0,256.0,1.0,1.0,280.1266729153693
-0.0,1.0,-0.0,1.0,1.0,0.0,0.0,-0.0,0.0,1.0,-0.0,13.0,3.0,-2.0,134.00996526051313
-0.0,1.0,0.0,1.0,1.0,0.0,1.0,0.0,-0.0,-0.0,-0.0,-241.0,0.0,0.0,-147.89295439831915
-0.0,1.0,0.0,1.0,1.0,0.0,1.0,0.0,0.0,-0.0,0.0,168.0,1.0,-1.0,-77.26379321273417
-0.0,1.0,-0.0,1.0,0.0,-0.0,1.0,0.0,-0.0,-0.0,1.0,186.0,1.0,1.0,195.58045314326884
-0.0,1.0,0.0,1.0,0.0,-0.0,-0.0,0.0,-0.0,1.0,1.0,1234.0,0.0,-2.0,-198.72930556070062
-0.0,1.0,-0.0,1.0,-0.0,0.0,1.0,0.0,0.0,-0.0,1.0,3836.0,4.0,-0.0,189.2718722920865
0.0,1.0,0.0,1.0,1.0,0.0,0.0,-0.0,1.0,0.0,0.0,2533.0,2.0,4.0,293.932072159648
-0.0,1.0,0.0,1.0,-0.0,0.0,-0.0,0.0,1.0,-0.0,1.0,-39.0,-2.0,3.0,-8.052752355253325
1.0,1.0,0.0,1.0,-0.0,-0.0,0.0,0.0,1.0,0.0,0.0,2021.0,4.0,-0.0,210.99872957263145
-0.0,1.0,-0.0,1.0,0.0,1.0,-0.0,0.0,1.0,-0.0,0.0,5869.0,1.0,0.0,-91.7021061747335
0.0,1.0,0.0,1.0,0.0,1.0,1.0,0.0,0.0,0.0,0.0,4467.0,3.0,1.0,363.1614212509245
-0.0,1.0,1.0,1.0,-0.0,0.0,0.0,-0.0,1.0,-0.0,-0.0,279.0,4.0,3.0,347.451048437506
-0.0,1.0,1.0,1.0,0.0,-0.0,0.0,-0.0,0.0,1.0,0.0,149.0,6.0,3.0,151.2692040063441
0.0,1.0,0.0,1.0,0.0,1.0,0.0,0.0,-0.0,1.0,-0.0,1174.0,6.0,1.0,314.5857254263014
-0.0,1.0,1.0,1.0,0.0,0.0,1.0,0.0,-0.0,-0.0,-0.0,190.0,-1.0,3.0,17.50830607134849
-0.0,1.0,-0.0,1.0,-0.0,1.0,0.0,0.0,-0.0,1.0,-0.0,5540.0,2.0,-1.0,137.19020907143133
0.0,1.0,0.0,1.0,-0.0,0.0,0.0,-0.0,-0.0,1.0,1.0,-345.0,4.0,5.0,366.1492791436613
-0.0,1.0,0.0,1.0,0.0,0.0,0.0,-0.0,1.0,0.0,1.0,3953.0,3.0,1.0,271.66511583980173
-0.0,1.0,1.0,1.0,0.0,0.0,0.0,0.0,-0.0,1.0,-0.0,694.0,3.0,6.0,309.0044945459813
-0.0,1.0,1.0,1.0,-0.0,0.0,0.0,0.0,-0.0,1.0,0.0,410.0,3.0,4.0,298.0771774996072
-0.0,1.0,-0.0,1.0,-0.0,-0.0,1.0,1.0,-0.0,-0.0,-0.0,-68.0,3.0,-1.0,1023.5884136632086
1.0,1.0,0.0,1.0,-0.0,-0.0,1.0,-0.0,-0.0,-0.0,-0.0,1692.0,4.0,-5.0,-34.72533473577351
0.0,1.0,-0.0,1.0,-0.0,-0.0,1.0,1.0,-0.0,-0.0,0.0,342.0,3.0,3.0,2381.0333139926197
-0.0,1.0,1.0,1.0,0.0,0.0,1.0,0.0,0.0,-0.0,-0.0,412.0,-1.0,1.0,-253.63965846840296
-0.0,1.0,-0.0,1.0,1.0,-0.0,1.0,-0.0,-0.0,-0.0,-0.0,-390.0,2.0,-0.0,132.6411023120396
-0.0,1.0,0.0,1.0,0.0,1.0,-0.0,0.0,1.0,-0.0,-0.0,1871.0,5.0,4.0,439.9437705665827
-0.0,1.0,-0.0,1.0,1.0,0.0,0.0,-0.0,-0.0,1.0,-0.0,-123.0,8.0,0.0,447.84270673170687
1.0,1.0,1.0,1.0,-0.0,-0.0,-0.0,-0.0,1.0,-0.0,-0.0,1372.0,3.0,1.0,175.37220877986402
-0.0,1.0,-0.0,1.0,-0.0,-0.0,0.0,-0.0,1.0,0.0,1.0,1508.0,5.0,2.0,75.14247864428908
-0.0,1.0,-0.0,1.0,1.0,0.0,0.0,0.0,1.0,-0.0,0.0,1382.0,-1.0,1.0,2.5505978119559587
1.0,1.0,0.0,1.0,0.0,0.0,-0.0,0.0,1.0,-0.0,-0.0,2378.0,-1.0,3.0,302.2300139836967
-0.0,1.0,-0.0,1.0,1.0,0.0,-0.0,0.0,1.0,-0.0,0.0,367.0,-1.0,1.0,-45.99652390051634
-0.0,1.0,0.0,1.0,-0.0,0.0,1.0,1.0,-0.0,-0.0,0.0,140.0,-1.0,2.0,103.59412095472217
-0.0,1.0,-0.0,1.0,1.0,-0.0,1.0,-0.0,-0.0,-0.0,-0.0,3806.0,-1.0,3.0,76.24201277298853
-0.0,1.0,-0.0,1.0,-0.0,-0.0,1.0,-0.0,-0.0,0.0,1.0,2019.0,3.0,1.0,-31.067987606581305
0.0,1.0,-0.0,1.0,1.0,0.0,0.0,-0.0,-0.0,1.0,-0.0,-269.0,1.0,0.0,387.652146178484
1.0,1.0,0.0,1.0,-0.0,0.0,-0.0,0.0,-0.0,1.0,0.0,5698.0,2.0,2.0,31.629345244797882
1.0,1.0,0.0,1.0,-0.0,0.0,-0.0,-0.0,0.0,1.0,0.0,1820.0,2.0,3.0,150.7699883054942
0.0,1.0,-0.0,1.0,1.0,-0.0,-0.0,-0.0,1.0,-0.0,-0.0,657.0,1.0,2.0,280.5142128944397
0.0,1.0,0.0,1.0,0.0,-0.0,0.0,-0.0,-0.0,1.0,0.0,1236.0,-1.0,5.0,244.41474918723108
1.0,1.0,0.0,1.0,-0.0,0.0,0.0,0.0,1.0,0.0,0.0,266.0,5.0,2.0,386.1248193446547
1.0,1.0,0.0,1.0,0.0,0.0,0.0,0.0,-0.0,1.0,0.0,20.0,-0.0,3.0,2.002612022869289
0.0,1.0,-0.0,1.0,1.0,0.0,1.0,0.0,-0.0,-0.0,-0.0,-128.0,1.0,3.0,142.32291074562818
-0.0,1.0,1.0,1.0,0.0,0.0,0.0,0.0,1.0,-0.0,0.0,443.0,2.0,4.0,301.2269307918847
1.0,1.0,0.0,1.0,0.0,0.0,-0.0,-0.0,-0.0,1.0,-0.0,-576.0,3.0,-1.0,190.0328658435494
-0.0,1.0,-0.0,1.0,1.0,-0.0,1.0,-0.0,-0.0,-0.0,-0.0,882.0,4.0,4.0,333.59352948851887
-0.0,1.0,-0.0,1.0,0.0,-0.0,-0.0,-0.0,-0.0,1.0,1.0,490.0,0.0,3.0,318.8125319249928
0.0,1.0,0.0,1.0,0.0,0.0,1.0,0.0,-0.0,0.0,1.0,1324.0,1.0,4.0,199.56323721557857
0.0,1.0,0.0,1.0,-0.0,1.0,-0.0,-0.0,-0.0,1.0,0.0,403.0,2.0,5.0,274.07459570206703
0.0,1.0,0.0,1.0,0.0,0.0,0.0,0.0,1.0,-0.0,0.0,110.0,5.0,3.0,564.3704421527684
-0.0,1.0,-0.0,1.0,-0.0,1.0,-0.0,-0.0,-0.0,1.0,-0.0,1390.0,-1.0,7.0,313.893919062987
-0.0,1.0,-0.0,1.0,-0.0,0.0,1.0,1.0,-0.0,0.0,0.0,2367.0,4.0,1.0,2529.0304750412706
-0.0,1.0,-0.0,1.0,-0.0,-0.0,1.0,1.0,-0.0,0.0,-0.0,-30.0,6.0,-1.0,2249.5336282998323
-0.0,1.0,-0.0,1.0,0.0,-0.0,1.0,-0.0,-0.0,-0.0,1.0,3802.0,-4.0,5.0,-60.014824440144004
-0.0,1.0,0.0,1.0,-0.0,1.0,0.0,0.0,1.0,-0.0,0.0,4634.0,7.0,-1.0,912.5245005607605
1.0,1.0,0.0,1.0,0.0,-0.0,0.0,-0.0,-0.0,1.0,0.0,978.0,1.0,2.0,253.62865141574295
0.0,1.0,0.0,1.0,0.0,0.0,-0.0,1.0,0.0,1.0,-0.0,4070.0,4.0,1.0,1931.3564260751011
1.0,1.0,-0.0,1.0,0.0,0.0,0.0,0.0,1.0,-0.0,0.0,-150.0,6.0,2.0,117.31408450454474
-0.0,1.0,0.0,1.0,-0.0,-0.0,0.0,-0.0,-0.0,1.0,1.0,138.0,6.0,4.0,287.0151878535748
-0.0,1.0,-0.0,1.0,-0.0,-0.0,-0.0,1.0,1.0,-0.0,0.0,446.0,7.0,3.0,3189.79328083694
1.0,1.0,0.0,1.0,0.0,0.0,0.0,0.0,1.0,-0.0,0.0,2894.0,6.0,2.0,325.03151667788626
-0.0,1.0,1.0,1.0,0.0,-0.0,1.0,-0.0,-0.0,-0.0,-0.0,-321.0,-1.0,1.0,112.50849048681557
-0.0,1.0,-0.0,1.0,-0.0,1.0,1.0,-0.0,-0.0,-0.0,-0.0,4143.0,4.0,1.0,208.65329372212292
0.0,1.0,0.0,1.0,0.0,-0.0,0.0,1.0,-0.0,1.0,0.0,4582.0,3.0,8.0,3989.099761882425
-0.0,1.0,-0.0,1.0,0.0,-0.0,-0.0,1.0,1.0,0.0,0.0,3238.0,-2.0,4.0,774.2149217344821
-0.0,1.0,-0.0,1.0,-0.0,-0.0,1.0,1.0,-0.0,-0.0,-0.0,363.0,7.0,-0.0,2065.564895012975
0.0,1.0,0.0,1.0,0.0,1.0,1.0,0.0,0.0,0.0,0.0,3137.0,1.0,3.0,251.5218163629994
-0.0,1.0,0.0,1.0,1.0,-0.0,1.0,0.0,0.0,0.0,0.0,767.0,-1.0,1.0,-64.1539471521508
-0.0,1.0,-0.0,1.0,-0.0,1.0,1.0,0.0,-0.0,-0.0,0.0,1164.0,-1.0,2.0,-0.7815713756368496
0.0,1.0,0.0,1.0,0.0,0.0,0.0,-0.0,1.0,0.0,0.0,19.0,1.0,3.0,225.87851215787234
-0.0,1.0,1.0,1.0,0.0,0.0,1.0,0.0,0.0,0.0,0.0,-379.0,3.0,-0.0,38.78317806227133
-0.0,1.0,-0.0,1.0,1.0,-0.0,0.0,-0.0,1.0,-0.0,-0.0,337.0,1.0,2.0,218.35112953819336
-0.0,1.0,-0.0,1.0,-0.0,-0.0,0.0,1.0,1.0,-0.0,-0.0,257.0,3.0,0.0,1194.717682094872
0.0,1.0,0.0,1.0,0.0,1.0,-0.0,0.0,1.0,-0.0,0.0,616.0,3.0,2.0,385.91493188515307
-0.0,1.0,-0.0,1.0,-0.0,1.0,-0.0,-0.0,-0.0,1.0,0.0,765.0,2.0,-1.0,-151.6619690595195
-0.0,1.0,-0.0,1.0,0.0,-0.0,-0.0,1.0,-0.0,1.0,-0.0,878.0,2.0,4.0,2657.1242641538383
-0.0,1.0,-0.0,1.0,-0.0,1.0,0.0,-0.0,-0.0,1.0,-0.0,866.0,4.0,2.0,431.71003654971724
0.0,1.0,0.0,1.0,0.0,0.0,1.0,0.0,-0.0,0.0,0.0,592.0,4.0,2.0,386.8913164224476
0.0,1.0,1.0,1.0,-0.0,0.0,0.0,-0.0,1.0,-0.0,-0.0,4641.0,-1.0,3.0,-9.742472117231229
0.0,1.0,1.0,1.0,0.0,0.0,-0.0,0.0,-0.0,1.0,0.0,-301.0,1.0,1.0,159.66077129617335
-0.0,1.0,0.0,1.0,-0.0,1.0,0.0,-0.0,1.0,-0.0,-0.0,1069.0,4.0,1.0,277.66050345599655
-0.0,1.0,1.0,1.0,-0.0,0.0,0.0,-0.0,-0.0,1.0,-0.0,275.0,2.0,0.0,-94.82031246786939
0.0,1.0,0.0,1.0,0.0,0.0,1.0,0.0,-0.0,0.0,0.0,4180.0,2.0,4.0,299.59018861316144
0.0,1.0,0.0,1.0,0.0,1.0,0.0,0.0,1.0,0.0,-0.0,2882.0,0.0,2.0,-88.76893957490103
-0.0,1.0,-0.0,1.0,-0.0,-0.0,1.0,-0.0,-0.0,-0.0,1.0,4793.0,-2.0,4.0,362.323967994377
0.0,1.0,0.0,1.0,0.0,0.0,0.0,1.0,0.0,1.0,0.0,29.0,5.0,-0.0,1312.4537036180498
-0.0,1.0,-0.0,1.0,-0.0,-0.0,-0.0,-0.0,1.0,0.0,1.0,242.0,3.0,5.0,223.03135453648866
-0.0,1.0,0.0,1.0,0.0,-0.0,1.0,1.0,-0.0,-0.0,-0.0,5660.0,3.0,5.0,3017.1922122210267
-0.0,1.0,1.0,1.0,0.0,-0.0,-0.0,0.0,1.0,-0.0,-0.0,4232.0,-3.0,4.0,131.3178482000716
-0.0,1.0,-0.0,1.0,1.0,0.0,1.0,-0.0,-0.0,-0.0,0.0,357.0,1.0,-2.0,-229.74324886631223
-0.0,1.0,0.0,1.0,1.0,-0.0,1.0,-0.0,-0.0,-0.0,-0.0,666.0,1.0,-2.0,-80.91650493135677
-0.0,1.0,-0.0,1.0,-0.0,1.0,1.0,-0.0,0.0,0.0,-0.0,1224.0,2.0,3.0,248.9357158923522
0.0,1.0,0.0,1.0,0.0,0.0,1.0,0.0,0.0,0.0,0.0,2015.0,1.0,4.0,124.88136769011618
1.0,1.0,-0.0,1.0,0.0,0.0,-0.0,-0.0,-0.0,1.0,0.0,3144.0,2.0,2.0,260.01053072027867
0.0,1.0,0.0,1.0,0.0,1.0,0.0,0.0,1.0,0.0,-0.0,5471.0,4.0,1.0,182.42758211903276
-0.0,1.0,1.0,1.0,-0.0,0.0,1.0,-0.0,-0.0,0.0,0.0,691.0,6.0,2.0,217.87476329933853
-0.0,1.0,-0.0,1.0,-0.0,-0.0,-0.0,1.0,-0.0,1.0,-0.0,-171.0,3.0,-2.0,727.5187456697226
0.0,1.0,0.0,1.0,-0.0,1.0,1.0,-0.0,-0.0,0.0,-0.0,1844.0,4.0,4.0,429.4052711036057
-0.0,1.0,0.0,1.0,1.0,0.0,1.0,-0.0,-0.0,-0.0,-0.0,5160.0,-4.0,5.0,176.29744000546637
1.0,1.0,0.0,1.0,0.0,0.0,1.0,-0.0,-0.0,0.0,0.0,3716.0,-5.0,7.0,236.11430129315707
0.0,1.0,1.0,1.0,0.0,0.0,1.0,-0.0,-0.0,-0.0,-0.0,1385.0,2.0,6.0,262.8525943038985
1.0,1.0,0.0,1.0,0.0,0.0,0.0,0.0,1.0,-0.0,-0.0,2412.0,2.0,0.0,221.94516154527665
0.0,1.0,0.0,1.0,0.0,0.0,1.0,0.0,-0.0,0.0,-0.0,410.0,3.0,4.0,344.7705035239458
-0.0,1.0,0.0,1.0,-0.0,0.0,-0.0,0.0,-0.0,1.0,1.0,4313.0,1.0,1.0,125.87813656823711
-0.0,1.0,0.0,1.0,-0.0,-0.0,0.0,1.0,1.0,-0.0,0.0,1179.0,6.0,1.0,2445.6415682345632
0.0,1.0,1.0,1.0,0.0,0.0,1.0,-0.0,-0.0,-0.0,-0.0,-255.0,-3.0,4.0,-72.03726951824501
0.0,1.0,1.0,1.0,0.0,0.0,1.0,0.0,-0.0,-0.0,-0.0,993.0,4.0,1.0,160.41170780844988
1.0,1.0,0.0,1.0,-0.0,-0.0,-0.0,-0.0,-0.0,1.0,0.0,1879.0,5.0,-3.0,97.65837125331164
-0.0,1.0,1.0,1.0,0.0,0.0,0.0,0.0,0.0,1.0,0.0,4591.0,-1.0,1.0,48.34034227118828
-0.0,1.0,-0.0,1.0,1.0,-0.0,0.0,-0.0,1.0,-0.0,-0.0,3586.0,3.0,4.0,387.0919985789806
1.0,1.0,-0.0,1.0,-0.0,-0.0,0.0,0.0,-0.0,1.0,-0.0,742.0,2.0,6.0,330.43650367930536
-0.0,1.0,0.0,1.0,0.0,-0.0,1.0,1.0,-0.0,-0.0,0.0,-865.0,3.0,-2.0,748.1529727987946
-0.0,1.0,-0.0,1.0,1.0,-0.0,0.0,-0.0,1.0,0.0,-0.0,3799.0,3.0,4.0,413.95241745971146
-0.0,1.0,-0.0,1.0,1.0,-0.0,-0.0,-0.0,1.0,0.0,-0.0,1149.0,4.0,-1.0,81.50534129980952
0.0,1.0,1.0,1.0,-0.0,0.0,1.0,-0.0,-0.0,0.0,0.0,533.0,3.0,3.0,334.98909928128126
1.0,1.0,0.0,1.0,0.0,0.0,-0.0,0.0,1.0,0.0,0.0,2514.0,6.0,2.0,377.73577450439336
-0.0,1.0,-0.0,1.0,1.0,-0.0,-0.0,0.0,-0.0,1.0,-0.0,548.0,7.0,6.0,354.8953540168703
-0.0,1.0,1.0,1.0,0.0,-0.0,1.0,-0.0,-0.0,-0.0,-0.0,4871.0,-2.0,1.0,-31.60437667947263
0.0,1.0,0.0,1.0,0.0,1.0,0.0,0.0,1.0,-0.0,0.0,4509.0,-1.0,4.0,183.36031517516824
1.0,1.0,-0.0,1.0,0.0,-0.0,-0.0,-0.0,-0.0,1.0,0.0,773.0,3.0,-1.0,127.68719972539694
-0.0,1.0,-0.0,1.0,-0.0,-0.0,1.0,1.0,-0.0,0.0,-0.0,-68.0,3.0,1.0,1818.7667258158328
0.0,1.0,-0.0,1.0,1.0,0.0,1.0,0.0,-0.0,0.0,0.0,350.0,2.0,-1.0,-117.0692431010306
-0.0,1.0,-0.0,1.0,-0.0,0.0,-0.0,0.0,-0.0,1.0,1.0,-56.0,0.0,2.0,86.98762336298824
1.0,1.0,0.0,1.0,0.0,-0.0,0.0,0.0,1.0,-0.0,0.0,1604.0,1.0,4.0,144.20195549875498
0.0,1.0,0.0,1.0,1.0,0.0,0.0,0.0,1.0,0.0,0.0,2764.0,6.0,-0.0,339.96081462055446
-0.0,1.0,1.0,1.0,-0.0,0.0,1.0,0.0,-0.0,-0.0,-0.0,530.0,1.0,5.0,193.67988567110152
-0.0,1.0,-0.0,1.0,-0.0,-0.0,-0.0,1.0,-0.0,1.0,-0.0,-439.0,-0.0,2.0,1732.40276991874
-0.0,1.0,-0.0,1.0,-0.0,-0.0,1.0,1.0,0.0,0.0,0.0,183.0,0.0,3.0,1577.9216686353088
-0.0,1.0,-0.0,1.0,1.0,-0.0,0.0,0.0,0.0,1.0,0.0,4779.0,-2.0,5.0,280.1377127271146
-0.0,1.0,-0.0,1.0,1.0,-0.0,-0.0,-0.0,-0.0,1.0,-0.0,95.0,3.0,4.0,180.34500516895207
-0.0,1.0,1.0,1.0,-0.0,0.0,0.0,-0.0,-0.0,1.0,-0.0,4498.0,3.0,-2.0,67.71199739892036
0.0,1.0,1.0,1.0,0.0,-0.0,0.0,0.0,1.0,0.0,-0.0,628.0,3.0,-1.0,75.56760967373849
0.0,1.0,0.0,1.0,-0.0,0.0,0.0,0.0,1.0,0.0,1.0,1794.0,0.0,4.0,239.97743280641737
0.0,1.0,0.0,1.0,0.0,0.0,0.0,-0.0,-0.0,1.0,0.0,-53.0,1.0,0.0,-47.358298601908615
-0.0,1.0,-0.0,1.0,-0.0,1.0,1.0,0.0,0.0,-0.0,-0.0,4275.0,2.0,2.0,270.43696135245267
0.0,1.0,-0.0,1.0,-0.0,1.0,1.0,0.0,-0.0,-0.0,-0.0,754.0,1.0,2.0,321.0104372348637
0.0,1.0,1.0,1.0,0.0,0.0,-0.0,-0.0,-0.0,1.0,-0.0,1052.0,-0.0,5.0,292.8179029095918
-0.0,1.0,-0.0,1.0,-0.0,1.0,0.0,-0.0,-0.0,1.0,-0.0,3748.0,-0.0,1.0,-171.3669683545828
0.0,1.0,-0.0,1.0,1.0,-0.0,0.0,0.0,1.0,-0.0,-0.0,4571.0,1.0,4.0,78.80405169548467
-0.0,1.0,-0.0,1.0,-0.0,1.0,0.0,0.0,1.0,-0.0,-0.0,164.0,6.0,5.0,591.7547443255783
0.0,1.0,0.0,1.0,0.0,0.0,1.0,0.0,-0.0,-0.0,0.0,297.0,1.0,-1.0,97.00897152591497
-0.0,1.0,-0.0,1.0,-0.0,1.0,0.0,-0.0,1.0,-0.0,0.0,3457.0,2.0,4.0,380.48285312019294
0.0,1.0,0.0,1.0,0.0,0.0,0.0,0.0,1.0,0.0,0.0,352.0,4.0,3.0,494.523092917353
-0.0,1.0,-0.0,1.0,-0.0,-0.0,1.0,1.0,-0.0,-0.0,-0.0,-980.0,4.0,-4.0,367.2829400494695
0.0,1.0,1.0,1.0,0.0,-0.0,1.0,-0.0,-0.0,-0.0,-0.0,-29.0,-1.0,-0.0,-52.73603413924575
1.0,1.0,-0.0,1.0,0.0,0.0,-0.0,-0.0,1.0,-0.0,-0.0,646.0,5.0,-1.0,356.8663699019701
0.0,1.0,-0.0,1.0,0.0,0.0,-0.0,0.0,1.0,-0.0,1.0,-133.0,2.0,2.0,146.4755179161206
0.0,1.0,0.0,1.0,-0.0,0.0,1.0,0.0,0.0,0.0,0.0,103.0,1.0,3.0,308.7429460089654
-0.0,1.0,1.0,1.0,-0.0,-0.0,1.0,0.0,-0.0,-0.0,-0.0,304.0,4.0,-1.0,106.5841737061739
-0.0,1.0,-0.0,1.0,-0.0,-0.0,0.0,1.0,1.0,-0.0,0.0,57.0,5.0,-0.0,1180.5480673402549
1.0,1.0,-0.0,1.0,-0.0,-0.0,0.0,-0.0,-0.0,1.0,0.0,4593.0,3.0,-0.0,53.056843861565
0.0,1.0,0.0,1.0,-0.0,0.0,1.0,0.0,-0.0,-0.0,1.0,113.0,3.0,3.0,269.15445954259485
-0.0,1.0,-0.0,1.0,0.0,-0.0,-0.0,0.0,1.0,0.0,1.0,1177.0,1.0,1.0,-17.323884705780074
1.0,1.0,-0.0,1.0,0.0,-0.0,0.0,-0.0,1.0,-0.0,-0.0,4497.0,1.0,3.0,161.6528676526621
-0.0,1.0,-0.0,1.0,-0.0,-0.0,0.0,1.0,-0.0,1.0,-0.0,1063.0,2.0,2.0,2097.223537117243
0.0,1.0,0.0,1.0,0.0,0.0,-0.0,0.0,1.0,-0.0,1.0,1502.0,4.0,4.0,430.86285384483637
1.0,1.0,0.0,1.0,0.0,0.0,-0.0,-0.0,-0.0,1.0,0.0,909.0,4.0,4.0,438.4228645134718
-0.0,1.0,-0.0,1.0,-0.0,-0.0,1.0,-0.0,0.0,-0.0,1.0,425.0,1.0,1.0,-18.00435437813867
-0.0,1.0,1.0,1.0,-0.0,0.0,1.0,0.0,0.0,0.0,0.0,412.0,-2.0,2.0,-107.31040986813606
1.0,1.0,0.0,1.0,0.0,-0.0,0.0,0.0,1.0,-0.0,-0.0,1015.0,3.0,6.0,210.12705945149065
0.0,1.0,-0.0,1.0,0.0,0.0,0.0,1.0,1.0,0.0,0.0,409.0,-2.0,4.0,1090.3359016932548
0.0,1.0,-0.0,1.0,-0.0,-0.0,0.0,0.0,1.0,0.0,1.0,621.0,7.0,0.0,211.9099399097264
1.0,1.0,-0.0,1.0,-0.0,-0.0,0.0,-0.0,1.0,-0.0,-0.0,614.0,2.0,3.0,87.25829530525954
0.0,1.0,0.0,1.0,0.0,1.0,0.0,0.0,1.0,0.0,0.0,242.0,9.0,5.0,519.6605804659426
1.0,1.0,-0.0,1.0,0.0,-0.0,0.0,-0.0,1.0,0.0,0.0,-30.0,4.0,3.0,159.00316541790963
-0.0,1.0,1.0,1.0,-0.0,-0.0,1.0,-0.0,-0.0,-0.0,-0.0,2966.0,-3.0,-2.0,-97.99520016834141
-0.0,1.0,1.0,1.0,-0.0,0.0,-0.0,0.0,-0.0,1.0,-0.0,3252.0,2.0,5.0,232.52280811518432
-0.0,1.0,0.0,1.0,0.0,-0.0,-0.0,1.0,1.0,-0.0,0.0,-65.0,4.0,1.0,2344.236999022961
-0.0,1.0,-0.0,1.0,-0.0,-0.0,1.0,-0.0,-0.0,-0.0,1.0,-198.0,5.0,3.0,126.76807806920262
0.0,1.0,-0.0,1.0,-0.0,0.0,1.0,0.0,0.0,-0.0,1.0,172.0,2.0,3.0,254.69196218587462
-0.0,1.0,1.0,1.0,-0.0,0.0,1.0,-0.0,-0.0,0.0,0.0,475.0,2.0,-3.0,175.6745259985328
-0.0,1.0,-0.0,1.0,-0.0,1.0,1.0,-0.0,-0.0,-0.0,-0.0,758.0,5.0,8.0,370.77296196073297
-0.0,1.0,-0.0,1.0,1.0,-0.0,0.0,-0.0,0.0,1.0,-0.0,849.0,2.0,4.0,329.3221706338227
0.0,1.0,1.0,1.0,0.0,0.0,-0.0,0.0,1.0,0.0,-0.0,575.0,1.0,1.0,-231.7122500676662
1.0,1.0,-0.0,1.0,-0.0,-0.0,0.0,-0.0,1.0,-0.0,-0.0,839.0,2.0,6.0,169.41043198518457
-0.0,1.0,0.0,1.0,0.0,0.0,1.0,0.0,-0.0,-0.0,1.0,396.0,4.0,-2.0,-98.950733547844
-0.0,1.0,-0.0,1.0,-0.0,-0.0,0.0,1.0,-0.0,1.0,-0.0,4394.0,0.0,-1.0,485.6041043542326
-0.0,1.0,-0.0,1.0,1.0,0.0,0.0,-0.0,-0.0,1.0,-0.0,77.0,4.0,2.0,331.3110074613244
-0.0,1.0,1.0,1.0,-0.0,0.0,-0.0,-0.0,-0.0,1.0,0.0,-264.0,-2.0,4.0,140.79658306390047
0.0,1.0,0.0,1.0,1.0,0.0,0.0,-0.0,1.0,-0.0,0.0,355.0,1.0,-0.0,80.16523263845593
1.0,1.0,0.0,1.0,-0.0,-0.0,1.0,-0.0,-0.0,-0.0,0.0,-38.0,6.0,-2.0,173.12791660521182
0.0,1.0,1.0,1.0,-0.0,0.0,0.0,-0.0,1.0,-0.0,-0.0,5199.0,8.0,-3.0,161.5180803962052
-0.0,1.0,1.0,1.0,-0.0,-0.0,-0.0,-0.0,-0.0,1.0,-0.0,372.0,3.0,1.0,-62.83969769375399
0.0,1.0,-0.0,1.0,-0.0,0.0,0.0,0.0,0.0,1.0,1.0,-209.0,-0.0,5.0,199.38976147938521
-0.0,1.0,1.0,1.0,0.0,-0.0,0.0,-0.0,1.0,-0.0,-0.0,1049.0,1.0,3.0,313.8883172594011
-0.0,1.0,1.0,1.0,-0.0,-0.0,1.0,-0.0,-0.0,-0.0,1.0,2631.0,1.0,0.0,-58.75177743206732
-0.0,1.0,0.0,1.0,1.0,0.0,1.0,0.0,-0.0,0.0,0.0,295.0,1.0,1.0,76.72041007513181
0.0,1.0,0.0,1.0,-0.0,1.0,0.0,-0.0,-0.0,1.0,0.0,103.0,2.0,2.0,283.02696577310564
-0.0,1.0,1.0,1.0,-0.0,-0.0,-0.0,-0.0,1.0,0.0,-0.0,199.0,-3.0,3.0,-72.72885475773364
-0.0,1.0,0.0,1.0,-0.0,0.0,-0.0,-0.0,-0.0,1.0,1.0,359.0,1.0,-1.0,-84.19946485422552
0.0,1.0,0.0,1.0,0.0,1.0,0.0,0.0,1.0,-0.0,0.0,4791.0,0.0,3.0,121.53507626559586
-0.0,1.0,-0.0,1.0,-0.0,-0.0,1.0,-0.0,-0.0,-0.0,1.0,1383.0,3.0,1.0,-36.22565989354626
-0.0,1.0,0.0,1.0,0.0,1.0,-0.0,-0.0,-0.0,1.0,-0.0,3188.0,5.0,3.0,454.7133352093399
-0.0,1.0,-0.0,1.0,1.0,-0.0,0.0,-0.0,-0.0,1.0,-0.0,121.0,-3.0,6.0,88.94365196656436
0.0,1.0,0.0,1.0,1.0,0.0,-0.0,0.0,1.0,-0.0,0.0,392.0,1.0,2.0,300.83536144532263
1.0,1.0,-0.0,1.0,0.0,0.0,-0.0,-0.0,1.0,-0.0,0.0,3860.0,6.0,1.0,517.6836679454893
-0.0,1.0,0.0,1.0,-0.0,0.0,0.0,1.0,-0.0,1.0,0.0,3880.0,3.0,2.0,2287.583436909318
-0.0,1.0,-0.0,1.0,-0.0,-0.0,-0.0,1.0,1.0,-0.0,-0.0,-663.0,2.0,1.0,1574.21307810694
1.0,1.0,0.0,1.0,-0.0,0.0,-0.0,-0.0,0.0,1.0,0.0,3187.0,3.0,0.0,382.0899810858071
0.0,1.0,-0.0,1.0,1.0,0.0,1.0,-0.0,-0.0,0.0,-0.0,1531.0,-1.0,6.0,339.59476460143924
-0.0,1.0,-0.0,1.0,-0.0,-0.0,1.0,-0.0,0.0,0.0,1.0,366.0,1.0,7.0,123.96151714427398
-0.0,1.0,0.0,1.0,0.0,-0.0,1.0,1.0,-0.0,-0.0,0.0,1151.0,3.0,3.0,1427.6647858828308
0.0,1.0,0.0,1.0,0.0,0.0,-0.0,-0.0,1.0,0.0,0.0,-283.0,4.0,5.0,316.6645187020302
0.0,1.0,-0.0,1.0,-0.0,0.0,0.0,1.0,0.0,1.0,0.0,4022.0,1.0,0.0,811.3704073153436
-0.0,1.0,-0.0,1.0,1.0,-0.0,-0.0,-0.0,1.0,-0.0,-0.0,611.0,-3.0,3.0,88.33229372696952
-0.0,1.0,-0.0,1.0,0.0,1.0,0.0,0.0,1.0,-0.0,0.0,1167.0,3.0,1.0,387.95598669461907
0.0,1.0,-0.0,1.0,-0.0,1.0,1.0,-0.0,0.0,0.0,0.0,966.0,4.0,5.0,442.46877534314996
-0.0,1.0,0.0,1.0,-0.0,1.0,1.0,-0.0,-0.0,-0.0,-0.0,1110.0,5.0,2.0,129.51796577656643
1.0,1.0,0.0,1.0,-0.0,0.0,-0.0,0.0,-0.0,1.0,0.0,1597.0,3.0,3.0,430.89161632172767
-0.0,1.0,-0.0,1.0,-0.0,-0.0,1.0,1.0,-0.0,-0.0,-0.0,131.0,10.0,2.0,4845.190841382742
0.0,1.0,0.0,1.0,-0.0,0.0,1.0,1.0,0.0,-0.0,0.0,527.0,5.0,2.0,2472.369574892521
-0.0,1.0,1.0,1.0,0.0,0.0,-0.0,0.0,1.0,-0.0,-0.0,2503.0,3.0,5.0,424.1167426504195
1.0,1.0,-0.0,1.0,-0.0,-0.0,-0.0,0.0,1.0,0.0,-0.0,1947.0,5.0,1.0,202.6631311800331
-0.0,1.0,-0.0,1.0,-0.0,-0.0,1.0,1.0,-0.0,-0.0,-0.0,470.0,5.0,3.0,2761.4029844731094
0.0,1.0,0.0,1.0,0.0,0.0,0.0,-0.0,1.0,0.0,0.0,4434.0,-0.0,5.0,296.54716442078353
-0.0,1.0,0.0,1.0,-0.0,1.0,-0.0,-0.0,-0.0,1.0,-0.0,231.0,3.0,5.0,491.19208360612396
1.0,1.0,0.0,1.0,-0.0,-0.0,-0.0,-0.0,1.0,0.0,0.0,5531.0,2.0,-3.0,-203.12224976047875
-0.0,1.0,-0.0,1.0,-0.0,1.0,1.0,-0.0,-0.0,0.0,-0.0,4191.0,3.0,3.0,143.69268275871875
-0.0,1.0,1.0,1.0,-0.0,0.0,0.0,0.0,-0.0,1.0,-0.0,4637.0,-2.0,6.0,185.84153743423522
-0.0,1.0,-0.0,1.0,-0.0,-0.0,0.0,1.0,-0.0,1.0,0.0,-452.0,-2.0,-1.0,-31.005176155408847
-0.0,1.0,0.0,1.0,-0.0,0.0,0.0,0.0,-0.0,1.0,-0.0,5679.0,2.0,-0.0,-33.334523200150585
-0.0,1.0,-0.0,1.0,1.0,0.0,1.0,-0.0,-0.0,-0.0,-0.0,3065.0,-2.0,1.0,-51.84474951578304
-0.0,1.0,1.0,1.0,-0.0,0.0,1.0,0.0,0.0,-0.0,0.0,1083.0,3.0,1.0,173.0222357960418
0.0,1.0,0.0,1.0,1.0,0.0,1.0,0.0,0.0,0.0,0.0,860.0,-1.0,5.0,114.1956898466684
0.0,1.0,1.0,1.0,0.0,0.0,-0.0,-0.0,-0.0,1.0,-0.0,4074.0,1.0,5.0,126.2929566755891
-0.0,1.0,-0.0,1.0,-0.0,-0.0,-0.0,-0.0,-0.0,1.0,1.0,-680.0,-4.0,3.0,-399.5379940606654
1.0,1.0,0.0,1.0,0.0,0.0,0.0,0.0,-0.0,1.0,-0.0,1569.0,3.0,-2.0,167.93255499061198
0.0,1.0,-0.0,1.0,-0.0,0.0,-0.0,-0.0,-0.0,1.0,1.0,-610.0,6.0,3.0,456.2622502803803
0.0,1.0,-0.0,1.0,-0.0,0.0,0.0,1.0,-0.0,1.0,0.0,4053.0,4.0,6.0,3266.548341834545
-0.0,1.0,0.0,1.0,0.0,0.0,1.0,1.0,-0.0,-0.0,0.0,444.0,2.0,2.0,1073.0767776042223
-0.0,1.0,-0.0,1.0,1.0,-0.0,0.0,-0.0,1.0,-0.0,-0.0,248.0,1.0,2.0,164.92453388087452
-0.0,1.0,-0.0,1.0,0.0,-0.0,1.0,-0.0,0.0,-0.0,1.0,1684.0,0.0,4.0,269.4431653613225
-0.0,1.0,0.0,1.0,-0.0,1.0,1.0,0.0,-0.0,-0.0,-0.0,465.0,1.0,-1.0,-234.62210857830942
-0.0,1.0,-0.0,1.0,-0.0,1.0,0.0,-0.0,-0.0,1.0,-0.0,4835.0,1.0,6.0,457.3083133921028
-0.0,1.0,1.0,1.0,-0.0,0.0,1.0,0.0,-0.0,-0.0,-0.0,632.0,-0.0,-0.0,-124.22453984012829
-0.0,1.0,-0.0,1.0,-0.0,-0.0,-0.0,-0.0,1.0,0.0,1.0,346.0,9.0,0.0,98.05674629984425
1.0,1.0,0.0,1.0,0.0,0.0,0.0,-0.0,0.0,1.0,0.0,2402.0,5.0,2.0,106.44029580354692
-0.0,1.0,-0.0,1.0,-0.0,0.0,1.0,1.0,-0.0,-0.0,0.0,-214.0,4.0,-1.0,1260.9163244098427
-0.0,1.0,0.0,1.0,-0.0,1.0,-0.0,-0.0,-0.0,1.0,0.0,984.0,5.0,5.0,527.1023308366538
-0.0,1.0,-0.0,1.0,1.0,0.0,0.0,-0.0,-0.0,1.0,-0.0,314.0,1.0,2.0,302.6588304102421
-0.0,1.0,1.0,1.0,0.0,-0.0,-0.0,-0.0,1.0,-0.0,-0.0,733.0,1.0,3.0,127.08308124365286
-0.0,1.0,1.0,1.0,-0.0,-0.0,-0.0,0.0,1.0,-0.0,-0.0,1763.0,9.0,2.0,328.27142297290266
-0.0,1.0,-0.0,1.0,1.0,-0.0,-0.0,-0.0,-0.0,1.0,-0.0,-95.0,-0.0,0.0,-0.4678826594841667
-0.0,1.0,0.0,1.0,1.0,-0.0,1.0,0.0,-0.0,-0.0,-0.0,3366.0,-1.0,1.0,86.59231129093097
-0.0,1.0,1.0,1.0,-0.0,-0.0,-0.0,-0.0,1.0,0.0,0.0,890.0,1.0,5.0,217.279317785427
-0.0,1.0,1.0,1.0,-0.0,-0.0,1.0,-0.0,-0.0,-0.0,-0.0,335.0,2.0,2.0,155.11344990693033
0.0,1.0,0.0,1.0,1.0,0.0,0.0,0.0,-0.0,1.0,0.0,799.0,3.0,4.0,322.371872060746
0.0,1.0,0.0,1.0,0.0,1.0,1.0,0.0,-0.0,-0.0,0.0,647.0,5.0,-3.0,320.4256875623018
-0.0,1.0,-0.0,1.0,-0.0,1.0,-0.0,-0.0,-0.0,1.0,-0.0,1621.0,6.0,1.0,313.3160160392523
-0.0,1.0,-0.0,1.0,-0.0,1.0,0.0,-0.0,1.0,-0.0,-0.0,2792.0,2.0,4.0,149.46714310366661
-0.0,1.0,-0.0,1.0,0.0,1.0,1.0,0.0,-0.0,-0.0,-0.0,787.0,-0.0,0.0,72.82670614551753
0.0,1.0,0.0,1.0,0.0,1.0,0.0,0.0,0.0,1.0,0.0,2023.0,7.0,-0.0,398.8910676442087
0.0,1.0,-0.0,1.0,-0.0,0.0,0.0,1.0,-0.0,1.0,0.0,119.0,-2.0,2.0,246.6864607162774
-0.0,1.0,-0.0,1.0,0.0,0.0,-0.0,1.0,0.0,1.0,0.0,650.0,2.0,1.0,785.9355327904225
-0.0,1.0,-0.0,1.0,-0.0,0.0,1.0,1.0,0.0,-0.0,-0.0,4368.0,4.0,4.0,3463.1699442267422
-0.0,1.0,-0.0,1.0,-0.0,-0.0,0.0,-0.0,1.0,-0.0,1.0,2483.0,5.0,2.0,165.6735703662038
-0.0,1.0,0.0,1.0,0.0,0.0,1.0,1.0,0.0,0.0,0.0,514.0,3.0,-2.0,979.6810185298325
0.0,1.0,0.0,1.0,0.0,1.0,0.0,0.0,-0.0,1.0,0.0,825.0,4.0,6.0,615.9058558158576
0.0,1.0,1.0,1.0,-0.0,0.0,0.0,-0.0,0.0,1.0,-0.0,206.0,8.0,6.0,520.611183603108
0.0,1.0,-0.0,1.0,0.0,-0.0,0.0,0.0,1.0,0.0,1.0,5373.0,-2.0,5.0,212.33949341569098
-0.0,1.0,-0.0,1.0,-0.0,-0.0,0.0,1.0,1.0,0.0,-0.0,1370.0,5.0,2.0,2741.9723916560415
0.0,1.0,-0.0,1.0,-0.0,-0.0,-0.0,-0.0,-0.0,1.0,1.0,-266.0,-1.0,1.0,-261.70599355939777
-0.0,1.0,-0.0,1.0,0.0,1.0,1.0,0.0,0.0,0.0,-0.0,213.0,-1.0,-0.0,-250.01946833170953
0.0,1.0,1.0,1.0,0.0,-0.0,1.0,0.0,-0.0,0.0,-0.0,3071.0,1.0,3.0,378.1242644969374
0.0,1.0,1.0,1.0,0.0,0.0,1.0,0.0,0.0,-0.0,0.0,778.0,3.0,3.0,123.60775178214536
-0.0,1.0,-0.0,1.0,-0.0,1.0,1.0,0.0,-0.0,-0.0,0.0,1303.0,1.0,1.0,41.560996984736995
0.0,1.0,1.0,1.0,0.0,-0.0,1.0,0.0,-0.0,-0.0,-0.0,1108.0,2.0,6.0,120.75410786187277
-0.0,1.0,-0.0,1.0,-0.0,0.0,1.0,1.0,-0.0,0.0,-0.0,216.0,2.0,1.0,753.0884565897287
-0.0,1.0,-0.0,1.0,-0.0,1.0,0.0,-0.0,1.0,-0.0,-0.0,2613.0,5.0,2.0,46.72800970589743
-0.0,1.0,0.0,1.0,-0.0,-0.0,0.0,0.0,-0.0,1.0,1.0,297.0,2.0,2.0,335.7589705448598
0.0,1.0,0.0,1.0,0.0,0.0,0.0,0.0,-0.0,1.0,0.0,1480.0,1.0,0.0,474.91743554845453
-0.0,1.0,-0.0,1.0,-0.0,1.0,-0.0,-0.0,1.0,-0.0,-0.0,1097.0,1.0,3.0,251.59604845028372
0.0,1.0,0.0,1.0,0.0,0.0,0.0,0.0,1.0,0.0,1.0,1688.0,1.0,3.0,156.0267404459417
-0.0,1.0,1.0,1.0,-0.0,0.0,1.0,-0.0,-0.0,-0.0,-0.0,4991.0,0.0,0.0,108.80660738116131
1.0,1.0,0.0,1.0,0.0,-0.0,0.0,0.0,1.0,0.0,0.0,-52.0,1.0,3.0,182.71684484221043
0.0,1.0,0.0,1.0,1.0,-0.0,1.0,0.0,-0.0,-0.0,-0.0,277.0,4.0,2.0,331.70971828848127
-0.0,1.0,1.0,1.0,-0.0,0.0,1.0,-0.0,-0.0,-0.0,-0.0,234.0,3.0,-1.0,90.75243667149917
0.0,1.0,1.0,1.0,-0.0,0.0,-0.0,-0.0,1.0,-0.0,-0.0,4076.0,2.0,4.0,234.4999008106068
-0.0,1.0,-0.0,1.0,0.0,1.0,0.0,0.0,1.0,0.0,-0.0,873.0,3.0,2.0,326.1123699381948
-0.0,1.0,-0.0,1.0,0.0,1.0,1.0,-0.0,0.0,0.0,-0.0,652.0,4.0,5.0,460.917971482873
0.0,1.0,1.0,1.0,0.0,0.0,0.0,-0.0,0.0,1.0,0.0,438.0,1.0,6.0,342.3202222209424
-0.0,1.0,-0.0,1.0,-0.0,-0.0,1.0,-0.0,-0.0,0.0,1.0,4535.0,1.0,0.0,20.556717085815038
-0.0,1.0,1.0,1.0,0.0,-0.0,0.0,0.0,1.0,-0.0,-0.0,229.0,-2.0,4.0,78.41318666925655
0.0,1.0,0.0,1.0,0.0,0.0,1.0,1.0,-0.0,-0.0,0.0,758.0,4.0,5.0,2944.8342066884043
-0.0,1.0,-0.0,1.0,0.0,0.0,-0.0,1.0,1.0,-0.0,0.0,21.0,-2.0,3.0,221.17940154690297
-0.0,1.0,-0.0,1.0,-0.0,1.0,1.0,-0.0,-0.0,-0.0,-0.0,326.0,2.0,2.0,156.4173597790301
0.0,1.0,-0.0,1.0,-0.0,-0.0,0.0,1.0,0.0,1.0,-0.0,4124.0,1.0,6.0,2018.6888715699317
-0.0,1.0,1.0,1.0,-0.0,0.0,0.0,-0.0,-0.0,1.0,0.0,105.0,-2.0,3.0,210.4851981515065
-0.0,1.0,-0.0,1.0,1.0,-0.0,0.0,-0.0,-0.0,1.0,-0.0,710.0,-1.0,4.0,-41.07233380423859
-0.0,1.0,-0.0,1.0,1.0,0.0,-0.0,-0.0,-0.0,1.0,0.0,1664.0,5.0,-1.0,23.57874475196004
-0.0,1.0,-0.0,1.0,0.0,-0.0,1.0,1.0,-0.0,0.0,-0.0,-167.0,5.0,1.0,1817.6865932554008
0.0,1.0,0.0,1.0,-0.0,0.0,1.0,0.0,-0.0,0.0,0.0,3193.0,4.0,-2.0,308.1718568749726
-0.0,1.0,-0.0,1.0,-0.0,1.0,1.0,-0.0,-0.0,-0.0,-0.0,1923.0,7.0,6.0,715.0472963787616
-0.0,1.0,-0.0,1.0,-0.0,-0.0,-0.0,1.0,0.0,1.0,-0.0,150.0,-2.0,2.0,928.4052533768119
-0.0,1.0,-0.0,1.0,-0.0,1.0,-0.0,-0.0,1.0,-0.0,-0.0,2481.0,3.0,3.0,281.0390461999923
1.0,1.0,-0.0,1.0,0.0,0.0,-0.0,-0.0,1.0,-0.0,-0.0,3883.0,-2.0,5.0,156.43285482637586
-0.0,1.0,1.0,1.0,-0.0,0.0,-0.0,-0.0,-0.0,1.0,0.0,142.0,4.0,3.0,226.6453040674329
-0.0,1.0,-0.0,1.0,1.0,0.0,1.0,-0.0,0.0,0.0,-0.0,291.0,4.0,5.0,415.6418690066785
-0.0,1.0,1.0,1.0,-0.0,-0.0,1.0,0.0,-0.0,-0.0,-0.0,668.0,4.0,5.0,228.99799605533482
-0.0,1.0,-0.0,1.0,1.0,1.0,0.0,0.0,-0.0,0.0,0.0,214.0,4.0,0.0,262.16807683706287
1.0,1.0,0.0,1.0,0.0,0.0,0.0,0.0,1.0,0.0,0.0,399.0,2.0,3.0,418.1206507138908
-0.0,1.0,1.0,1.0,-0.0,-0.0,1.0,-0.0,-0.0,0.0,0.0,4143.0,3.0,5.0,290.74327003769577
0.0,1.0,-0.0,1.0,0.0,1.0,0.0,-0.0,1.0,-0.0,-0.0,4369.0,4.0,1.0,294.49788708090784
-0.0,1.0,-0.0,1.0,0.0,0.0,0.0,-0.0,1.0,-0.0,1.0,-261.0,5.0,2.0,168.6510927675292
0.0,1.0,0.0,1.0,0.0,1.0,-0.0,-0.0,1.0,-0.0,-0.0,4359.0,0.0,4.0,327.6087066773325
-0.0,1.0,0.0,1.0,1.0,-0.0,1.0,0.0,-0.0,0.0,0.0,342.0,2.0,0.0,51.463401003833866
0.0,1.0,1.0,1.0,-0.0,0.0,1.0,0.0,-0.0,0.0,0.0,2800.0,2.0,0.0,295.4534040808678
-0.0,1.0,-0.0,1.0,-0.0,0.0,1.0,1.0,-0.0,0.0,-0.0,-91.0,2.0,2.0,1880.8310405299069
-0.0,1.0,-0.0,1.0,-0.0,0.0,1.0,-0.0,-0.0,-0.0,1.0,282.0,3.0,-0.0,-8.730609490559438
0.0,1.0,0.0,1.0,1.0,0.0,0.0,0.0,-0.0,1.0,0.0,3808.0,2.0,2.0,204.8827721429989
-0.0,1.0,0.0,1.0,1.0,0.0,1.0,0.0,-0.0,0.0,-0.0,3599.0,2.0,8.0,534.9059053044766
0.0,1.0,1.0,1.0,0.0,0.0,1.0,0.0,0.0,0.0,0.0,4509.0,4.0,1.0,335.93554201461376
1.0,1.0,0.0,1.0,0.0,0.0,0.0,0.0,-0.0,1.0,0.0,1701.0,3.0,1.0,280.0097557399422
0.0,1.0,-0.0,1.0,0.0,1.0,0.0,-0.0,-0.0,1.0,-0.0,782.0,2.0,5.0,260.83977782595906
1.0,1.0,-0.0,1.0,0.0,0.0,-0.0,0.0,0.0,1.0,-0.0,2531.0,3.0,0.0,137.61783798113467
0.0,1.0,0.0,1.0,0.0,0.0,0.0,1.0,-0.0,1.0,0.0,4616.0,5.0,5.0,3241.9677587360147
0.0,1.0,0.0,1.0,-0.0,0.0,1.0,0.0,-0.0,-0.0,0.0,-744.0,3.0,3.0,199.43243018798532
-0.0,1.0,0.0,1.0,-0.0,-0.0,1.0,0.0,0.0,0.0,1.0,-306.0,4.0,-3.0,-87.9422394881025
1.0,1.0,0.0,1.0,-0.0,0.0,0.0,0.0,0.0,1.0,-0.0,4117.0,-1.0,5.0,238.63039559852334
1.0,1.0,0.0,1.0,-0.0,-0.0,-0.0,-0.0,1.0,0.0,-0.0,1927.0,6.0,-4.0,132.70914293220267
-0.0,1.0,-0.0,1.0,1.0,0.0,-0.0,0.0,0.0,1.0,-0.0,1249.0,1.0,2.0,250.61760009061547
0.0,1.0,0.0,1.0,0.0,0.0,-0.0,0.0,1.0,0.0,1.0,1585.0,5.0,-1.0,469.9681601826102
1.0,1.0,0.0,1.0,0.0,0.0,-0.0,0.0,0.0,1.0,0.0,205.0,3.0,2.0,152.1588752448559
1.0,1.0,0.0,1.0,-0.0,0.0,-0.0,0.0,1.0,0.0,-0.0,4718.0,4.0,0.0,20.07939878604375
-0.0,1.0,0.0,1.0,-0.0,-0.0,0.0,-0.0,-0.0,1.0,1.0,668.0,5.0,3.0,304.1628327753395
-0.0,1.0,-0.0,1.0,1.0,-0.0,0.0,-0.0,1.0,-0.0,0.0,1150.0,0.0,1.0,103.40775451846422
-0.0,1.0,-0.0,1.0,0.0,-0.0,1.0,1.0,0.0,0.0,0.0,3078.0,10.0,1.0,4131.224136191607
0.0,1.0,-0.0,1.0,0.0,0.0,0.0,1.0,1.0,-0.0,-0.0,1484.0,1.0,-0.0,645.5676351167263
1.0,1.0,0.0,1.0,0.0,0.0,0.0,0.0,1.0,-0.0,0.0,277.0,4.0,4.0,171.55582448132338
-0.0,1.0,-0.0,1.0,1.0,-0.0,-0.0,-0.0,1.0,-0.0,1.0,938.0,-2.0,2.0,-127.86178927049042
0.0,1.0,1.0,1.0,-0.0,0.0,0.0,0.0,1.0,-0.0,-0.0,4903.0,-1.0,4.0,267.36168584059925
1.0,1.0,-0.0,1.0,0.0,0.0,1.0,0.0,-0.0,1.0,0.0,1584.0,1.0,4.0,371.1071701489389
-0.0,1.0,-0.0,1.0,0.0,-0.0,1.0,1.0,-0.0,-0.0,-0.0,-698.0,2.0,-1.0,416.26049157343806
-0.0,1.0,0.0,1.0,-0.0,0.0,0.0,-0.0,-0.0,1.0,1.0,1668.0,2.0,2.0,27.92912466272246
-0.0,1.0,1.0,1.0,-0.0,0.0,-0.0,-0.0,-0.0,1.0,-0.0,181.0,6.0,7.0,444.88505271561445
-0.0,1.0,0.0,1.0,-0.0,0.0,1.0,1.0,-0.0,-0.0,-0.0,456.0,0.0,1.0,854.1892180442811
-0.0,1.0,0.0,1.0,1.0,0.0,1.0,-0.0,-0.0,-0.0,0.0,-109.0,1.0,-0.0,97.07161508677528
1.0,1.0,0.0,1.0,0.0,0.0,-0.0,-0.0,1.0,1.0,0.0,4549.0,2.0,-1.0,135.88113145362587
