gvn,instcombine,inline,jump_threading,simplifycfg,sccp,print_used_types,ipsccp,iv_users,licm,PERF
0.0,-0.0,1.0,0.0,1.0,0.0,0.0,0.0,0.0,1.0,223.70532253771134
-0.0,-0.0,-0.0,0.0,-0.0,1.0,0.0,1.0,0.0,1.0,209.0049171713374
0.0,0.0,-0.0,1.0,1.0,0.0,0.0,1.0,1.0,1.0,210.07832936982646
0.0,0.0,1.0,0.0,0.0,1.0,0.0,-0.0,1.0,1.0,233.28673371542212
0.0,-0.0,1.0,-0.0,-0.0,0.0,-0.0,0.0,1.0,-0.0,224.47029466409978
0.0,1.0,-0.0,1.0,1.0,0.0,-0.0,0.0,1.0,1.0,218.46462679102976
1.0,1.0,-0.0,-0.0,-0.0,1.0,1.0,1.0,-0.0,0.0,228.72254328117833
0.0,-0.0,1.0,0.0,-0.0,0.0,-0.0,0.0,1.0,0.0,219.54311651986248
1.0,-0.0,1.0,1.0,0.0,-0.0,1.0,0.0,-0.0,1.0,243.17383132025086
0.0,0.0,0.0,1.0,1.0,0.0,1.0,0.0,1.0,-0.0,194.81411121400328
1.0,1.0,-0.0,-0.0,0.0,0.0,-0.0,1.0,-0.0,0.0,229.38380008556206
0.0,-0.0,0.0,0.0,0.0,-0.0,-0.0,0.0,1.0,1.0,210.63961135261536
1.0,1.0,1.0,-0.0,1.0,-0.0,-0.0,1.0,0.0,-0.0,275.49953828631146
1.0,1.0,0.0,1.0,0.0,0.0,0.0,1.0,0.0,1.0,243.77167470491898
1.0,0.0,0.0,-0.0,0.0,0.0,1.0,0.0,0.0,1.0,214.75896874449174
-0.0,1.0,-0.0,-0.0,1.0,-0.0,-0.0,1.0,0.0,1.0,227.2627135148089
-0.0,0.0,-0.0,0.0,1.0,0.0,1.0,0.0,0.0,1.0,243.20090617640955
-0.0,-0.0,0.0,1.0,1.0,0.0,0.0,1.0,1.0,-0.0,192.14920363471524
1.0,1.0,-0.0,1.0,-0.0,0.0,-0.0,1.0,1.0,0.0,229.0071396527935
0.0,-0.0,-0.0,1.0,1.0,-0.0,1.0,1.0,1.0,-0.0,202.41350285109525
1.0,-0.0,0.0,-0.0,-0.0,0.0,0.0,1.0,1.0,0.0,200.75646116949582
-0.0,0.0,0.0,1.0,1.0,0.0,1.0,-0.0,0.0,1.0,209.11106779786437
0.0,1.0,-0.0,1.0,1.0,0.0,0.0,1.0,0.0,1.0,211.7381406134315
0.0,-0.0,-0.0,-0.0,-0.0,1.0,0.0,0.0,-0.0,1.0,218.93777621735148
-0.0,0.0,0.0,-0.0,1.0,-0.0,-0.0,0.0,1.0,0.0,198.60537101034814
1.0,-0.0,0.0,0.0,-0.0,1.0,-0.0,0.0,-0.0,1.0,213.96104838044988
0.0,1.0,0.0,1.0,1.0,1.0,1.0,-0.0,0.0,0.0,206.48735347415462
0.0,0.0,1.0,-0.0,-0.0,0.0,-0.0,0.0,1.0,0.0,217.29668339281912
0.0,1.0,1.0,0.0,0.0,0.0,0.0,1.0,1.0,-0.0,203.37103912199152
-0.0,0.0,0.0,1.0,1.0,0.0,0.0,0.0,1.0,1.0,200.05409069464892
0.0,1.0,-0.0,-0.0,1.0,1.0,0.0,1.0,-0.0,0.0,204.43448726406942
1.0,-0.0,-0.0,0.0,-0.0,1.0,-0.0,-0.0,0.0,1.0,228.74337866431281
0.0,-0.0,1.0,-0.0,-0.0,0.0,0.0,1.0,0.0,1.0,228.11744173401266
0.0,1.0,1.0,-0.0,0.0,-0.0,1.0,1.0,-0.0,1.0,235.40212199193374
0.0,1.0,0.0,0.0,1.0,-0.0,1.0,1.0,0.0,1.0,224.49120963234935
-0.0,-0.0,1.0,-0.0,1.0,-0.0,-0.0,0.0,1.0,-0.0,197.02116562609274
0.0,1.0,0.0,1.0,1.0,1.0,0.0,0.0,0.0,1.0,229.78734437021302
1.0,-0.0,-0.0,-0.0,-0.0,-0.0,-0.0,1.0,0.0,-0.0,196.0001045163197
0.0,0.0,-0.0,-0.0,0.0,0.0,1.0,1.0,0.0,1.0,200.05456820533954
0.0,1.0,1.0,0.0,0.0,0.0,1.0,1.0,0.0,1.0,229.10889718096666
0.0,1.0,-0.0,-0.0,1.0,1.0,0.0,1.0,0.0,1.0,217.7159377791918
-0.0,-0.0,0.0,0.0,1.0,1.0,1.0,0.0,0.0,1.0,206.3208454963321
0.0,0.0,-0.0,-0.0,-0.0,0.0,0.0,1.0,0.0,0.0,209.61307478692314
-0.0,0.0,0.0,-0.0,-0.0,-0.0,-0.0,1.0,1.0,1.0,214.64944370908435
0.0,1.0,1.0,1.0,1.0,0.0,0.0,1.0,1.0,1.0,229.57456560646852
0.0,1.0,-0.0,0.0,1.0,0.0,0.0,1.0,0.0,1.0,215.20929315980138
0.0,0.0,1.0,1.0,-0.0,1.0,-0.0,0.0,-0.0,1.0,250.39037080261912
0.0,1.0,-0.0,0.0,1.0,1.0,1.0,1.0,0.0,0.0,215.87984550562936
1.0,1.0,-0.0,1.0,1.0,-0.0,0.0,1.0,0.0,1.0,235.9703437967598
0.0,0.0,1.0,-0.0,1.0,-0.0,0.0,-0.0,1.0,0.0,196.87605012721045
1.0,-0.0,0.0,-0.0,0.0,0.0,1.0,1.0,0.0,-0.0,230.59242739461433
1.0,1.0,0.0,1.0,-0.0,-0.0,-0.0,1.0,0.0,-0.0,224.8867635714438
0.0,1.0,-0.0,1.0,1.0,1.0,-0.0,1.0,1.0,1.0,235.17971342926157
0.0,1.0,1.0,1.0,0.0,1.0,1.0,0.0,-0.0,-0.0,218.74088264258194
0.0,-0.0,-0.0,-0.0,0.0,1.0,0.0,0.0,0.0,1.0,207.10361285445802
0.0,-0.0,1.0,1.0,-0.0,1.0,-0.0,0.0,-0.0,1.0,251.24583120488185
-0.0,-0.0,1.0,-0.0,1.0,-0.0,-0.0,-0.0,1.0,0.0,206.66661098741693
0.0,1.0,-0.0,-0.0,1.0,0.0,0.0,1.0,0.0,1.0,215.63458009789903
0.0,0.0,1.0,1.0,1.0,1.0,1.0,-0.0,1.0,1.0,256.3177110054029
0.0,-0.0,0.0,0.0,0.0,-0.0,0.0,1.0,1.0,0.0,188.84438397891464
0.0,-0.0,0.0,1.0,1.0,0.0,0.0,1.0,0.0,1.0,231.5363705278507
1.0,-0.0,-0.0,0.0,0.0,1.0,0.0,-0.0,0.0,1.0,227.19307653909212
0.0,0.0,-0.0,-0.0,1.0,1.0,1.0,0.0,0.0,1.0,198.62762300853146
-0.0,0.0,1.0,0.0,0.0,0.0,-0.0,1.0,1.0,0.0,217.24315444439955
1.0,1.0,-0.0,0.0,0.0,1.0,0.0,1.0,0.0,0.0,221.48332204100518
0.0,-0.0,1.0,0.0,1.0,-0.0,0.0,-0.0,1.0,0.0,215.5585444789278
0.0,-0.0,1.0,0.0,1.0,-0.0,0.0,1.0,1.0,0.0,204.3207760516075
1.0,0.0,-0.0,1.0,0.0,0.0,0.0,0.0,1.0,1.0,215.3935645353153
1.0,1.0,-0.0,-0.0,1.0,1.0,1.0,1.0,-0.0,1.0,244.2727266725965
0.0,0.0,1.0,0.0,-0.0,-0.0,-0.0,0.0,1.0,0.0,218.54975103014598
1.0,-0.0,-0.0,-0.0,-0.0,-0.0,0.0,1.0,0.0,0.0,173.7098258926204
1.0,-0.0,1.0,0.0,-0.0,0.0,0.0,-0.0,-0.0,0.0,220.19020717375753
-0.0,-0.0,1.0,0.0,1.0,-0.0,-0.0,0.0,1.0,0.0,205.32235472520284
-0.0,0.0,1.0,-0.0,1.0,-0.0,-0.0,-0.0,1.0,-0.0,227.3631340130483
-0.0,-0.0,0.0,0.0,-0.0,0.0,-0.0,0.0,1.0,1.0,216.07552938664932
0.0,1.0,-0.0,0.0,1.0,1.0,0.0,1.0,-0.0,0.0,221.6301406613507
-0.0,1.0,1.0,0.0,0.0,1.0,1.0,1.0,1.0,-0.0,232.18774286093836
0.0,0.0,1.0,0.0,0.0,1.0,-0.0,0.0,0.0,1.0,224.88338916256333
0.0,0.0,0.0,0.0,0.0,0.0,0.0,1.0,1.0,0.0,209.1147605472052
1.0,-0.0,0.0,0.0,0.0,0.0,1.0,1.0,-0.0,-0.0,234.74748666912677
-0.0,0.0,1.0,-0.0,1.0,0.0,0.0,-0.0,1.0,0.0,218.75667232941876
0.0,1.0,0.0,0.0,0.0,1.0,0.0,1.0,1.0,0.0,201.99299101990388
0.0,0.0,0.0,0.0,1.0,0.0,1.0,0.0,0.0,1.0,237.30992045420572
-0.0,1.0,-0.0,-0.0,1.0,-0.0,-0.0,1.0,0.0,1.0,220.26342547965405
0.0,0.0,1.0,0.0,1.0,-0.0,1.0,-0.0,0.0,1.0,249.49244378293642
1.0,1.0,0.0,1.0,-0.0,-0.0,-0.0,1.0,1.0,1.0,242.4991882995065
1.0,-0.0,-0.0,-0.0,-0.0,-0.0,1.0,1.0,-0.0,-0.0,213.7523125405527
0.0,1.0,1.0,1.0,0.0,1.0,0.0,1.0,-0.0,0.0,246.0306663631259
1.0,1.0,0.0,1.0,0.0,1.0,1.0,0.0,-0.0,-0.0,227.52165164531425
0.0,1.0,-0.0,1.0,1.0,0.0,0.0,1.0,0.0,1.0,224.67904642101996
1.0,1.0,-0.0,0.0,-0.0,0.0,-0.0,1.0,-0.0,0.0,217.00352366281865
1.0,1.0,-0.0,1.0,0.0,1.0,1.0,-0.0,0.0,-0.0,229.40216833012826
1.0,0.0,0.0,-0.0,0.0,0.0,0.0,1.0,-0.0,-0.0,199.20313480990114
1.0,-0.0,-0.0,-0.0,0.0,0.0,-0.0,1.0,-0.0,-0.0,214.0371476675132
1.0,-0.0,0.0,-0.0,1.0,0.0,0.0,1.0,0.0,1.0,220.3824211437589
1.0,-0.0,-0.0,-0.0,-0.0,-0.0,0.0,1.0,0.0,0.0,206.29302254009144
0.0,1.0,1.0,0.0,-0.0,1.0,0.0,1.0,1.0,0.0,226.6233903681481
1.0,-0.0,1.0,1.0,0.0,0.0,0.0,-0.0,-0.0,1.0,239.189880043214
1.0,1.0,-0.0,1.0,0.0,0.0,-0.0,1.0,0.0,-0.0,236.49046435801645
-0.0,-0.0,0.0,-0.0,1.0,0.0,1.0,-0.0,-0.0,0.0,189.79603095129315
0.0,1.0,0.0,1.0,0.0,-0.0,-0.0,1.0,1.0,0.0,203.98900162375816
1.0,0.0,-0.0,0.0,0.0,1.0,1.0,0.0,0.0,0.0,224.00395772363103
1.0,-0.0,0.0,-0.0,-0.0,-0.0,1.0,1.0,-0.0,0.0,224.72417118128445
-0.0,-0.0,1.0,0.0,1.0,-0.0,-0.0,-0.0,1.0,-0.0,208.62268578051155
1.0,1.0,-0.0,1.0,0.0,0.0,0.0,1.0,1.0,1.0,252.4259988767726
-0.0,0.0,-0.0,0.0,1.0,1.0,1.0,0.0,0.0,1.0,214.5704316068082
1.0,-0.0,-0.0,0.0,-0.0,-0.0,0.0,1.0,0.0,-0.0,228.69788781251884
1.0,0.0,1.0,1.0,0.0,0.0,1.0,0.0,0.0,1.0,247.23948467645445
0.0,1.0,0.0,-0.0,0.0,-0.0,1.0,1.0,-0.0,1.0,219.43082192244944
1.0,-0.0,-0.0,-0.0,1.0,0.0,-0.0,1.0,-0.0,-0.0,232.95834961347623
1.0,-0.0,0.0,-0.0,0.0,0.0,0.0,1.0,0.0,0.0,201.9701500918688
0.0,1.0,0.0,1.0,1.0,0.0,0.0,0.0,-0.0,1.0,232.1452762435184
0.0,-0.0,-1.0,-1.0,-0.0,-0.0,-0.0,1.0,1.0,1.0,199.86189264167055
-0.0,1.0,-0.0,-0.0,1.0,-0.0,-0.0,1.0,0.0,1.0,238.951697710728
-0.0,1.0,0.0,1.0,1.0,1.0,1.0,-0.0,0.0,0.0,222.8613064750007
0.0,1.0,1.0,-0.0,1.0,1.0,1.0,1.0,1.0,-0.0,227.95553377584324
1.0,0.0,0.0,-0.0,0.0,1.0,1.0,1.0,0.0,-0.0,234.70551347942043
1.0,0.0,1.0,1.0,0.0,-0.0,1.0,-0.0,-0.0,-0.0,214.27108015485257
1.0,-0.0,-0.0,-0.0,-0.0,0.0,0.0,1.0,0.0,0.0,219.03991575407713
-0.0,-0.0,1.0,-0.0,1.0,-0.0,1.0,-0.0,-0.0,1.0,268.86140750350273
0.0,0.0,1.0,1.0,1.0,1.0,0.0,-0.0,0.0,1.0,222.76909916064017
0.0,0.0,-0.0,-0.0,0.0,-0.0,0.0,1.0,0.0,1.0,210.24808442034524
0.0,1.0,1.0,1.0,0.0,1.0,1.0,1.0,1.0,1.0,241.19461317568374
0.0,-0.0,1.0,-0.0,0.0,-0.0,-0.0,0.0,1.0,0.0,214.3944370832652
-0.0,0.0,1.0,-0.0,0.0,-0.0,-0.0,0.0,1.0,-0.0,230.3406360074454
0.0,-0.0,-0.0,-0.0,0.0,-0.0,0.0,1.0,0.0,0.0,208.92628707761375
1.0,0.0,-0.0,0.0,-0.0,0.0,-0.0,1.0,-0.0,-0.0,227.3281802304942
0.0,0.0,0.0,-0.0,-0.0,1.0,1.0,1.0,0.0,1.0,215.32367288723017
1.0,0.0,1.0,-0.0,-0.0,0.0,1.0,0.0,0.0,1.0,239.93887147848935
-0.0,-0.0,-0.0,-0.0,0.0,-0.0,-0.0,1.0,1.0,0.0,172.3293106519645
1.0,1.0,0.0,1.0,-0.0,1.0,1.0,0.0,0.0,0.0,229.69932323290698
1.0,0.0,-0.0,0.0,0.0,1.0,0.0,1.0,-0.0,-0.0,232.7190053383097
0.0,-0.0,-0.0,-0.0,1.0,1.0,1.0,-0.0,0.0,1.0,216.64720518547094
1.0,-0.0,-0.0,0.0,1.0,0.0,0.0,1.0,0.0,0.0,214.69937541030117
0.0,-0.0,0.0,-0.0,-0.0,-0.0,-0.0,1.0,1.0,1.0,217.43508190798656
0.0,0.0,1.0,0.0,0.0,0.0,-0.0,0.0,1.0,0.0,199.59025272679446
-0.0,1.0,-0.0,1.0,1.0,0.0,0.0,1.0,0.0,1.0,202.77177912227452
0.0,0.0,1.0,-0.0,-0.0,0.0,-0.0,1.0,0.0,1.0,213.69462924912466
0.0,0.0,-0.0,1.0,1.0,-0.0,-0.0,0.0,1.0,1.0,221.9802833337663
1.0,1.0,0.0,0.0,1.0,0.0,1.0,1.0,0.0,1.0,229.33555558878544
1.0,1.0,-0.0,-0.0,0.0,1.0,1.0,1.0,-0.0,0.0,240.1854420821074
1.0,-0.0,-0.0,-0.0,0.0,0.0,0.0,1.0,0.0,0.0,213.12021572234343
1.0,0.0,-0.0,1.0,1.0,0.0,-0.0,1.0,0.0,0.0,227.73990586497797
1.0,-0.0,1.0,1.0,0.0,0.0,1.0,-0.0,-0.0,0.0,239.18932294740824
0.0,1.0,1.0,-0.0,0.0,-0.0,1.0,1.0,-0.0,1.0,215.7299071487717
0.0,-0.0,0.0,1.0,1.0,-0.0,0.0,-0.0,1.0,1.0,221.90770170879063
1.0,-0.0,1.0,1.0,-0.0,-0.0,1.0,-0.0,0.0,0.0,254.92325245258064
1.0,0.0,1.0,1.0,-0.0,0.0,1.0,-0.0,-0.0,1.0,232.04663845185735
0.0,1.0,0.0,1.0,0.0,-0.0,1.0,1.0,-0.0,1.0,235.94880806461242
-0.0,-0.0,1.0,-0.0,-1.0,-0.0,-0.0,-0.0,1.0,-0.0,189.86870807840697
1.0,-0.0,-0.0,-0.0,-0.0,-0.0,1.0,1.0,-0.0,-0.0,214.12166705975463
1.0,-0.0,1.0,0.0,1.0,-0.0,-0.0,1.0,-0.0,-0.0,236.58150972969648
1.0,1.0,-0.0,-0.0,0.0,1.0,-0.0,1.0,0.0,0.0,255.55813474981858
0.0,0.0,-0.0,1.0,1.0,0.0,1.0,0.0,0.0,-0.0,234.17859634933382
0.0,-0.0,1.0,0.0,0.0,0.0,0.0,0.0,1.0,0.0,195.64806771816464
1.0,-0.0,-0.0,-0.0,-0.0,-0.0,-0.0,1.0,-0.0,-0.0,222.3890643189912
0.0,1.0,1.0,1.0,0.0,1.0,1.0,1.0,-0.0,0.0,237.7079415318684
1.0,-0.0,1.0,1.0,0.0,-0.0,1.0,0.0,0.0,-0.0,215.7932409833722
1.0,0.0,1.0,-0.0,-0.0,1.0,0.0,1.0,0.0,1.0,249.51028676574296
1.0,0.0,-0.0,-0.0,-0.0,0.0,-0.0,1.0,0.0,0.0,210.4393592859884
-0.0,-0.0,1.0,-0.0,0.0,0.0,0.0,-0.0,1.0,-0.0,199.30745497878067
-0.0,1.0,-0.0,1.0,1.0,0.0,1.0,-0.0,0.0,1.0,219.61915213883373
0.0,1.0,-0.0,0.0,1.0,1.0,-0.0,1.0,0.0,-0.0,211.12605149315962
-0.0,-0.0,1.0,-0.0,-0.0,-0.0,-0.0,-0.0,1.0,-0.0,215.16700162963463
-0.0,1.0,1.0,-0.0,0.0,-0.0,1.0,1.0,-0.0,1.0,247.199708035925
0.0,1.0,0.0,1.0,1.0,1.0,1.0,-0.0,-0.0,-0.0,227.9465565748594
-0.0,-0.0,-0.0,-0.0,-0.0,-0.0,-0.0,1.0,1.0,1.0,222.0716152118607
0.0,-0.0,0.0,-0.0,1.0,0.0,0.0,0.0,0.0,1.0,215.32996011132346
1.0,1.0,1.0,0.0,0.0,1.0,1.0,0.0,0.0,1.0,241.93863849977657
-0.0,-0.0,-0.0,0.0,1.0,-0.0,-0.0,1.0,1.0,1.0,186.66290822281988
0.0,1.0,0.0,0.0,0.0,1.0,0.0,1.0,0.0,0.0,210.11188245435469
0.0,-0.0,1.0,-0.0,0.0,0.0,-0.0,0.0,1.0,0.0,211.4685221604791
1.0,1.0,1.0,1.0,0.0,1.0,1.0,-0.0,-0.0,-0.0,216.61734485028356
-0.0,-0.0,-0.0,0.0,1.0,-0.0,-0.0,0.0,1.0,1.0,202.15777995924012
1.0,1.0,-0.0,1.0,-0.0,0.0,-0.0,1.0,0.0,-0.0,226.92589339066188
0.0,-0.0,1.0,-0.0,-0.0,-0.0,0.0,-0.0,1.0,-0.0,188.05439029233722
1.0,-0.0,1.0,0.0,-0.0,-0.0,1.0,0.0,-0.0,0.0,223.3817453767178
-0.0,1.0,1.0,0.0,1.0,0.0,0.0,-0.0,1.0,0.0,202.5264341294291
1.0,1.0,-0.0,1.0,0.0,0.0,-0.0,1.0,0.0,0.0,239.40453701567498
0.0,0.0,0.0,1.0,0.0,0.0,1.0,1.0,1.0,0.0,197.76033625816416
0.0,-0.0,-0.0,0.0,1.0,-0.0,-0.0,1.0,0.0,0.0,183.480776980465
1.0,-0.0,0.0,-0.0,1.0,0.0,-0.0,1.0,-0.0,-0.0,223.65640952596786
0.0,-0.0,1.0,-0.0,1.0,-0.0,1.0,-0.0,1.0,1.0,223.34292375756962
0.0,1.0,0.0,1.0,1.0,1.0,1.0,0.0,0.0,-0.0,229.83012932809342
1.0,1.0,0.0,-0.0,1.0,0.0,0.0,1.0,-0.0,1.0,234.83138529747038
0.0,1.0,0.0,-0.0,-0.0,1.0,1.0,1.0,0.0,0.0,201.5578673615793
-0.0,-0.0,-0.0,-0.0,0.0,-0.0,-0.0,1.0,1.0,0.0,185.4795412293019
1.0,-0.0,-0.0,-0.0,-0.0,-0.0,-0.0,1.0,-0.0,-0.0,233.31520926960667
1.0,-0.0,-0.0,-0.0,0.0,-0.0,0.0,1.0,-0.0,-0.0,208.88698794777497
0.0,-0.0,0.0,0.0,-0.0,1.0,0.0,0.0,0.0,1.0,213.04580363972036
0.0,0.0,1.0,0.0,0.0,0.0,0.0,0.0,1.0,1.0,231.2103262282889
-0.0,-0.0,1.0,-0.0,-0.0,0.0,0.0,0.0,1.0,-0.0,202.8651165452696
1.0,-0.0,-0.0,-0.0,-0.0,0.0,1.0,1.0,-0.0,-0.0,214.23420041251296
0.0,-0.0,1.0,-0.0,1.0,-0.0,1.0,0.0,-0.0,1.0,254.59389741223046
1.0,1.0,0.0,0.0,0.0,1.0,-0.0,1.0,-0.0,1.0,275.90246180706464
1.0,-0.0,-0.0,0.0,0.0,1.0,-0.0,1.0,-0.0,0.0,227.29104581578625
0.0,1.0,0.0,1.0,1.0,-0.0,1.0,0.0,0.0,1.0,214.0175856462204
0.0,0.0,-0.0,-0.0,1.0,0.0,0.0,1.0,0.0,1.0,220.4518989492455
-0.0,-0.0,1.0,-0.0,1.0,-0.0,-0.0,0.0,1.0,-0.0,212.36633776100064
1.0,-0.0,0.0,0.0,-0.0,0.0,0.0,1.0,0.0,0.0,216.5151098114198
0.0,-0.0,1.0,1.0,-0.0,1.0,-0.0,-0.0,-0.0,1.0,256.4868452920239
1.0,1.0,-0.0,-0.0,0.0,1.0,1.0,1.0,-0.0,-0.0,240.9328099810346
1.0,1.0,-0.0,-0.0,0.0,1.0,1.0,1.0,-0.0,0.0,227.77256759621702
1.0,-0.0,1.0,-0.0,1.0,0.0,1.0,1.0,-0.0,1.0,249.69091314298507
1.0,1.0,1.0,-0.0,1.0,1.0,1.0,-0.0,1.0,1.0,249.93124427357887
0.0,-0.0,-0.0,-0.0,0.0,-0.0,0.0,1.0,0.0,1.0,210.67472430539965
0.0,1.0,-0.0,0.0,1.0,0.0,1.0,1.0,0.0,0.0,217.80836793187464
0.0,0.0,-0.0,0.0,1.0,1.0,1.0,0.0,-0.0,1.0,218.6462718577452
-0.0,0.0,-0.0,0.0,1.0,-0.0,0.0,-0.0,1.0,1.0,198.0771486843738
0.0,1.0,-0.0,0.0,1.0,1.0,1.0,1.0,0.0,0.0,192.52546614190825
1.0,0.0,-0.0,0.0,1.0,0.0,-0.0,0.0,-0.0,1.0,241.8676008260339
1.0,0.0,0.0,-0.0,-0.0,1.0,-0.0,1.0,-0.0,0.0,237.51241682107866
0.0,-0.0,1.0,-0.0,1.0,-0.0,-0.0,0.0,1.0,-0.0,203.07892991551043
-0.0,-0.0,1.0,-0.0,1.0,-0.0,-0.0,-0.0,1.0,-0.0,201.33194113681947
0.0,1.0,-0.0,1.0,1.0,0.0,-0.0,0.0,1.0,1.0,228.79095464612251
0.0,1.0,0.0,-0.0,1.0,0.0,-0.0,1.0,-0.0,1.0,221.8622586080657
-0.0,1.0,-0.0,1.0,1.0,1.0,-0.0,1.0,1.0,-0.0,201.1053782311388
-0.0,-0.0,0.0,1.0,1.0,-0.0,-0.0,-0.0,1.0,1.0,221.29607418218635
0.0,0.0,0.0,0.0,0.0,0.0,0.0,1.0,1.0,1.0,200.92549995397866
1.0,1.0,-0.0,-0.0,-0.0,1.0,1.0,1.0,-0.0,0.0,235.96808357949084
-0.0,-0.0,1.0,-0.0,-0.0,-0.0,-0.0,-0.0,1.0,-0.0,193.79195182964182
1.0,-0.0,-0.0,0.0,-0.0,-0.0,1.0,1.0,-0.0,-0.0,206.51052865967318
1.0,-0.0,0.0,-0.0,-0.0,0.0,0.0,-0.0,-0.0,1.0,232.00265971725037
0.0,0.0,0.0,0.0,1.0,0.0,-0.0,1.0,0.0,1.0,214.74182611069816
0.0,-0.0,1.0,-0.0,1.0,0.0,-0.0,-0.0,1.0,0.0,197.84094006274242
-0.0,1.0,1.0,1.0,0.0,0.0,0.0,1.0,1.0,-0.0,218.37294473842888
0.0,1.0,0.0,1.0,1.0,0.0,0.0,1.0,0.0,0.0,211.63744952580078
-0.0,-0.0,1.0,-0.0,0.0,-0.0,-0.0,-0.0,1.0,-0.0,192.9022061597919
0.0,0.0,1.0,1.0,1.0,1.0,1.0,-0.0,1.0,1.0,245.93247424810946
1.0,0.0,1.0,-0.0,0.0,0.0,0.0,0.0,1.0,1.0,228.5942998266983
0.0,0.0,-0.0,0.0,0.0,1.0,1.0,0.0,-0.0,1.0,208.6526893689061
0.0,-0.0,1.0,-0.0,-0.0,0.0,-0.0,-0.0,1.0,-0.0,202.26913545229493
0.0,1.0,0.0,0.0,0.0,0.0,0.0,1.0,0.0,1.0,199.17478659190078
1.0,1.0,-0.0,0.0,0.0,0.0,-0.0,1.0,0.0,0.0,245.06838681936938
0.0,0.0,0.0,-0.0,0.0,0.0,0.0,1.0,0.0,1.0,217.35029192635378
1.0,0.0,0.0,1.0,1.0,0.0,0.0,0.0,0.0,1.0,244.06572578820862
0.0,0.0,0.0,0.0,1.0,1.0,0.0,1.0,0.0,1.0,207.954743826459
1.0,-0.0,-0.0,-0.0,-0.0,0.0,0.0,1.0,0.0,1.0,215.23415554976017
0.0,1.0,1.0,1.0,0.0,0.0,1.0,0.0,0.0,-0.0,224.67646786329055
0.0,0.0,0.0,0.0,0.0,0.0,0.0,1.0,0.0,0.0,208.41506413222584
0.0,0.0,0.0,0.0,1.0,-0.0,0.0,0.0,0.0,1.0,220.24383162431522
-0.0,-0.0,-0.0,-0.0,-0.0,-0.0,0.0,1.0,0.0,1.0,198.51450072592135
1.0,-0.0,1.0,-0.0,-0.0,1.0,-0.0,1.0,0.0,1.0,244.14249359023881
1.0,0.0,0.0,1.0,0.0,1.0,1.0,0.0,0.0,-0.0,224.41027157028765
1.0,1.0,1.0,0.0,1.0,0.0,-0.0,1.0,-0.0,0.0,238.57433692894654
1.0,0.0,-0.0,0.0,-0.0,-0.0,0.0,1.0,0.0,-0.0,222.5183423799676
1.0,0.0,-0.0,-0.0,-0.0,-0.0,0.0,1.0,0.0,-0.0,221.66674981429898
0.0,-0.0,-0.0,-0.0,-0.0,0.0,0.0,1.0,0.0,1.0,220.35649231325772
-0.0,-0.0,0.0,0.0,1.0,-0.0,-0.0,-0.0,0.0,1.0,213.9918000689264
1.0,1.0,-0.0,1.0,-0.0,0.0,-0.0,1.0,1.0,1.0,263.0883987559304
1.0,-0.0,-0.0,-0.0,-0.0,-0.0,1.0,1.0,0.0,-0.0,194.41203129547023
1.0,1.0,0.0,1.0,0.0,0.0,0.0,1.0,1.0,1.0,239.51996726662313
-0.0,1.0,1.0,1.0,1.0,1.0,1.0,-0.0,-0.0,-0.0,200.00357006358033
0.0,0.0,0.0,1.0,1.0,0.0,0.0,-0.0,1.0,1.0,216.534242073091
0.0,0.0,0.0,-0.0,0.0,1.0,1.0,0.0,0.0,1.0,205.78242035860134
1.0,0.0,-0.0,-0.0,-0.0,0.0,0.0,1.0,0.0,0.0,211.7614272181112
1.0,0.0,-0.0,0.0,0.0,1.0,1.0,1.0,0.0,-0.0,219.18829424267875
0.0,-0.0,-0.0,-0.0,0.0,1.0,-0.0,-0.0,1.0,0.0,192.4146677446592
1.0,-0.0,1.0,-0.0,1.0,-0.0,1.0,0.0,0.0,1.0,239.81172629859773
0.0,0.0,-0.0,1.0,1.0,0.0,0.0,1.0,0.0,1.0,222.05117775430176
-0.0,1.0,1.0,1.0,1.0,1.0,1.0,-0.0,-0.0,-0.0,175.63810956352035
0.0,-0.0,-0.0,-0.0,-0.0,0.0,1.0,1.0,0.0,1.0,198.88815284133892
0.0,0.0,0.0,0.0,1.0,0.0,-0.0,1.0,0.0,0.0,196.0873138854517
0.0,0.0,1.0,1.0,0.0,1.0,-0.0,0.0,0.0,1.0,252.64426901345934
0.0,-0.0,1.0,0.0,0.0,0.0,0.0,0.0,1.0,-0.0,202.495252681331
-0.0,0.0,0.0,1.0,1.0,0.0,0.0,-0.0,1.0,1.0,216.69737564203305
1.0,-0.0,-0.0,-0.0,0.0,0.0,0.0,1.0,0.0,-0.0,225.99199389895176
-0.0,-0.0,-0.0,1.0,1.0,-0.0,0.0,1.0,1.0,1.0,206.48762406354598
0.0,-0.0,1.0,-0.0,1.0,0.0,1.0,-0.0,0.0,1.0,242.11027175901182
1.0,-0.0,0.0,-0.0,-0.0,-0.0,0.0,1.0,0.0,-0.0,210.23049610990705
0.0,-0.0,1.0,-1.0,-0.0,-1.0,-0.0,-0.0,1.0,-0.0,191.38980246638414
-0.0,1.0,1.0,1.0,1.0,1.0,1.0,-0.0,-0.0,-0.0,193.8361693195941
1.0,-0.0,-0.0,-0.0,0.0,-0.0,-0.0,1.0,-0.0,-0.0,214.4954783454024
0.0,0.0,1.0,0.0,1.0,0.0,-0.0,0.0,1.0,-0.0,209.15743408592448
-0.0,1.0,0.0,1.0,1.0,0.0,1.0,0.0,0.0,1.0,225.00066578818195
0.0,0.0,-0.0,-0.0,0.0,0.0,0.0,1.0,0.0,0.0,196.37432964456605
1.0,-0.0,-0.0,-0.0,-0.0,0.0,1.0,1.0,0.0,0.0,217.58398565834784
0.0,0.0,-0.0,-0.0,1.0,1.0,0.0,1.0,-0.0,0.0,210.20264131962034
0.0,0.0,-0.0,1.0,1.0,0.0,0.0,1.0,0.0,0.0,214.2535873465525
0.0,1.0,1.0,1.0,0.0,1.0,-0.0,1.0,0.0,1.0,237.18946042398292
0.0,-0.0,0.0,-0.0,0.0,0.0,-0.0,1.0,1.0,1.0,199.56150658321857
1.0,0.0,1.0,-0.0,1.0,-0.0,0.0,1.0,-0.0,-0.0,227.58907615483113
0.0,1.0,1.0,1.0,0.0,-0.0,-0.0,1.0,1.0,0.0,194.18925664126854
1.0,-0.0,0.0,1.0,1.0,-0.0,0.0,1.0,0.0,-0.0,210.73595709296137
1.0,1.0,0.0,-0.0,0.0,-0.0,-0.0,1.0,-0.0,-0.0,241.0880646235813
0.0,-0.0,1.0,-0.0,-0.0,0.0,-0.0,0.0,1.0,0.0,200.85675433155103
-0.0,0.0,1.0,1.0,0.0,1.0,-0.0,0.0,0.0,1.0,263.8226032768193
1.0,1.0,-0.0,1.0,-0.0,1.0,1.0,-0.0,-0.0,-0.0,241.36369971123565
-0.0,-0.0,-0.0,-1.0,-0.0,-0.0,-0.0,1.0,0.0,0.0,168.1251155273863
0.0,0.0,1.0,0.0,0.0,1.0,0.0,0.0,1.0,1.0,230.27042601889985
-0.0,1.0,-0.0,-0.0,1.0,1.0,-0.0,1.0,0.0,-0.0,219.4526282439882
-0.0,1.0,-0.0,1.0,1.0,1.0,-0.0,1.0,1.0,0.0,210.85409323782312
1.0,-0.0,-0.0,1.0,0.0,0.0,1.0,0.0,0.0,-0.0,209.8317428491854
-0.0,1.0,0.0,1.0,1.0,-0.0,1.0,-0.0,0.0,1.0,214.01925693363762
0.0,0.0,0.0,-0.0,-0.0,0.0,-0.0,0.0,1.0,0.0,188.0251029699786
-0.0,0.0,1.0,-0.0,1.0,-0.0,-0.0,-0.0,1.0,-0.0,208.29463593604908
0.0,1.0,0.0,1.0,1.0,1.0,1.0,-0.0,-0.0,0.0,211.91781196929236
1.0,-0.0,-0.0,-0.0,-0.0,-0.0,1.0,1.0,0.0,-0.0,199.4185398824441
0.0,0.0,-0.0,-0.0,0.0,1.0,1.0,1.0,0.0,1.0,202.56254985466373
0.0,0.0,0.0,1.0,1.0,0.0,0.0,1.0,0.0,1.0,227.49363768479733
-0.0,1.0,0.0,1.0,1.0,0.0,1.0,-0.0,0.0,1.0,231.58389875859135
0.0,-0.0,1.0,0.0,-0.0,-0.0,0.0,0.0,1.0,-0.0,211.91884657578873
1.0,-0.0,0.0,-1.0,-0.0,-0.0,-0.0,1.0,-0.0,-0.0,203.30008103336397
1.0,0.0,-0.0,0.0,1.0,1.0,1.0,-0.0,-0.0,1.0,225.18705412775765
-0.0,-0.0,1.0,1.0,1.0,1.0,1.0,-0.0,0.0,1.0,215.3180223440577
0.0,-0.0,1.0,0.0,1.0,0.0,0.0,1.0,1.0,1.0,222.38142414794112
0.0,0.0,1.0,1.0,1.0,-0.0,0.0,0.0,1.0,0.0,212.65314659881574
0.0,1.0,1.0,0.0,1.0,0.0,0.0,1.0,0.0,0.0,241.13361914346734
0.0,1.0,-0.0,1.0,1.0,0.0,1.0,0.0,0.0,0.0,214.8796993641059
-0.0,0.0,1.0,0.0,0.0,-0.0,-0.0,0.0,1.0,-0.0,202.47763253684678
-0.0,0.0,1.0,1.0,1.0,0.0,-0.0,0.0,1.0,0.0,205.38205947855457
0.0,0.0,0.0,0.0,1.0,0.0,1.0,0.0,-0.0,1.0,217.5870576437909
-0.0,0.0,0.0,1.0,1.0,1.0,-0.0,1.0,1.0,1.0,226.7308780246088
0.0,-0.0,1.0,-0.0,1.0,0.0,-0.0,0.0,1.0,-0.0,204.98841558222264
1.0,0.0,0.0,-0.0,1.0,0.0,1.0,-0.0,0.0,1.0,222.12576492417807
-0.0,1.0,-0.0,1.0,1.0,1.0,-0.0,1.0,1.0,1.0,220.51072826633106
-0.0,-0.0,1.0,-0.0,1.0,-0.0,0.0,0.0,1.0,-0.0,197.58273411529603
1.0,-0.0,0.0,0.0,0.0,0.0,1.0,0.0,-0.0,0.0,206.39353854046894
0.0,-0.0,0.0,0.0,1.0,0.0,-0.0,0.0,1.0,1.0,216.3393699602451
0.0,-0.0,-0.0,-0.0,1.0,0.0,0.0,1.0,0.0,0.0,201.42152214238155
1.0,0.0,1.0,1.0,0.0,0.0,1.0,-0.0,0.0,0.0,232.4321805834716
1.0,0.0,-0.0,-0.0,0.0,0.0,1.0,1.0,0.0,0.0,196.7359007395107
1.0,1.0,-0.0,0.0,-0.0,1.0,-0.0,1.0,1.0,1.0,242.44776039812572
-0.0,1.0,0.0,1.0,1.0,1.0,-0.0,1.0,1.0,-0.0,205.2482769000632
0.0,0.0,1.0,1.0,1.0,0.0,1.0,0.0,0.0,0.0,231.6703441106183
-0.0,1.0,-0.0,0.0,1.0,0.0,0.0,1.0,-0.0,1.0,227.60959319750518
1.0,1.0,0.0,1.0,0.0,1.0,1.0,0.0,0.0,0.0,225.1309625386317
1.0,0.0,-0.0,-0.0,1.0,1.0,0.0,0.0,0.0,0.0,216.8861515350619
0.0,-0.0,1.0,0.0,0.0,0.0,0.0,0.0,1.0,0.0,200.24246866210225
-0.0,0.0,1.0,-0.0,1.0,-0.0,0.0,0.0,1.0,-0.0,206.65276317738866
1.0,1.0,-0.0,1.0,-0.0,-0.0,-0.0,1.0,1.0,1.0,251.60781614242504
1.0,1.0,-0.0,0.0,0.0,1.0,1.0,1.0,-0.0,0.0,228.01049525633468
1.0,-0.0,1.0,-0.0,0.0,0.0,1.0,0.0,0.0,1.0,238.00433241754214
1.0,1.0,-0.0,0.0,0.0,1.0,1.0,1.0,0.0,-0.0,240.47143915174843
1.0,0.0,-0.0,-0.0,-0.0,1.0,-0.0,0.0,0.0,1.0,222.91446933189079
0.0,1.0,0.0,0.0,1.0,0.0,-0.0,1.0,-0.0,1.0,237.0980489607734
0.0,0.0,1.0,1.0,1.0,0.0,0.0,1.0,1.0,-0.0,214.57713267350005
-0.0,0.0,0.0,0.0,1.0,-0.0,-0.0,-0.0,1.0,0.0,178.48467812654687
1.0,-0.0,-0.0,-0.0,-0.0,0.0,0.0,1.0,-0.0,-0.0,199.04374174136902
-0.0,0.0,0.0,0.0,1.0,1.0,1.0,1.0,1.0,0.0,193.39762350131997
0.0,-0.0,1.0,0.0,1.0,0.0,0.0,-0.0,1.0,0.0,212.018423471808
1.0,0.0,1.0,-0.0,0.0,1.0,-0.0,1.0,0.0,1.0,257.57897590958555
0.0,-0.0,-0.0,0.0,-0.0,0.0,0.0,1.0,0.0,1.0,221.51176576114366
-0.0,-0.0,1.0,-0.0,0.0,-0.0,-0.0,-0.0,1.0,-0.0,210.72885810069403
-0.0,-0.0,1.0,-0.0,0.0,0.0,-0.0,1.0,1.0,0.0,195.89968401808034
0.0,1.0,0.0,0.0,1.0,1.0,0.0,1.0,1.0,0.0,215.0925577129655
0.0,0.0,1.0,1.0,-0.0,1.0,-0.0,-0.0,0.0,1.0,250.70688080539136
0.0,0.0,0.0,1.0,0.0,0.0,0.0,1.0,0.0,1.0,220.37759828578353
-0.0,1.0,1.0,0.0,0.0,0.0,-0.0,1.0,1.0,-0.0,223.68825948903284
1.0,0.0,-0.0,0.0,-0.0,-0.0,0.0,1.0,0.0,-0.0,216.022191442506
1.0,0.0,-0.0,1.0,1.0,0.0,-0.0,1.0,0.0,-0.0,214.93571136811673
-0.0,-0.0,-0.0,0.0,1.0,-0.0,0.0,-0.0,0.0,1.0,195.978330028827
0.0,-0.0,0.0,1.0,1.0,-0.0,0.0,1.0,1.0,0.0,190.17644780149465
0.0,1.0,1.0,0.0,1.0,1.0,1.0,1.0,1.0,-0.0,226.47681050314787
1.0,-0.0,-0.0,-0.0,0.0,-0.0,-0.0,1.0,0.0,-0.0,212.03555018857858
0.0,0.0,1.0,-0.0,0.0,0.0,-0.0,1.0,1.0,0.0,211.1811721438813
1.0,0.0,-0.0,-0.0,-0.0,0.0,-0.0,1.0,0.0,1.0,227.99144257977855
1.0,1.0,-0.0,0.0,0.0,1.0,1.0,1.0,-0.0,-0.0,226.33097873822965
1.0,0.0,0.0,1.0,-0.0,-0.0,-0.0,1.0,1.0,1.0,239.32729170295414
1.0,1.0,1.0,0.0,1.0,-0.0,-0.0,1.0,0.0,0.0,239.0522137111055
-0.0,-0.0,1.0,-0.0,1.0,-0.0,1.0,-0.0,-0.0,1.0,235.31873270832682
1.0,-0.0,-0.0,-0.0,-0.0,1.0,0.0,0.0,0.0,1.0,232.7067173965375
-0.0,0.0,0.0,1.0,1.0,1.0,1.0,0.0,0.0,0.0,215.62270599872537
0.0,1.0,1.0,1.0,0.0,0.0,-0.0,1.0,1.0,-0.0,211.28323209549183
0.0,0.0,0.0,1.0,1.0,-0.0,0.0,-0.0,0.0,1.0,237.13258890072896
0.0,1.0,1.0,-0.0,-0.0,1.0,1.0,1.0,1.0,1.0,234.66704203477872
-0.0,1.0,-0.0,1.0,1.0,1.0,-0.0,1.0,1.0,0.0,205.6161829701702
-0.0,-0.0,1.0,1.0,0.0,1.0,0.0,-0.0,-0.0,1.0,259.73216711577203
0.0,1.0,-0.0,-0.0,1.0,0.0,-0.0,1.0,-0.0,0.0,225.38725844331557
1.0,0.0,-0.0,0.0,-0.0,1.0,-0.0,1.0,0.0,0.0,227.52975341003193
0.0,1.0,0.0,0.0,0.0,0.0,0.0,1.0,0.0,0.0,223.1268660870828
0.0,1.0,-0.0,0.0,1.0,-0.0,-0.0,1.0,0.0,1.0,214.8043800111706
-0.0,1.0,-0.0,1.0,1.0,1.0,-0.0,0.0,1.0,0.0,211.19277565366357
1.0,-0.0,0.0,-0.0,0.0,0.0,-0.0,1.0,-0.0,-0.0,211.32967796866706
-0.0,-0.0,0.0,1.0,1.0,0.0,0.0,1.0,1.0,-0.0,198.22770780512928
1.0,0.0,1.0,1.0,0.0,0.0,1.0,0.0,0.0,1.0,241.31300399291382
-0.0,-0.0,-0.0,-0.0,0.0,0.0,0.0,1.0,0.0,1.0,208.63596057771105
-0.0,1.0,-0.0,1.0,1.0,1.0,-0.0,0.0,1.0,1.0,220.32995863588175
1.0,1.0,-0.0,1.0,-0.0,0.0,-0.0,1.0,-0.0,-0.0,224.25196085932095
0.0,-0.0,0.0,-0.0,-0.0,-0.0,0.0,0.0,0.0,0.0,179.38873320009264
1.0,0.0,-0.0,-0.0,1.0,1.0,1.0,1.0,0.0,0.0,224.59997065065173
1.0,0.0,0.0,-0.0,1.0,1.0,1.0,0.0,-0.0,1.0,225.2740247415443
-0.0,1.0,-0.0,-0.0,1.0,1.0,-0.0,1.0,0.0,0.0,244.79018909100864
0.0,1.0,1.0,1.0,0.0,1.0,1.0,0.0,0.0,0.0,211.20558885719547
1.0,-0.0,-0.0,-0.0,-0.0,0.0,1.0,1.0,0.0,0.0,199.8320323064832
1.0,1.0,1.0,-0.0,-0.0,1.0,1.0,1.0,1.0,1.0,261.4736645215208
1.0,1.0,0.0,-0.0,0.0,1.0,1.0,1.0,0.0,0.0,237.69619476887894
1.0,1.0,-0.0,1.0,0.0,0.0,-0.0,1.0,0.0,0.0,230.21772475567738
-0.0,-0.0,1.0,-0.0,0.0,-0.0,-0.0,-0.0,1.0,-0.0,202.341255483603
1.0,0.0,1.0,0.0,0.0,0.0,0.0,1.0,0.0,0.0,214.77394666315448
-0.0,-0.0,0.0,0.0,0.0,-0.0,-0.0,1.0,1.0,1.0,215.08128846066666
1.0,-0.0,-0.0,0.0,0.0,0.0,0.0,0.0,0.0,0.0,212.2289261012605
-0.0,-0.0,1.0,-0.0,0.0,-0.0,-0.0,-0.0,1.0,-0.0,184.96193555768255
-0.0,-0.0,1.0,-0.0,1.0,-0.0,-0.0,0.0,1.0,-0.0,223.81799914367687
-0.0,0.0,1.0,-0.0,0.0,0.0,-0.0,0.0,1.0,0.0,206.050717698643
-0.0,-0.0,1.0,-0.0,1.0,-0.0,-0.0,-0.0,1.0,-0.0,195.85646930057837
1.0,-0.0,0.0,0.0,0.0,-0.0,1.0,1.0,-0.0,-0.0,193.25187132151683
-0.0,0.0,1.0,1.0,1.0,1.0,0.0,-0.0,0.0,1.0,263.8313417224578
1.0,-0.0,1.0,0.0,0.0,1.0,0.0,0.0,0.0,0.0,230.01631074636987
0.0,1.0,-0.0,-0.0,0.0,0.0,0.0,1.0,0.0,1.0,210.85823166380857
1.0,1.0,-0.0,-0.0,1.0,1.0,1.0,1.0,0.0,0.0,228.45327500273237
0.0,1.0,1.0,0.0,1.0,0.0,1.0,0.0,0.0,1.0,220.72365028328272
0.0,1.0,0.0,1.0,1.0,0.0,0.0,1.0,1.0,0.0,192.02957128968953
1.0,0.0,0.0,1.0,1.0,-0.0,1.0,0.0,0.0,1.0,243.7075131851214
0.0,-0.0,0.0,-0.0,0.0,-0.0,1.0,1.0,0.0,0.0,193.31227642388146
-0.0,0.0,-0.0,0.0,0.0,-0.0,-0.0,1.0,1.0,1.0,209.61157858675915
1.0,0.0,0.0,-0.0,0.0,0.0,0.0,1.0,0.0,1.0,232.2870650845893
-0.0,1.0,0.0,1.0,1.0,0.0,1.0,-0.0,0.0,1.0,229.01890233280602
-0.0,0.0,0.0,-0.0,-0.0,0.0,0.0,1.0,0.0,1.0,194.552196600193
-0.0,1.0,-0.0,1.0,1.0,-0.0,1.0,-0.0,0.0,1.0,230.1157125551359
-0.0,1.0,1.0,1.0,1.0,1.0,1.0,0.0,-0.0,0.0,206.22701464562343
1.0,0.0,0.0,0.0,0.0,1.0,0.0,-0.0,0.0,1.0,242.72487576892104
0.0,-0.0,0.0,-0.0,0.0,-0.0,0.0,1.0,1.0,0.0,192.7242538424173
1.0,1.0,0.0,-0.0,0.0,1.0,1.0,1.0,0.0,1.0,235.77392773268087
1.0,-0.0,-0.0,-0.0,-0.0,-0.0,1.0,1.0,0.0,-0.0,208.41334509373957
1.0,-0.0,1.0,0.0,-0.0,-0.0,1.0,0.0,0.0,0.0,224.69123886065404
0.0,0.0,0.0,1.0,1.0,1.0,1.0,0.0,0.0,0.0,193.76804446106428
0.0,1.0,-0.0,0.0,1.0,1.0,-0.0,0.0,1.0,0.0,201.41606260348536
1.0,-0.0,-0.0,-0.0,1.0,1.0,1.0,-0.0,0.0,1.0,225.0670079401334
1.0,1.0,0.0,0.0,-0.0,1.0,-0.0,1.0,0.0,0.0,225.20123619526936
0.0,1.0,0.0,0.0,1.0,1.0,-0.0,1.0,1.0,0.0,216.88986020142582
1.0,1.0,-0.0,-0.0,0.0,1.0,-0.0,1.0,0.0,0.0,239.7362796094783
0.0,-0.0,0.0,0.0,0.0,0.0,0.0,0.0,0.0,-0.0,204.86402404731365
1.0,-0.0,1.0,0.0,1.0,-0.0,-0.0,0.0,0.0,-0.0,202.08725163023416
1.0,1.0,0.0,0.0,0.0,1.0,0.0,1.0,0.0,-0.0,247.00916535334082
1.0,1.0,0.0,1.0,0.0,1.0,1.0,0.0,0.0,1.0,257.21288438010293
-0.0,-0.0,1.0,-0.0,1.0,-0.0,-0.0,-0.0,1.0,-0.0,202.57556997949487
1.0,1.0,0.0,1.0,0.0,1.0,1.0,0.0,0.0,0.0,233.9105695986835
0.0,-0.0,0.0,1.0,1.0,-0.0,1.0,1.0,0.0,1.0,198.48836497412088
-0.0,0.0,1.0,-0.0,1.0,-0.0,0.0,0.0,1.0,-0.0,200.51017707229215
0.0,1.0,0.0,1.0,1.0,-0.0,1.0,0.0,0.0,1.0,228.58457452563246
0.0,0.0,1.0,-0.0,1.0,-0.0,-0.0,1.0,1.0,-0.0,200.33633134685698
0.0,0.0,0.0,-0.0,1.0,1.0,0.0,0.0,0.0,0.0,212.4331415066197
0.0,0.0,1.0,1.0,1.0,1.0,0.0,1.0,1.0,1.0,243.98198633009522
0.0,0.0,0.0,0.0,1.0,0.0,1.0,1.0,0.0,1.0,230.17495571482
-0.0,0.0,1.0,0.0,0.0,0.0,1.0,0.0,1.0,0.0,213.17037026188257
-0.0,0.0,0.0,-0.0,1.0,0.0,-0.0,0.0,1.0,-0.0,185.4148226136986
0.0,-0.0,-0.0,-0.0,-0.0,-0.0,-0.0,1.0,0.0,0.0,194.45792007283973
0.0,1.0,-0.0,0.0,1.0,1.0,1.0,0.0,0.0,0.0,233.58602149928566
1.0,-0.0,-0.0,0.0,1.0,1.0,-0.0,-0.0,0.0,1.0,252.773706244666
0.0,-0.0,1.0,0.0,1.0,-0.0,1.0,-0.0,-0.0,1.0,261.4718022298273
-0.0,-0.0,1.0,-0.0,1.0,-0.0,-0.0,-0.0,1.0,-0.0,202.80493428122725
1.0,-0.0,0.0,-0.0,0.0,0.0,0.0,1.0,0.0,1.0,232.82609506919488
1.0,-0.0,-0.0,-0.0,1.0,1.0,1.0,-0.0,0.0,1.0,228.9714059361114
1.0,0.0,0.0,-0.0,0.0,0.0,1.0,1.0,0.0,0.0,202.09708835046112
-0.0,0.0,1.0,1.0,-0.0,1.0,-0.0,0.0,0.0,1.0,263.7144471053917
0.0,-0.0,1.0,-0.0,-0.0,-0.0,-0.0,0.0,1.0,-0.0,202.77518536520103
1.0,0.0,0.0,0.0,-0.0,-0.0,1.0,1.0,-0.0,-0.0,214.58641229792127
-0.0,-0.0,0.0,0.0,1.0,-0.0,-0.0,-0.0,1.0,1.0,204.9190491958972
1.0,0.0,-0.0,-0.0,-0.0,0.0,0.0,1.0,0.0,-0.0,198.94066310028512
0.0,1.0,-0.0,1.0,1.0,1.0,0.0,1.0,1.0,0.0,198.22315553654528
1.0,1.0,0.0,-0.0,0.0,1.0,1.0,1.0,-0.0,0.0,248.74671533738035
0.0,-0.0,0.0,0.0,1.0,0.0,0.0,0.0,1.0,1.0,199.19928289033007
1.0,1.0,-0.0,1.0,0.0,0.0,-0.0,1.0,1.0,1.0,236.43211255162154
0.0,-0.0,1.0,-0.0,1.0,-0.0,-0.0,1.0,1.0,-0.0,192.00068189290644
0.0,1.0,-0.0,-0.0,1.0,1.0,-0.0,1.0,0.0,0.0,210.41750521338057
0.0,0.0,0.0,1.0,1.0,0.0,1.0,1.0,0.0,1.0,209.33393795420415
0.0,-0.0,-0.0,-0.0,0.0,0.0,1.0,1.0,0.0,0.0,197.00833650553784
-0.0,-0.0,0.0,0.0,1.0,-0.0,0.0,-0.0,1.0,1.0,228.1155157742271
1.0,0.0,0.0,1.0,1.0,0.0,0.0,0.0,0.0,1.0,228.9645775332354
0.0,1.0,-0.0,1.0,1.0,1.0,0.0,1.0,0.0,-0.0,208.3938785745849
0.0,0.0,1.0,1.0,1.0,0.0,0.0,0.0,1.0,1.0,221.73232794914543
-0.0,0.0,0.0,1.0,1.0,-0.0,0.0,0.0,0.0,1.0,225.93338742018852
1.0,0.0,0.0,0.0,1.0,1.0,1.0,-0.0,0.0,0.0,224.83172250583723
-0.0,-0.0,-0.0,-0.0,1.0,1.0,1.0,-0.0,0.0,1.0,200.3767765023533
0.0,1.0,1.0,-0.0,0.0,1.0,1.0,1.0,1.0,0.0,221.66853252087733
1.0,1.0,1.0,0.0,1.0,1.0,1.0,0.0,0.0,0.0,239.8247464234289
0.0,-0.0,1.0,-0.0,1.0,0.0,1.0,0.0,0.0,1.0,223.78630835084212
1.0,0.0,0.0,-0.0,0.0,1.0,0.0,0.0,0.0,1.0,221.44146027046
-0.0,1.0,-0.0,1.0,1.0,1.0,-0.0,1.0,1.0,-0.0,207.98839241312538
0.0,0.0,-0.0,1.0,1.0,0.0,0.0,1.0,0.0,1.0,219.6865766483506
0.0,0.0,1.0,1.0,0.0,-0.0,0.0,1.0,1.0,-0.0,211.38112178707087
1.0,1.0,1.0,1.0,0.0,1.0,0.0,1.0,0.0,1.0,233.20803995360637
1.0,-0.0,-0.0,-0.0,-0.0,-0.0,1.0,1.0,-0.0,-0.0,196.77238255627478
-0.0,-0.0,1.0,-0.0,0.0,-0.0,-0.0,-0.0,1.0,-0.0,203.41406283521724
-0.0,-0.0,1.0,-0.0,0.0,-0.0,-0.0,-0.0,1.0,-0.0,196.71167503047275
1.0,1.0,-0.0,1.0,1.0,0.0,1.0,0.0,0.0,1.0,235.4209677471906
0.0,1.0,0.0,1.0,0.0,0.0,-0.0,1.0,1.0,1.0,232.08146489822727
-0.0,-0.0,-0.0,-0.0,0.0,1.0,1.0,0.0,-0.0,1.0,205.77786809001734
0.0,-0.0,1.0,0.0,-0.0,-0.0,-0.0,0.0,1.0,-0.0,208.19267148657667
1.0,1.0,-0.0,-0.0,0.0,1.0,1.0,1.0,-0.0,0.0,212.35145534447602
0.0,0.0,0.0,0.0,1.0,-0.0,-0.0,1.0,0.0,0.0,219.15228993660529
1.0,0.0,0.0,-0.0,1.0,1.0,1.0,0.0,0.0,1.0,232.75104630565093
-0.0,0.0,-0.0,-0.0,0.0,0.0,0.0,0.0,0.0,1.0,216.74838970081532
1.0,1.0,0.0,0.0,0.0,1.0,1.0,1.0,0.0,0.0,217.8417936802187
1.0,0.0,-0.0,0.0,-0.0,-0.0,-0.0,1.0,-0.0,-0.0,206.0687676027488
-0.0,-0.0,1.0,0.0,1.0,-0.0,0.0,-0.0,1.0,1.0,224.47187044937886
0.0,0.0,0.0,-0.0,0.0,0.0,-0.0,0.0,1.0,0.0,214.3747158917422
-0.0,0.0,-0.0,0.0,0.0,1.0,1.0,1.0,0.0,1.0,227.51044606110747
-0.0,1.0,1.0,-0.0,-0.0,1.0,0.0,1.0,1.0,0.0,200.58708812752954
0.0,1.0,1.0,0.0,1.0,1.0,1.0,0.0,1.0,0.0,218.46001085435367
1.0,1.0,-0.0,1.0,0.0,-0.0,-0.0,1.0,1.0,1.0,231.58251397758852
1.0,1.0,1.0,1.0,0.0,0.0,0.0,1.0,0.0,0.0,216.15724738283905
0.0,0.0,0.0,0.0,1.0,-0.0,0.0,0.0,0.0,0.0,191.809168271918
1.0,-0.0,0.0,0.0,-0.0,0.0,-0.0,0.0,0.0,1.0,231.8920045732085
1.0,-0.0,-0.0,-0.0,-0.0,-0.0,-0.0,1.0,0.0,-0.0,237.4737543721607
1.0,0.0,0.0,-0.0,0.0,1.0,1.0,1.0,-0.0,1.0,210.35157690402767
0.0,1.0,0.0,0.0,0.0,0.0,-0.0,1.0,0.0,0.0,218.0114213945533
1.0,0.0,0.0,1.0,0.0,-0.0,1.0,1.0,-0.0,-0.0,216.40001381795506
-0.0,0.0,1.0,1.0,1.0,1.0,0.0,-0.0,0.0,1.0,246.16960605707607
