no_8x8dct,no_cabac,no_deblock,no_fast_pskip,no_mbtree,no_mixed_refs,no_weightb,rc_lookahead_20,rc_lookahead_40,rc_lookahead_60,ref_1,ref_5,ref_9,PERF
-0.0,-0.0,-0.0,0.0,1.0,-0.0,-0.0,-0.0,1.0,-0.0,-0.0,1.0,-0.0,576.7323795416951
0.0,0.0,1.0,0.0,0.0,0.0,0.0,1.0,0.0,0.0,0.0,1.0,-0.0,433.4928799390197
1.0,-0.0,1.0,-0.0,-0.0,-0.0,-0.0,1.0,0.0,0.0,0.0,-0.0,1.0,599.4793496834636
0.0,0.0,1.0,1.0,0.0,1.0,1.0,0.0,1.0,0.0,1.0,0.0,-0.0,310.0885546358228
1.0,0.0,0.0,0.0,0.0,0.0,-0.0,1.0,0.0,-0.0,0.0,-0.0,1.0,563.4723262612224
0.0,-0.0,0.0,-0.0,0.0,1.0,1.0,1.0,-0.0,0.0,0.0,1.0,0.0,383.02292756715417
0.0,1.0,-1.0,-0.0,-1.0,-0.0,-1.0,0.0,1.0,-0.0,1.0,-0.0,-0.0,267.1234769093096
0.0,-0.0,1.0,1.0,1.0,-0.0,1.0,1.0,0.0,-0.0,1.0,-0.0,-0.0,221.0330891635716
1.0,1.0,1.0,1.0,-0.0,1.0,-0.0,0.0,1.0,0.0,-0.0,0.0,1.0,602.9809084244966
0.0,1.0,1.0,0.0,1.0,0.0,1.0,-0.0,-0.0,1.0,0.0,1.0,-0.0,477.5986438443065
0.0,0.0,1.0,-0.0,1.0,1.0,-0.0,-0.0,-0.0,1.0,0.0,1.0,-0.0,482.76424398243427
0.0,-0.0,0.0,0.0,1.0,-0.0,-0.0,0.0,1.0,-0.0,0.0,1.0,-0.0,511.7062370348573
0.0,-0.0,-0.0,0.0,1.0,0.0,-0.0,-0.0,1.0,0.0,0.0,1.0,0.0,576.5831985254883
1.0,1.0,1.0,-0.0,-0.0,0.0,0.0,1.0,0.0,0.0,0.0,0.0,1.0,538.9117649026513
1.0,1.0,0.0,0.0,0.0,1.0,1.0,1.0,0.0,-0.0,1.0,-0.0,0.0,260.66895463517307
1.0,0.0,-0.0,-0.0,1.0,1.0,1.0,-0.0,-0.0,1.0,-0.0,0.0,1.0,571.9088907513022
-0.0,1.0,1.0,1.0,-0.0,-0.0,0.0,-0.0,0.0,1.0,1.0,-0.0,-0.0,245.04037611979246
-0.0,0.0,-0.0,1.0,-0.0,-0.0,-0.0,1.0,-0.0,-0.0,1.0,-0.0,-0.0,213.20696361851694
1.0,1.0,0.0,1.0,0.0,0.0,-0.0,0.0,1.0,-0.0,-0.0,0.0,1.0,743.125178543508
0.0,0.0,0.0,1.0,-0.0,-0.0,0.0,-0.0,0.0,1.0,1.0,0.0,0.0,373.5635787675679
-0.0,1.0,1.0,0.0,-0.0,-0.0,-0.0,1.0,0.0,0.0,0.0,1.0,-0.0,426.14848091709615
-0.0,1.0,1.0,0.0,1.0,-0.0,0.0,-0.0,-0.0,1.0,1.0,-0.0,-0.0,323.17990336474776
1.0,0.0,-0.0,-0.0,0.0,0.0,0.0,0.0,1.0,0.0,0.0,-0.0,1.0,580.8066901199818
0.0,0.0,0.0,0.0,0.0,-0.0,0.0,-0.0,1.0,-0.0,0.0,-0.0,1.0,627.333326307118
1.0,0.0,0.0,0.0,-0.0,-0.0,-0.0,0.0,1.0,0.0,1.0,-0.0,0.0,295.85709598359466
1.0,-0.0,-0.0,1.0,-0.0,1.0,-0.0,-0.0,1.0,-0.0,0.0,-0.0,1.0,645.4136874477863
1.0,1.0,1.0,0.0,0.0,1.0,-0.0,0.0,1.0,0.0,0.0,-0.0,1.0,574.8328110086918
1.0,1.0,0.0,0.0,-0.0,0.0,0.0,-0.0,1.0,0.0,1.0,-0.0,0.0,269.3213613742888
-0.0,-0.0,0.0,-0.0,-0.0,1.0,0.0,-0.0,-0.0,1.0,0.0,0.0,1.0,449.54394591516257
-0.0,-0.0,-0.0,1.0,1.0,-0.0,-0.0,0.0,1.0,0.0,1.0,0.0,-0.0,336.9780179031491
0.0,1.0,0.0,0.0,0.0,-0.0,-0.0,-0.0,1.0,-0.0,1.0,0.0,0.0,313.2545713414848
-0.0,-0.0,1.0,0.0,-0.0,0.0,1.0,-0.0,-0.0,1.0,-0.0,1.0,0.0,523.8088466274738
1.0,-0.0,-0.0,0.0,-0.0,1.0,0.0,-0.0,-0.0,1.0,-0.0,-0.0,1.0,531.1892500911952
1.0,1.0,0.0,0.0,0.0,1.0,1.0,-0.0,1.0,0.0,1.0,0.0,0.0,265.2020798190832
1.0,0.0,-0.0,1.0,0.0,0.0,1.0,0.0,0.0,1.0,-0.0,-0.0,1.0,658.4803032919168
0.0,-0.0,-0.0,0.0,1.0,1.0,-0.0,1.0,0.0,-0.0,-0.0,0.0,1.0,537.6871989775896
0.0,1.0,1.0,-0.0,-0.0,-0.0,-0.0,0.0,1.0,0.0,1.0,0.0,0.0,285.0880568008423
-0.0,1.0,-0.0,-0.0,1.0,1.0,0.0,-0.0,1.0,0.0,1.0,0.0,-0.0,355.64051232013105
-0.0,-0.0,-0.0,-0.0,-0.0,-0.0,-0.0,-0.0,1.0,-0.0,1.0,-0.0,-0.0,258.123818623662
-0.0,-0.0,1.0,1.0,0.0,0.0,1.0,-0.0,1.0,0.0,1.0,-0.0,0.0,313.0969078447521
0.0,1.0,1.0,0.0,1.0,0.0,0.0,-0.0,0.0,1.0,1.0,-0.0,0.0,335.6180549927354
0.0,0.0,1.0,0.0,0.0,-0.0,-0.0,0.0,1.0,-0.0,0.0,1.0,0.0,438.3840441718698
0.0,0.0,-0.0,1.0,1.0,0.0,0.0,1.0,0.0,0.0,-0.0,1.0,0.0,596.454976572454
0.0,0.0,-0.0,0.0,1.0,-0.0,0.0,-0.0,1.0,0.0,1.0,0.0,-0.0,318.56478855249287
0.0,-0.0,-0.0,1.0,0.0,-0.0,-0.0,-0.0,1.0,0.0,1.0,-0.0,-0.0,192.78244132423401
-0.0,-0.0,-0.0,-0.0,1.0,1.0,1.0,1.0,-0.0,-0.0,0.0,1.0,0.0,510.15117707234623
0.0,0.0,1.0,0.0,0.0,0.0,1.0,-0.0,-0.0,1.0,-0.0,1.0,0.0,549.5377774776221
-0.0,1.0,0.0,-0.0,1.0,0.0,-0.0,0.0,1.0,0.0,1.0,-0.0,0.0,308.66017867594957
-0.0,0.0,0.0,1.0,-0.0,1.0,-0.0,-0.0,-0.0,1.0,0.0,1.0,-0.0,417.7989540532827
0.0,1.0,0.0,1.0,0.0,0.0,-0.0,1.0,-0.0,-0.0,1.0,0.0,-0.0,304.5069902488589
1.0,0.0,1.0,-0.0,1.0,0.0,-0.0,-0.0,-0.0,1.0,0.0,1.0,0.0,516.3077983184456
0.0,-0.0,1.0,0.0,-0.0,-0.0,1.0,0.0,1.0,-0.0,0.0,0.0,1.0,598.0181963124276
0.0,1.0,1.0,1.0,0.0,0.0,1.0,0.0,1.0,0.0,0.0,0.0,1.0,680.2500363565683
1.0,1.0,0.0,0.0,-0.0,1.0,0.0,1.0,0.0,-0.0,1.0,-0.0,0.0,215.55716392946243
1.0,1.0,0.0,-0.0,0.0,1.0,-0.0,0.0,-0.0,1.0,-0.0,-0.0,1.0,556.9846577724219
1.0,1.0,0.0,0.0,0.0,1.0,0.0,-0.0,1.0,-0.0,1.0,-0.0,-0.0,243.97199847745895
0.0,1.0,1.0,1.0,0.0,0.0,1.0,-0.0,-0.0,1.0,1.0,0.0,0.0,329.5864581335187
1.0,-0.0,0.0,-0.0,-0.0,1.0,0.0,0.0,-0.0,1.0,-0.0,-0.0,1.0,506.1380417748094
1.0,1.0,1.0,1.0,-0.0,0.0,0.0,-0.0,1.0,0.0,1.0,-0.0,0.0,257.7051805494428
0.0,-0.0,0.0,-0.0,-0.0,-0.0,-0.0,0.0,1.0,0.0,0.0,1.0,-0.0,445.55280052638057
-0.0,1.0,1.0,0.0,1.0,-0.0,1.0,-0.0,1.0,0.0,1.0,0.0,-0.0,286.740158184588
0.0,-0.0,1.0,-0.0,-0.0,0.0,0.0,-0.0,-0.0,1.0,0.0,-0.0,1.0,551.04853491956
1.0,1.0,1.0,-0.0,0.0,1.0,1.0,1.0,0.0,-0.0,0.0,1.0,0.0,411.4759563277364
-0.0,1.0,1.0,1.0,1.0,-0.0,0.0,-0.0,0.0,1.0,1.0,0.0,-0.0,244.2689544465244
0.0,0.0,0.0,0.0,1.0,0.0,-0.0,0.0,-0.0,1.0,-0.0,0.0,1.0,644.2933085117936
1.0,1.0,-0.0,-0.0,-0.0,1.0,1.0,-0.0,1.0,0.0,1.0,0.0,-0.0,308.6314120028615
-0.0,-0.0,0.0,1.0,-0.0,1.0,1.0,-0.0,0.0,1.0,-0.0,1.0,-0.0,491.9606358857155
-0.0,1.0,1.0,0.0,-0.0,-0.0,-0.0,-0.0,0.0,1.0,1.0,0.0,-0.0,220.79288283324243
1.0,0.0,0.0,1.0,-0.0,-0.0,1.0,-0.0,1.0,-0.0,0.0,-0.0,1.0,704.3950022698045
1.0,1.0,1.0,1.0,0.0,1.0,0.0,-0.0,1.0,-0.0,-0.0,-0.0,1.0,635.43584702605
1.0,1.0,1.0,1.0,-0.0,0.0,0.0,-0.0,0.0,1.0,1.0,-0.0,-0.0,239.83206392619013
0.0,1.0,-0.0,-0.0,1.0,0.0,0.0,0.0,1.0,0.0,0.0,-0.0,1.0,661.581295330286
-0.0,-0.0,-0.0,-0.0,-0.0,-0.0,-0.0,-0.0,1.0,-0.0,1.0,-0.0,-0.0,146.55651829183103
1.0,1.0,1.0,0.0,-0.0,0.0,1.0,0.0,1.0,-0.0,-0.0,0.0,1.0,620.6136343156695
0.0,-0.0,1.0,-0.0,-0.0,-0.0,0.0,-0.0,-0.0,1.0,0.0,1.0,0.0,456.4694763606787
0.0,0.0,1.0,0.0,1.0,0.0,1.0,1.0,-0.0,1.0,0.0,0.0,1.0,644.4994696689248
0.0,0.0,0.0,0.0,1.0,1.0,0.0,1.0,0.0,0.0,0.0,-0.0,1.0,558.4973053323031
-0.0,1.0,-0.0,-0.0,1.0,1.0,1.0,-0.0,-0.0,1.0,0.0,0.0,1.0,506.8460061956644
0.0,1.0,0.0,1.0,1.0,1.0,0.0,0.0,-0.0,1.0,-0.0,0.0,1.0,644.9541121849418
-0.0,-0.0,0.0,1.0,-0.0,1.0,0.0,-0.0,0.0,1.0,-0.0,1.0,-0.0,434.60118056035043
0.0,-0.0,-0.0,0.0,0.0,0.0,-0.0,0.0,1.0,-0.0,1.0,-0.0,0.0,317.19152566581965
0.0,1.0,1.0,1.0,1.0,-0.0,0.0,0.0,0.0,1.0,0.0,0.0,1.0,721.0595728700757
0.0,-0.0,-0.0,1.0,1.0,1.0,-0.0,0.0,0.0,1.0,-0.0,1.0,0.0,564.807902040124
1.0,1.0,0.0,0.0,1.0,0.0,-0.0,0.0,-0.0,1.0,-0.0,0.0,1.0,676.3670886949301
1.0,0.0,-0.0,0.0,0.0,1.0,1.0,-0.0,0.0,1.0,0.0,0.0,1.0,521.3519699038267
-0.0,0.0,1.0,1.0,1.0,-0.0,1.0,0.0,1.0,0.0,0.0,1.0,-0.0,533.6583895312548
0.0,1.0,1.0,-0.0,1.0,-0.0,-0.0,0.0,1.0,0.0,0.0,-0.0,1.0,676.8043052455187
1.0,1.0,1.0,0.0,1.0,1.0,1.0,-0.0,0.0,1.0,0.0,1.0,-0.0,451.67673656219245
0.0,1.0,-0.0,1.0,1.0,1.0,1.0,-0.0,-0.0,1.0,0.0,-0.0,1.0,642.8449249619841
0.0,-0.0,-0.0,-0.0,-0.0,-0.0,-0.0,-0.0,1.0,-0.0,1.0,-0.0,0.0,241.3310888067484
0.0,1.0,1.0,1.0,0.0,0.0,0.0,-0.0,1.0,-0.0,1.0,0.0,-0.0,255.42286313292385
1.0,0.0,-0.0,0.0,1.0,0.0,0.0,1.0,0.0,0.0,1.0,-0.0,0.0,404.7707859741449
1.0,-0.0,0.0,1.0,0.0,-0.0,0.0,0.0,1.0,-0.0,0.0,0.0,1.0,720.0377566697598
0.0,0.0,-0.0,-0.0,0.0,-0.0,-0.0,0.0,1.0,0.0,0.0,1.0,0.0,491.16618704384564
1.0,1.0,1.0,-0.0,-0.0,-0.0,-0.0,-0.0,1.0,-0.0,0.0,0.0,1.0,570.8025724487901
1.0,0.0,-0.0,1.0,0.0,0.0,0.0,-0.0,0.0,1.0,1.0,0.0,0.0,415.23775203925373
-0.0,-0.0,-0.0,-0.0,0.0,1.0,1.0,0.0,0.0,1.0,0.0,1.0,-0.0,361.63838670921325
0.0,1.0,0.0,0.0,1.0,1.0,0.0,-0.0,0.0,1.0,1.0,-0.0,0.0,319.7892853268981
-0.0,0.0,0.0,-0.0,0.0,0.0,-0.0,-0.0,0.0,1.0,0.0,0.0,1.0,443.67840283232925
1.0,1.0,1.0,1.0,0.0,1.0,1.0,0.0,1.0,0.0,-0.0,1.0,0.0,492.7424993081093
-0.0,-0.0,0.0,0.0,-0.0,-0.0,-0.0,-0.0,1.0,-0.0,1.0,-0.0,0.0,244.96889739122986
-0.0,-0.0,0.0,-0.0,1.0,0.0,0.0,1.0,0.0,-0.0,0.0,1.0,0.0,470.85092278677223
1.0,1.0,0.0,0.0,1.0,-0.0,1.0,0.0,1.0,0.0,-0.0,1.0,-0.0,510.1066440495849
1.0,1.0,-0.0,1.0,1.0,0.0,-0.0,-0.0,-0.0,1.0,0.0,0.0,1.0,810.2305890892744
-0.0,0.0,0.0,-0.0,0.0,1.0,1.0,-0.0,-0.0,1.0,1.0,0.0,0.0,213.18137787562608
-0.0,-0.0,-0.0,0.0,-0.0,-0.0,-0.0,-0.0,1.0,-0.0,1.0,-0.0,-0.0,249.2493691266477
0.0,0.0,0.0,1.0,1.0,1.0,1.0,-0.0,0.0,1.0,-0.0,1.0,0.0,527.8316630169153
0.0,1.0,1.0,0.0,0.0,-0.0,0.0,-0.0,0.0,1.0,-0.0,1.0,-0.0,486.18374394446613
1.0,-0.0,0.0,-0.0,1.0,1.0,0.0,1.0,0.0,-0.0,0.0,1.0,0.0,418.56638803869487
0.0,1.0,1.0,1.0,1.0,1.0,1.0,0.0,0.0,1.0,1.0,0.0,0.0,330.9023490255475
-0.0,0.0,1.0,1.0,-0.0,1.0,1.0,-0.0,1.0,-0.0,1.0,0.0,-0.0,285.1329355768859
0.0,1.0,0.0,0.0,1.0,0.0,0.0,0.0,1.0,-0.0,0.0,-0.0,1.0,719.3889391103983
1.0,1.0,1.0,0.0,0.0,0.0,0.0,0.0,1.0,-0.0,0.0,0.0,1.0,632.3339329789281
0.0,0.0,1.0,1.0,1.0,-0.0,0.0,1.0,-0.0,-0.0,1.0,0.0,0.0,361.8623195850551
0.0,0.0,-0.0,-0.0,0.0,0.0,-0.0,-0.0,1.0,-0.0,1.0,-0.0,-0.0,276.1226280901432
-0.0,-0.0,1.0,-0.0,0.0,0.0,-0.0,-0.0,0.0,1.0,0.0,1.0,0.0,472.40510684096813
0.0,0.0,0.0,0.0,0.0,-0.0,0.0,-0.0,1.0,0.0,1.0,-0.0,0.0,330.49913154771923
-0.0,1.0,-0.0,1.0,1.0,1.0,0.0,1.0,-0.0,0.0,1.0,-0.0,0.0,304.4420577824414
0.0,-0.0,1.0,0.0,1.0,0.0,0.0,1.0,0.0,-0.0,0.0,1.0,0.0,526.3130685005784
1.0,-0.0,-0.0,0.0,0.0,1.0,-0.0,1.0,-0.0,-0.0,0.0,0.0,0.0,399.27132646662
-0.0,1.0,1.0,0.0,0.0,-0.0,-0.0,-0.0,-0.0,1.0,1.0,-0.0,0.0,266.65020981648564
-0.0,0.0,-0.0,1.0,1.0,-0.0,-0.0,1.0,-0.0,-0.0,1.0,-0.0,0.0,312.7337746974528
0.0,1.0,-1.0,0.0,1.0,1.0,0.0,0.0,1.0,0.0,0.0,-0.0,1.0,665.3379738932252
-0.0,0.0,0.0,0.0,0.0,0.0,1.0,-0.0,1.0,0.0,1.0,0.0,0.0,470.9726740425825
0.0,0.0,-0.0,0.0,1.0,0.0,-0.0,-0.0,1.0,0.0,0.0,-0.0,1.0,667.5808523853422
0.0,-0.0,0.0,1.0,0.0,0.0,-0.0,1.0,0.0,-0.0,1.0,0.0,-0.0,289.8650994003117
-0.0,0.0,0.0,-0.0,-0.0,0.0,0.0,-0.0,1.0,0.0,1.0,0.0,-0.0,276.19343836236
0.0,1.0,-0.0,-0.0,1.0,1.0,1.0,0.0,-0.0,1.0,-0.0,0.0,1.0,534.4232879925967
0.0,-0.0,0.0,0.0,0.0,1.0,0.0,1.0,-0.0,1.0,0.0,0.0,1.0,489.6122795922756
0.0,1.0,1.0,-0.0,-0.0,-0.0,-0.0,-0.0,0.0,1.0,0.0,1.0,-0.0,441.9785413951874
0.0,-0.0,1.0,1.0,-0.0,0.0,0.0,-0.0,1.0,-0.0,0.0,0.0,1.0,684.4617262390256
1.0,0.0,-0.0,0.0,0.0,-0.0,-0.0,-0.0,1.0,0.0,1.0,-0.0,0.0,278.52964719048146
1.0,1.0,1.0,1.0,-0.0,1.0,1.0,0.0,1.0,-0.0,0.0,1.0,-0.0,398.6659355195165
-0.0,-0.0,0.0,1.0,0.0,-0.0,0.0,1.0,-0.0,0.0,1.0,0.0,0.0,357.66167075741294
0.0,-0.0,-0.0,1.0,0.0,0.0,0.0,-0.0,1.0,-0.0,0.0,-0.0,1.0,732.2443227492571
0.0,1.0,1.0,1.0,0.0,0.0,0.0,0.0,1.0,0.0,1.0,0.0,0.0,345.5408514919281
-0.0,-0.0,0.0,0.0,0.0,1.0,1.0,-0.0,0.0,1.0,-0.0,1.0,0.0,493.2458238862753
0.0,1.0,1.0,1.0,-0.0,0.0,-0.0,0.0,1.0,0.0,1.0,0.0,-0.0,285.0674038047791
0.0,0.0,-0.0,1.0,1.0,0.0,-0.0,-0.0,1.0,0.0,1.0,0.0,-0.0,291.2821346525252
0.0,0.0,0.0,-0.0,0.0,0.0,0.0,0.0,1.0,-0.0,0.0,0.0,1.0,487.3924513189793
1.0,0.0,0.0,0.0,1.0,0.0,0.0,0.0,1.0,-0.0,1.0,0.0,0.0,281.9505532158613
0.0,1.0,-0.0,1.0,0.0,1.0,0.0,0.0,-0.0,1.0,0.0,-0.0,1.0,545.9610750232339
-0.0,-0.0,1.0,-0.0,-0.0,-0.0,0.0,1.0,0.0,0.0,0.0,1.0,0.0,455.98717358207705
0.0,0.0,0.0,-0.0,1.0,0.0,0.0,0.0,1.0,-0.0,-0.0,1.0,0.0,555.7909791405797
1.0,1.0,-0.0,-0.0,0.0,1.0,0.0,-0.0,1.0,-0.0,0.0,1.0,0.0,360.1605219295323
0.0,0.0,0.0,0.0,0.0,0.0,1.0,1.0,0.0,0.0,-0.0,1.0,-0.0,449.32003608953954
0.0,-0.0,-0.0,0.0,1.0,1.0,0.0,1.0,0.0,-0.0,0.0,0.0,1.0,521.7853140176535
1.0,1.0,1.0,1.0,1.0,1.0,1.0,1.0,0.0,0.0,1.0,-0.0,-0.0,273.9234989133477
-0.0,0.0,-0.0,-0.0,-0.0,0.0,0.0,-0.0,1.0,-0.0,1.0,0.0,0.0,279.8603824234307
-0.0,0.0,-0.0,1.0,-0.0,1.0,-0.0,1.0,-0.0,-0.0,1.0,-0.0,-0.0,230.16030736017228
-0.0,0.0,0.0,0.0,-0.0,-0.0,0.0,1.0,0.0,-0.0,1.0,-0.0,-0.0,275.0029406607151
1.0,-0.0,1.0,0.0,1.0,0.0,0.0,0.0,0.0,1.0,0.0,0.0,1.0,566.4736952538491
0.0,0.0,-0.0,-0.0,-0.0,-0.0,-0.0,-0.0,1.0,-0.0,1.0,-0.0,-0.0,227.05064843952655
0.0,1.0,2.0,-0.0,-0.0,-0.0,-0.0,0.0,-0.0,1.0,-0.0,1.0,-0.0,346.6890289918184
-0.0,0.0,1.0,-1.0,-0.0,-1.0,-1.0,-0.0,1.0,0.0,1.0,-0.0,-0.0,152.87837503154577
-0.0,0.0,0.0,-0.0,0.0,1.0,-0.0,-0.0,-0.0,1.0,0.0,-0.0,1.0,531.3032103730441
-0.0,1.0,1.0,-0.0,1.0,0.0,0.0,-0.0,-0.0,1.0,1.0,-0.0,0.0,316.1296020847559
0.0,0.0,1.0,-0.0,-0.0,-0.0,1.0,1.0,-0.0,-0.0,0.0,1.0,-0.0,455.4633343091607
0.0,-0.0,0.0,1.0,1.0,1.0,0.0,-0.0,1.0,-0.0,-0.0,1.0,0.0,501.94423886215685
1.0,-0.0,0.0,-0.0,0.0,-0.0,0.0,-0.0,1.0,0.0,0.0,0.0,1.0,599.3944787777663
-0.0,1.0,0.0,1.0,0.0,-0.0,-0.0,-0.0,1.0,0.0,1.0,-0.0,-0.0,234.0286411830783
1.0,-0.0,0.0,1.0,-0.0,-0.0,1.0,0.0,0.0,1.0,0.0,1.0,0.0,551.9201097936034
1.0,0.0,-0.0,0.0,1.0,1.0,0.0,0.0,1.0,0.0,-0.0,1.0,0.0,435.490089198947
0.0,1.0,0.0,1.0,1.0,1.0,1.0,0.0,1.0,0.0,1.0,0.0,-0.0,305.6368889252245
0.0,1.0,-0.0,0.0,1.0,1.0,1.0,1.0,-0.0,0.0,-0.0,0.0,1.0,618.0376340611577
1.0,0.0,-0.0,1.0,1.0,-0.0,0.0,0.0,1.0,-0.0,1.0,-0.0,0.0,314.78512892138957
0.0,1.0,0.0,0.0,1.0,-0.0,1.0,0.0,0.0,1.0,-0.0,1.0,0.0,546.9959837478399
-0.0,-0.0,0.0,1.0,-0.0,-0.0,0.0,-0.0,1.0,-0.0,1.0,-0.0,0.0,313.6590565813482
-0.0,-0.0,-0.0,1.0,1.0,-0.0,-0.0,-0.0,1.0,-0.0,-0.0,1.0,0.0,605.7095472280383
1.0,-0.0,-0.0,-0.0,1.0,0.0,-0.0,-0.0,1.0,-0.0,0.0,1.0,0.0,498.53146956402065
1.0,1.0,0.0,-0.0,-0.0,0.0,-0.0,-0.0,1.0,-0.0,1.0,-0.0,0.0,267.3479629904032
-0.0,-0.0,1.0,-0.0,0.0,-0.0,-0.0,1.0,-0.0,-0.0,0.0,0.0,1.0,602.6963765233755
0.0,0.0,1.0,0.0,-0.0,-0.0,1.0,1.0,0.0,0.0,1.0,0.0,-0.0,245.04692238193752
-0.0,0.0,1.0,-0.0,1.0,-0.0,-0.0,-0.0,-0.0,1.0,-0.0,1.0,-0.0,527.9000299659372
1.0,0.0,1.0,0.0,-0.0,1.0,1.0,1.0,-0.0,-0.0,0.0,-0.0,1.0,487.3147259811163
1.0,0.0,-0.0,-0.0,1.0,0.0,0.0,-0.0,1.0,0.0,0.0,1.0,0.0,500.96561877191067
-0.0,1.0,0.0,1.0,-0.0,0.0,1.0,1.0,-0.0,0.0,-0.0,1.0,0.0,567.2096426403523
0.0,-0.0,1.0,1.0,1.0,1.0,-0.0,1.0,-0.0,0.0,0.0,1.0,-0.0,499.7270383138061
0.0,0.0,1.0,0.0,0.0,1.0,1.0,0.0,1.0,0.0,0.0,1.0,0.0,467.6816098998189
0.0,-0.0,1.0,-0.0,-0.0,1.0,-0.0,0.0,-0.0,1.0,-0.0,1.0,-0.0,386.11649743506314
0.0,-0.0,0.0,0.0,0.0,1.0,0.0,1.0,0.0,-0.0,-0.0,0.0,1.0,475.8975837957859
0.0,0.0,1.0,1.0,1.0,-0.0,1.0,-0.0,1.0,0.0,0.0,1.0,-0.0,553.9837497841716
0.0,0.0,1.0,0.0,0.0,-0.0,1.0,-0.0,1.0,-0.0,-0.0,0.0,1.0,697.2054546179176
0.0,0.0,1.0,0.0,-0.0,-0.0,1.0,1.0,-0.0,0.0,0.0,1.0,-0.0,441.6254120428562
0.0,0.0,0.0,1.0,1.0,0.0,0.0,1.0,0.0,0.0,1.0,0.0,-0.0,317.9355406289101
0.0,0.0,1.0,1.0,-0.0,0.0,1.0,-0.0,1.0,0.0,0.0,0.0,1.0,667.9984301494956
-0.0,0.0,0.0,1.0,0.0,-0.0,0.0,1.0,-0.0,0.0,1.0,0.0,-0.0,282.33346345090865
-0.0,0.0,1.0,-0.0,1.0,0.0,1.0,1.0,-0.0,0.0,0.0,1.0,-0.0,546.9554614631534
0.0,-0.0,1.0,1.0,-0.0,0.0,-0.0,-0.0,0.0,1.0,0.0,1.0,0.0,491.47104923796655
0.0,0.0,-0.0,1.0,1.0,-0.0,-0.0,0.0,1.0,0.0,0.0,0.0,1.0,654.5957882153988
1.0,0.0,0.0,1.0,1.0,0.0,-0.0,1.0,0.0,0.0,1.0,0.0,0.0,290.59984817543625
0.0,0.0,1.0,-0.0,1.0,0.0,-0.0,-0.0,-0.0,1.0,-0.0,0.0,1.0,697.3993069581985
0.0,0.0,0.0,0.0,1.0,0.0,1.0,-0.0,0.0,1.0,1.0,0.0,-0.0,303.5904213476777
0.0,1.0,1.0,0.0,0.0,-0.0,-0.0,-0.0,0.0,1.0,-0.0,1.0,-0.0,405.73460782390833
-0.0,0.0,0.0,1.0,-0.0,0.0,0.0,-0.0,0.0,1.0,1.0,-0.0,-0.0,240.18178184613586
1.0,0.0,1.0,-0.0,-0.0,-0.0,0.0,1.0,0.0,0.0,0.0,1.0,0.0,477.3918372810483
1.0,0.0,0.0,0.0,0.0,0.0,0.0,-0.0,1.0,0.0,0.0,0.0,1.0,570.3056097310185
-0.0,1.0,0.0,-0.0,-0.0,-0.0,-0.0,-0.0,1.0,-0.0,1.0,-0.0,-0.0,120.97567357249558
0.0,-0.0,-0.0,0.0,0.0,1.0,1.0,-0.0,-0.0,1.0,0.0,1.0,0.0,462.0568494027853
-0.0,0.0,-0.0,-0.0,-0.0,-0.0,-0.0,-0.0,1.0,0.0,1.0,-0.0,-0.0,142.45334883958103
1.0,1.0,0.0,0.0,1.0,-0.0,1.0,1.0,-0.0,0.0,-0.0,0.0,1.0,643.9978969073892
0.0,-0.0,1.0,0.0,-0.0,0.0,0.0,0.0,1.0,0.0,0.0,1.0,0.0,456.6198559882641
1.0,-0.0,0.0,0.0,0.0,0.0,0.0,1.0,0.0,0.0,-0.0,0.0,1.0,581.0796969116926
-0.0,0.0,-0.0,-0.0,1.0,1.0,-0.0,0.0,0.0,1.0,-0.0,0.0,1.0,600.3253388146162
-0.0,0.0,-0.0,0.0,1.0,-0.0,0.0,-0.0,1.0,-0.0,-0.0,1.0,-0.0,563.8508569546938
1.0,-0.0,0.0,0.0,0.0,0.0,1.0,0.0,0.0,1.0,0.0,0.0,1.0,577.5082960076332
1.0,0.0,0.0,-0.0,0.0,0.0,-0.0,0.0,1.0,-0.0,0.0,1.0,0.0,521.2629038583041
0.0,0.0,1.0,1.0,1.0,-0.0,1.0,0.0,1.0,0.0,1.0,0.0,0.0,394.0803249873519
0.0,0.0,1.0,-0.0,0.0,0.0,0.0,-0.0,0.0,1.0,0.0,-0.0,1.0,624.5282529779673
-0.0,-0.0,0.0,-0.0,1.0,1.0,1.0,1.0,-0.0,-0.0,-0.0,1.0,0.0,446.7060490744114
0.0,-0.0,1.0,0.0,0.0,-0.0,0.0,0.0,1.0,0.0,0.0,1.0,-0.0,507.4956074624658
1.0,-0.0,0.0,-0.0,1.0,0.0,1.0,0.0,0.0,1.0,0.0,-0.0,1.0,639.2510270443559
0.0,0.0,-0.0,-0.0,1.0,-0.0,-0.0,-0.0,1.0,-0.0,-0.0,1.0,0.0,527.2895218702555
1.0,1.0,1.0,0.0,-0.0,0.0,1.0,0.0,0.0,1.0,-0.0,0.0,1.0,600.4008513314724
-0.0,-0.0,1.0,-0.0,1.0,-0.0,0.0,-0.0,-0.0,1.0,0.0,1.0,-0.0,504.48160694992544
0.0,0.0,1.0,0.0,1.0,1.0,0.0,1.0,0.0,-0.0,-0.0,1.0,0.0,483.64725176501275
1.0,0.0,0.0,1.0,0.0,0.0,1.0,0.0,-0.0,1.0,0.0,0.0,1.0,644.8883729608655
0.0,0.0,0.0,1.0,0.0,0.0,1.0,1.0,-0.0,0.0,-0.0,1.0,-0.0,579.3814028894305
1.0,-0.0,0.0,-0.0,0.0,1.0,0.0,0.0,1.0,0.0,0.0,1.0,-0.0,396.06517932999134
-0.0,0.0,0.0,0.0,1.0,-0.0,0.0,0.0,1.0,0.0,-0.0,1.0,0.0,514.0701752762199
-0.0,1.0,1.0,-0.0,1.0,0.0,-0.0,-0.0,-0.0,1.0,0.0,1.0,0.0,457.5143427798152
0.0,-0.0,-0.0,0.0,1.0,0.0,-0.0,-0.0,1.0,0.0,0.0,1.0,-0.0,485.38509996277094
-0.0,-0.0,0.0,1.0,-0.0,1.0,1.0,-0.0,-0.0,1.0,0.0,1.0,-0.0,492.94275960922243
1.0,1.0,0.0,1.0,0.0,-0.0,0.0,-0.0,1.0,0.0,-0.0,-0.0,1.0,810.454176211834
0.0,1.0,1.0,1.0,0.0,-0.0,1.0,1.0,0.0,-0.0,0.0,1.0,-0.0,508.31946838355066
0.0,-0.0,-0.0,1.0,1.0,-0.0,0.0,1.0,0.0,0.0,1.0,0.0,-0.0,237.05757823741436
0.0,0.0,-0.0,0.0,1.0,0.0,0.0,-0.0,1.0,-0.0,-0.0,1.0,-0.0,525.8234357523918
-0.0,0.0,-0.0,1.0,0.0,-0.0,-0.0,-0.0,1.0,0.0,1.0,-0.0,0.0,310.941020878464
-0.0,-0.0,2.0,-0.0,-0.0,-0.0,-0.0,-0.0,-0.0,1.0,0.0,1.0,-0.0,411.4494485760927
0.0,-0.0,1.0,0.0,-0.0,-0.0,-0.0,0.0,1.0,0.0,-0.0,1.0,0.0,485.4604741783142
1.0,-0.0,0.0,-0.0,0.0,1.0,1.0,1.0,0.0,-0.0,0.0,1.0,-0.0,407.4101282299757
-0.0,0.0,1.0,1.0,0.0,-0.0,-0.0,0.0,1.0,0.0,-0.0,1.0,-0.0,494.7864544118047
-0.0,0.0,0.0,0.0,1.0,-0.0,0.0,0.0,1.0,-0.0,1.0,-0.0,0.0,305.5604082991779
0.0,1.0,-0.0,0.0,1.0,1.0,1.0,-0.0,-0.0,1.0,0.0,0.0,1.0,579.7837214087248
-0.0,-0.0,-0.0,-0.0,-0.0,-0.0,0.0,-0.0,1.0,0.0,1.0,-0.0,-0.0,223.77392153286934
1.0,-0.0,-0.0,0.0,0.0,1.0,-0.0,1.0,0.0,0.0,0.0,-0.0,1.0,496.61074093014
0.0,-0.0,1.0,1.0,0.0,-0.0,0.0,1.0,0.0,-0.0,0.0,1.0,0.0,542.7113629730344
1.0,-0.0,0.0,0.0,-0.0,-0.0,0.0,-0.0,1.0,0.0,0.0,-0.0,1.0,643.9837440730333
0.0,0.0,1.0,0.0,0.0,0.0,-0.0,-0.0,-0.0,1.0,0.0,0.0,1.0,533.4047910237908
0.0,-0.0,0.0,0.0,0.0,-0.0,-0.0,0.0,1.0,0.0,-0.0,1.0,0.0,495.9006097887158
0.0,-0.0,-0.0,-0.0,-0.0,-0.0,-0.0,-0.0,1.0,-0.0,1.0,-0.0,-0.0,203.5501666445136
0.0,-0.0,0.0,1.0,-0.0,0.0,-0.0,1.0,-0.0,-0.0,1.0,-0.0,-0.0,257.52534274220466
1.0,1.0,0.0,0.0,1.0,0.0,-0.0,0.0,1.0,-0.0,0.0,0.0,1.0,600.2974019494056
1.0,0.0,0.0,0.0,0.0,0.0,0.0,-0.0,0.0,1.0,-0.0,0.0,1.0,603.3672300919294
-0.0,1.0,1.0,-0.0,1.0,0.0,1.0,1.0,-0.0,-0.0,0.0,1.0,-0.0,487.21551783931255
0.0,0.0,1.0,-0.0,0.0,1.0,-0.0,-0.0,-0.0,1.0,0.0,0.0,1.0,467.8747707335353
-0.0,0.0,1.0,-0.0,-0.0,-0.0,-0.0,-0.0,-0.0,1.0,0.0,1.0,-0.0,434.6369544999599
-0.0,0.0,-0.0,0.0,-0.0,1.0,1.0,-0.0,0.0,1.0,1.0,0.0,0.0,340.5237178132236
1.0,1.0,1.0,0.0,0.0,1.0,1.0,0.0,0.0,1.0,-0.0,0.0,1.0,487.4167923500538
0.0,1.0,0.0,-0.0,-0.0,-0.0,-0.0,-0.0,1.0,0.0,1.0,0.0,-0.0,229.90440383082628
-0.0,-0.0,0.0,-0.0,-0.0,1.0,0.0,-0.0,-0.0,1.0,1.0,0.0,0.0,365.17779390954973
0.0,1.0,1.0,-0.0,1.0,-0.0,0.0,-0.0,0.0,1.0,0.0,0.0,1.0,611.0161686049104
1.0,1.0,0.0,0.0,0.0,-0.0,0.0,0.0,1.0,-0.0,0.0,0.0,1.0,620.9384579992891
0.0,1.0,0.0,1.0,1.0,-0.0,0.0,-0.0,0.0,1.0,0.0,1.0,-0.0,464.5058429515958
-0.0,-0.0,0.0,0.0,-0.0,1.0,1.0,0.0,1.0,-0.0,1.0,-0.0,0.0,288.5459123269916
0.0,1.0,-0.0,0.0,0.0,1.0,1.0,-0.0,-0.0,1.0,1.0,0.0,0.0,330.08141548225285
1.0,-0.0,1.0,-0.0,-0.0,0.0,-0.0,0.0,-0.0,1.0,0.0,0.0,1.0,550.9755579267741
0.0,-0.0,1.0,0.0,-0.0,1.0,1.0,-0.0,0.0,1.0,-0.0,1.0,0.0,442.32770610988143
0.0,0.0,0.0,1.0,0.0,-0.0,0.0,-0.0,1.0,0.0,1.0,-0.0,0.0,291.4207356182933
-0.0,0.0,0.0,0.0,1.0,0.0,0.0,-0.0,1.0,0.0,-0.0,1.0,-0.0,546.9394646112919
1.0,0.0,1.0,1.0,1.0,1.0,-0.0,1.0,-0.0,-0.0,1.0,-0.0,0.0,302.23020488485696
1.0,1.0,-0.0,-0.0,1.0,-0.0,-0.0,-0.0,1.0,-0.0,-0.0,-0.0,1.0,717.4468198734522
1.0,1.0,-0.0,-0.0,1.0,-0.0,1.0,-0.0,1.0,0.0,-0.0,0.0,1.0,718.4224895356894
0.0,1.0,0.0,1.0,0.0,-0.0,1.0,1.0,0.0,0.0,-0.0,1.0,0.0,542.6248785520196
1.0,1.0,1.0,0.0,1.0,0.0,-0.0,0.0,-0.0,1.0,1.0,0.0,-0.0,279.21852603015304
1.0,0.0,-0.0,1.0,1.0,0.0,0.0,1.0,-0.0,0.0,1.0,0.0,0.0,408.2363402733803
1.0,1.0,1.0,0.0,0.0,0.0,1.0,0.0,1.0,-0.0,1.0,0.0,0.0,331.80831482607124
-0.0,-0.0,0.0,-0.0,0.0,1.0,0.0,-0.0,-0.0,1.0,0.0,-0.0,1.0,518.969038282156
0.0,-0.0,0.0,-0.0,0.0,-0.0,-0.0,0.0,1.0,0.0,1.0,1.0,-0.0,321.894069958061
-0.0,0.0,0.0,0.0,0.0,0.0,0.0,-0.0,1.0,0.0,1.0,0.0,-0.0,263.28891165697576
0.0,-0.0,-0.0,0.0,1.0,0.0,0.0,0.0,1.0,0.0,-0.0,1.0,0.0,575.7619653293491
0.0,0.0,1.0,1.0,0.0,1.0,1.0,-0.0,1.0,0.0,1.0,0.0,-0.0,328.45637505540253
1.0,1.0,-0.0,0.0,-0.0,0.0,-0.0,-0.0,1.0,-0.0,1.0,0.0,-0.0,260.143801499784
0.0,0.0,-0.0,0.0,0.0,0.0,0.0,-0.0,1.0,-0.0,0.0,0.0,1.0,572.0359435574412
0.0,-0.0,-0.0,0.0,-0.0,-0.0,-0.0,-0.0,1.0,-0.0,1.0,-0.0,-0.0,290.7583184298277
-0.0,-0.0,1.0,0.0,1.0,-0.0,0.0,1.0,-0.0,0.0,0.0,1.0,-0.0,537.3633434031606
0.0,0.0,0.0,0.0,0.0,0.0,0.0,-0.0,1.0,0.0,1.0,-0.0,0.0,345.9793588547707
1.0,1.0,0.0,-0.0,1.0,0.0,0.0,0.0,1.0,-0.0,0.0,-0.0,1.0,662.7294728301764
-0.0,1.0,-0.0,0.0,1.0,1.0,1.0,-0.0,0.0,1.0,1.0,-0.0,0.0,320.10073988360165
1.0,1.0,-0.0,-0.0,1.0,1.0,0.0,0.0,-0.0,1.0,0.0,0.0,1.0,519.6960882841945
1.0,1.0,1.0,0.0,-0.0,-0.0,0.0,-0.0,1.0,0.0,0.0,-0.0,1.0,565.3548837327361
0.0,-0.0,1.0,0.0,0.0,-0.0,-0.0,-0.0,1.0,-0.0,0.0,1.0,-0.0,416.9943170146942
1.0,0.0,-0.0,0.0,1.0,1.0,1.0,0.0,1.0,0.0,-0.0,-0.0,1.0,646.01340804106
0.0,-0.0,-0.0,0.0,0.0,1.0,0.0,1.0,-0.0,0.0,0.0,-0.0,1.0,530.3719815326929
1.0,-0.0,1.0,1.0,0.0,1.0,0.0,1.0,0.0,0.0,0.0,0.0,1.0,421.6542414523363
-0.0,0.0,1.0,-0.0,-0.0,-0.0,-0.0,-0.0,-0.0,1.0,0.0,1.0,-0.0,381.3356515494883
0.0,0.0,1.0,0.0,1.0,0.0,1.0,1.0,0.0,-0.0,0.0,1.0,0.0,494.80927412843704
-0.0,0.0,1.0,0.0,-0.0,0.0,1.0,1.0,-0.0,-0.0,0.0,1.0,-0.0,444.4884336221218
1.0,1.0,1.0,0.0,-0.0,-0.0,0.0,-0.0,1.0,0.0,1.0,-0.0,0.0,255.11989105674624
-0.0,1.0,-0.0,0.0,1.0,-0.0,-0.0,-0.0,1.0,-0.0,1.0,0.0,-0.0,307.7352194951177
-0.0,0.0,-0.0,-0.0,1.0,1.0,1.0,0.0,0.0,1.0,1.0,0.0,-0.0,280.37124442315104
-0.0,0.0,1.0,0.0,1.0,-0.0,0.0,0.0,1.0,0.0,0.0,1.0,-0.0,503.0710257589817
-0.0,1.0,1.0,-0.0,1.0,0.0,0.0,-0.0,0.0,1.0,0.0,1.0,0.0,501.7616350286603
0.0,0.0,0.0,-0.0,-0.0,-0.0,-0.0,-0.0,1.0,0.0,1.0,1.0,-0.0,290.23733738404513
1.0,1.0,-0.0,-0.0,1.0,-0.0,-0.0,-0.0,1.0,0.0,-0.0,-0.0,1.0,801.3207575063706
0.0,-0.0,-0.0,0.0,1.0,1.0,1.0,1.0,0.0,-0.0,-0.0,1.0,0.0,468.8970479382277
0.0,1.0,0.0,0.0,1.0,0.0,0.0,-0.0,0.0,1.0,0.0,1.0,0.0,458.6627968823314
0.0,-0.0,1.0,-0.0,-0.0,-0.0,0.0,-0.0,0.0,1.0,0.0,-0.0,1.0,523.0030570779443
-0.0,1.0,0.0,1.0,0.0,1.0,0.0,1.0,-0.0,-0.0,1.0,0.0,0.0,275.46161696502566
-0.0,0.0,0.0,1.0,1.0,0.0,1.0,1.0,0.0,0.0,1.0,0.0,-0.0,346.88525550463794
0.0,1.0,0.0,1.0,0.0,-0.0,1.0,1.0,0.0,0.0,0.0,0.0,1.0,746.2152447781563
1.0,1.0,0.0,-0.0,1.0,1.0,0.0,-0.0,0.0,1.0,-0.0,0.0,1.0,602.05604144454
0.0,-0.0,-0.0,-0.0,-0.0,-0.0,-0.0,-0.0,1.0,-0.0,1.0,-0.0,-0.0,273.68797177743915
-0.0,-0.0,1.0,0.0,-0.0,1.0,1.0,-0.0,0.0,1.0,-0.0,-0.0,1.0,548.3244600593448
0.0,0.0,1.0,1.0,-0.0,1.0,1.0,-0.0,1.0,0.0,1.0,-0.0,0.0,295.91144839957354
1.0,1.0,-0.0,-0.0,1.0,-0.0,1.0,-0.0,1.0,-0.0,0.0,0.0,1.0,652.15633745718
0.0,1.0,-0.0,-0.0,0.0,1.0,1.0,0.0,1.0,0.0,1.0,-0.0,-0.0,275.59613804206253
1.0,-0.0,1.0,0.0,-0.0,1.0,0.0,1.0,0.0,0.0,0.0,1.0,0.0,409.2729086137414
1.0,-0.0,0.0,0.0,-0.0,0.0,0.0,-0.0,1.0,0.0,0.0,0.0,1.0,553.8558210697174
0.0,-0.0,0.0,1.0,-0.0,1.0,1.0,-0.0,0.0,1.0,-0.0,1.0,0.0,430.9782393670082
1.0,1.0,0.0,1.0,0.0,1.0,1.0,-0.0,1.0,0.0,0.0,1.0,0.0,409.8213655203581
-0.0,0.0,0.0,1.0,1.0,-0.0,-0.0,0.0,1.0,-0.0,0.0,1.0,-0.0,531.4200749824644
-0.0,0.0,0.0,-0.0,-0.0,-0.0,-0.0,-0.0,1.0,-0.0,1.0,-0.0,-0.0,218.58750704714657
-0.0,0.0,0.0,1.0,-0.0,0.0,1.0,1.0,-0.0,0.0,-0.0,1.0,-0.0,504.53439195102453
-0.0,0.0,0.0,1.0,1.0,-0.0,-0.0,-0.0,1.0,0.0,0.0,1.0,-0.0,558.8591015669108
1.0,1.0,-0.0,-0.0,-0.0,-0.0,-0.0,-0.0,1.0,-0.0,1.0,-0.0,-0.0,228.0408627898395
1.0,1.0,0.0,0.0,1.0,0.0,1.0,0.0,1.0,0.0,0.0,1.0,0.0,505.61507841020824
0.0,0.0,0.0,1.0,0.0,0.0,-0.0,0.0,1.0,0.0,-0.0,1.0,0.0,551.73607684654
1.0,1.0,-0.0,0.0,-0.0,0.0,0.0,-0.0,1.0,-0.0,1.0,-0.0,0.0,310.75198603391647
0.0,-0.0,1.0,1.0,0.0,0.0,1.0,0.0,1.0,-0.0,0.0,-0.0,1.0,750.805465354085
1.0,1.0,0.0,-0.0,0.0,-0.0,1.0,0.0,1.0,0.0,0.0,-0.0,1.0,630.0849692290425
-0.0,0.0,1.0,0.0,-0.0,-0.0,-0.0,-0.0,0.0,1.0,0.0,1.0,-0.0,431.6774908051491
1.0,-0.0,1.0,1.0,-0.0,-0.0,1.0,0.0,0.0,1.0,-0.0,-0.0,1.0,799.7723360068799
0.0,-0.0,1.0,-0.0,-0.0,0.0,0.0,-0.0,-0.0,1.0,0.0,-0.0,1.0,534.821734075129
-0.0,0.0,-0.0,-0.0,0.0,-0.0,-0.0,-0.0,1.0,-0.0,1.0,-0.0,-0.0,251.4580410940349
1.0,0.0,1.0,1.0,0.0,1.0,-0.0,-0.0,1.0,1.0,-0.0,0.0,1.0,607.843259883821
1.0,-0.0,-0.0,0.0,-0.0,0.0,-0.0,-0.0,1.0,0.0,0.0,-0.0,1.0,561.9943462304473
1.0,0.0,-0.0,0.0,1.0,1.0,0.0,0.0,0.0,1.0,0.0,1.0,-0.0,417.53429144078495
1.0,1.0,1.0,1.0,1.0,0.0,0.0,0.0,0.0,1.0,0.0,1.0,-0.0,491.4435272766948
0.0,-0.0,0.0,1.0,1.0,-0.0,0.0,0.0,0.0,0.0,1.0,0.0,-0.0,250.82715660491587
1.0,1.0,0.0,0.0,-0.0,0.0,0.0,-0.0,1.0,-0.0,1.0,-0.0,-0.0,199.77564721220733
1.0,1.0,1.0,0.0,0.0,0.0,1.0,-0.0,1.0,0.0,-0.0,0.0,1.0,590.9196970248819
0.0,1.0,0.0,1.0,0.0,0.0,0.0,1.0,0.0,0.0,1.0,0.0,-0.0,324.11180066144465
0.0,1.0,1.0,1.0,1.0,0.0,-0.0,0.0,-0.0,1.0,0.0,-0.0,1.0,801.1146885501147
0.0,-0.0,1.0,-0.0,-0.0,-0.0,-0.0,-0.0,-0.0,1.0,0.0,0.0,1.0,545.901974262178
0.0,0.0,1.0,-0.0,0.0,0.0,0.0,-0.0,0.0,1.0,0.0,0.0,1.0,557.7427794694305
1.0,-0.0,0.0,0.0,0.0,0.0,1.0,-0.0,0.0,1.0,-0.0,-0.0,1.0,662.5776640890241
1.0,1.0,1.0,1.0,-0.0,0.0,0.0,0.0,1.0,0.0,0.0,1.0,0.0,474.6773513118625
1.0,1.0,1.0,1.0,0.0,1.0,1.0,-0.0,1.0,0.0,0.0,1.0,0.0,440.4898199624419
0.0,0.0,-0.0,0.0,1.0,0.0,-0.0,-0.0,1.0,-0.0,-0.0,-0.0,1.0,708.0679163375497
1.0,1.0,1.0,0.0,0.0,1.0,1.0,1.0,0.0,0.0,-0.0,1.0,0.0,397.5219992598891
-0.0,-0.0,1.0,1.0,-0.0,1.0,1.0,-0.0,1.0,-0.0,1.0,0.0,-0.0,341.6605546054542
0.0,-0.0,1.0,0.0,1.0,-0.0,1.0,-0.0,1.0,-0.0,0.0,0.0,1.0,666.0157425274253
0.0,0.0,1.0,0.0,0.0,0.0,-0.0,-0.0,0.0,1.0,1.0,0.0,0.0,344.99211798268556
0.0,-0.0,1.0,0.0,1.0,0.0,0.0,0.0,0.0,1.0,0.0,1.0,0.0,518.0872291109562
1.0,-0.0,0.0,1.0,0.0,1.0,-0.0,-0.0,1.0,-0.0,-0.0,-0.0,1.0,620.8365760321021
-0.0,1.0,0.0,1.0,0.0,-0.0,-0.0,1.0,-0.0,0.0,1.0,-0.0,-0.0,272.9087591302097
0.0,-0.0,1.0,-0.0,0.0,-0.0,-0.0,0.0,1.0,0.0,0.0,-0.0,1.0,632.4706207765341
1.0,1.0,1.0,0.0,0.0,1.0,0.0,1.0,-0.0,-0.0,1.0,0.0,0.0,278.8727957980633
1.0,1.0,0.0,1.0,1.0,0.0,0.0,-0.0,0.0,1.0,1.0,1.0,-0.0,423.8564593584538
0.0,-0.0,1.0,0.0,0.0,-0.0,-0.0,1.0,0.0,-0.0,0.0,0.0,0.0,459.42064197671414
-0.0,0.0,0.0,-0.0,-0.0,0.0,0.0,-0.0,1.0,-0.0,1.0,-0.0,0.0,326.70414352110026
0.0,1.0,1.0,1.0,0.0,1.0,1.0,-0.0,1.0,-0.0,1.0,0.0,-0.0,228.59240842577816
0.0,0.0,0.0,1.0,0.0,0.0,1.0,0.0,-0.0,1.0,1.0,0.0,0.0,277.2492075349987
0.0,-0.0,0.0,0.0,1.0,1.0,-0.0,1.0,0.0,0.0,0.0,0.0,1.0,523.3284800672532
1.0,1.0,0.0,0.0,-0.0,1.0,1.0,1.0,0.0,0.0,0.0,-0.0,1.0,547.860413054049
0.0,-0.0,0.0,0.0,0.0,1.0,0.0,1.0,-0.0,0.0,0.0,-0.0,1.0,560.4207077915669
0.0,1.0,1.0,0.0,1.0,-0.0,1.0,-0.0,1.0,-0.0,1.0,0.0,0.0,497.16177946126464
0.0,-0.0,0.0,1.0,1.0,-0.0,-0.0,1.0,-0.0,-0.0,1.0,-0.0,0.0,312.01094288545846
0.0,1.0,1.0,1.0,0.0,1.0,1.0,-0.0,1.0,0.0,1.0,0.0,-0.0,280.1694628075957
1.0,-0.0,-0.0,-0.0,0.0,0.0,-0.0,0.0,1.0,-0.0,1.0,-0.0,1.0,379.1211709269583
1.0,0.0,-0.0,1.0,1.0,0.0,0.0,0.0,-0.0,1.0,-0.0,1.0,-0.0,470.40282653290035
1.0,1.0,0.0,1.0,0.0,1.0,0.0,1.0,0.0,0.0,1.0,-0.0,0.0,343.27513023296
0.0,0.0,-0.0,-0.0,0.0,-0.0,-0.0,-0.0,1.0,-0.0,1.0,-0.0,-0.0,242.05562633493543
0.0,0.0,0.0,1.0,1.0,1.0,0.0,1.0,-0.0,0.0,1.0,-0.0,0.0,306.6669340536594
-0.0,-0.0,1.0,0.0,-0.0,-0.0,1.0,1.0,-0.0,-0.0,0.0,1.0,-0.0,420.336229940176
-0.0,-0.0,-0.0,-0.0,-0.0,-0.0,-0.0,-0.0,1.0,-0.0,1.0,-0.0,0.0,405.2883094871044
-0.0,0.0,-0.0,-0.0,1.0,1.0,1.0,1.0,-0.0,-0.0,0.0,0.0,1.0,564.6582139191031
-0.0,0.0,0.0,-0.0,1.0,-0.0,-0.0,0.0,1.0,-0.0,-0.0,1.0,-0.0,527.0367070702315
0.0,0.0,0.0,0.0,1.0,-0.0,0.0,1.0,0.0,-0.0,1.0,0.0,-0.0,238.2519253256023
1.0,1.0,1.0,0.0,0.0,-0.0,1.0,0.0,1.0,-0.0,0.0,-0.0,1.0,655.7390790688992
-0.0,-0.0,0.0,-0.0,-0.0,-0.0,-0.0,-0.0,1.0,-0.0,1.0,-0.0,-0.0,274.6735530337691
-0.0,-0.0,1.0,0.0,-0.0,-0.0,1.0,1.0,-0.0,0.0,0.0,1.0,-0.0,394.18243745672703
1.0,1.0,0.0,0.0,0.0,-0.0,0.0,-0.0,1.0,-0.0,1.0,-0.0,-0.0,241.75880866718293
0.0,0.0,-0.0,-0.0,1.0,-0.0,-0.0,-0.0,1.0,-0.0,0.0,1.0,-0.0,520.4562845008969
-0.0,0.0,1.0,-0.0,0.0,-0.0,-0.0,0.0,1.0,-0.0,0.0,1.0,-0.0,490.8190968488455
0.0,0.0,1.0,0.0,1.0,0.0,1.0,-0.0,0.0,1.0,0.0,1.0,-0.0,555.5497816508413
-0.0,-0.0,0.0,1.0,1.0,-0.0,0.0,-0.0,1.0,0.0,1.0,0.0,-0.0,304.63867614898084
-0.0,0.0,-0.0,1.0,0.0,1.0,1.0,1.0,-0.0,0.0,0.0,1.0,-0.0,449.25485007071495
-0.0,0.0,0.0,0.0,-0.0,0.0,0.0,-0.0,1.0,-0.0,1.0,-0.0,0.0,307.58686828678844
-0.0,-0.0,-0.0,-0.0,-0.0,-0.0,-0.0,0.0,1.0,-0.0,1.0,-0.0,-0.0,253.17574340054392
0.0,-0.0,-0.0,1.0,-0.0,-0.0,-0.0,1.0,-0.0,0.0,1.0,-0.0,-0.0,256.31924004241824
-0.0,-0.0,-0.0,-0.0,-0.0,-0.0,0.0,-0.0,1.0,-0.0,1.0,-0.0,0.0,334.1193297650218
0.0,1.0,0.0,0.0,1.0,0.0,1.0,0.0,0.0,1.0,-0.0,0.0,1.0,664.674219792068
1.0,1.0,-0.0,1.0,-0.0,1.0,1.0,1.0,-0.0,-0.0,0.0,1.0,0.0,424.60480776268247
0.0,0.0,1.0,0.0,-0.0,0.0,1.0,1.0,0.0,-0.0,-0.0,1.0,0.0,476.0764995942712
0.0,-0.0,0.0,1.0,-0.0,1.0,1.0,0.0,1.0,0.0,-0.0,1.0,-0.0,417.60699183094505
0.0,1.0,-0.0,0.0,1.0,-0.0,-0.0,0.0,1.0,-0.0,0.0,0.0,1.0,638.4217262716294
0.0,0.0,0.0,0.0,0.0,-0.0,0.0,1.0,0.0,-0.0,1.0,0.0,-0.0,266.0387105613947
0.0,0.0,0.0,1.0,0.0,0.0,-0.0,1.0,0.0,0.0,1.0,0.0,0.0,333.25277983868125
0.0,1.0,1.0,1.0,0.0,1.0,1.0,-0.0,1.0,-0.0,0.0,1.0,-0.0,431.1786840698719
1.0,-0.0,0.0,1.0,0.0,-0.0,0.0,0.0,0.0,1.0,0.0,0.0,1.0,704.70055597049
0.0,0.0,0.0,1.0,1.0,0.0,-0.0,-0.0,1.0,-0.0,1.0,0.0,0.0,462.1189927927256
0.0,0.0,0.0,1.0,1.0,0.0,0.0,-0.0,1.0,-0.0,1.0,-0.0,0.0,397.95419086277485
0.0,0.0,-0.0,0.0,0.0,1.0,1.0,0.0,-0.0,1.0,0.0,0.0,1.0,601.4977651447058
0.0,0.0,0.0,1.0,0.0,0.0,1.0,-0.0,-0.0,1.0,0.0,0.0,1.0,677.0512652899623
0.0,0.0,1.0,0.0,0.0,-0.0,1.0,-0.0,1.0,0.0,0.0,-0.0,1.0,671.5775759270788
0.0,0.0,1.0,1.0,0.0,0.0,1.0,0.0,0.0,1.0,1.0,0.0,-0.0,327.35957649326326
1.0,1.0,0.0,0.0,0.0,-0.0,0.0,-0.0,1.0,-0.0,0.0,-0.0,1.0,672.151526375711
0.0,1.0,1.0,0.0,-0.0,-0.0,-0.0,-0.0,-0.0,1.0,1.0,-0.0,-0.0,226.90690727496147
0.0,-0.0,-0.0,0.0,0.0,1.0,1.0,1.0,-0.0,-0.0,0.0,1.0,0.0,418.29079962247613
0.0,1.0,1.0,1.0,0.0,1.0,1.0,0.0,1.0,0.0,1.0,0.0,0.0,335.4500188975334
1.0,1.0,0.0,0.0,0.0,0.0,1.0,0.0,1.0,0.0,-0.0,-0.0,1.0,655.7329477106929
-0.0,1.0,-0.0,-0.0,-0.0,-0.0,0.0,0.0,1.0,-0.0,1.0,-0.0,-0.0,257.6675395421088
1.0,-0.0,-0.0,-0.0,0.0,0.0,-0.0,-0.0,1.0,-0.0,0.0,1.0,0.0,482.3943801712394
-0.0,0.0,1.0,-0.0,0.0,-0.0,1.0,0.0,1.0,0.0,-0.0,1.0,-0.0,443.8557973163724
-0.0,0.0,-0.0,0.0,0.0,0.0,1.0,-0.0,0.0,1.0,1.0,0.0,-0.0,264.57474506366253
1.0,-0.0,0.0,0.0,0.0,1.0,1.0,-0.0,-0.0,1.0,0.0,1.0,-0.0,441.7216236562133
-0.0,0.0,1.0,0.0,0.0,0.0,0.0,-0.0,0.0,1.0,1.0,-0.0,-0.0,207.188758936435
0.0,1.0,0.0,1.0,1.0,1.0,-0.0,-0.0,1.0,0.0,0.0,1.0,0.0,519.7581394732595
0.0,1.0,-0.0,0.0,0.0,1.0,-0.0,-0.0,0.0,1.0,0.0,-0.0,1.0,560.2310966915488
1.0,0.0,1.0,-0.0,1.0,-0.0,1.0,0.0,0.0,1.0,0.0,1.0,-0.0,481.04787858861687
-0.0,0.0,0.0,0.0,1.0,0.0,0.0,1.0,0.0,0.0,1.0,0.0,-0.0,300.1411866033673
0.0,0.0,-0.0,1.0,0.0,-0.0,-0.0,1.0,-0.0,-0.0,1.0,-0.0,-0.0,300.69671992716195
0.0,1.0,0.0,0.0,1.0,0.0,0.0,1.0,0.0,-0.0,1.0,-0.0,0.0,392.5656490082145
1.0,1.0,-0.0,-0.0,-0.0,1.0,1.0,-0.0,1.0,0.0,0.0,1.0,-0.0,380.0154041661024
1.0,-0.0,-0.0,0.0,0.0,1.0,-0.0,-0.0,1.0,0.0,0.0,1.0,-0.0,385.22493802130225
1.0,-0.0,-0.0,-0.0,-0.0,1.0,-0.0,1.0,-0.0,-0.0,0.0,-0.0,1.0,499.12925393891334
-0.0,0.0,0.0,1.0,0.0,-0.0,0.0,1.0,0.0,-0.0,1.0,0.0,-0.0,339.8793258958757
0.0,0.0,-0.0,0.0,1.0,1.0,1.0,1.0,-0.0,-0.0,0.0,1.0,-0.0,430.714913667202
0.0,-0.0,-0.0,-0.0,-0.0,0.0,-0.0,0.0,1.0,-0.0,1.0,0.0,-0.0,328.0815323969424
0.0,1.0,0.0,-0.0,1.0,0.0,1.0,-0.0,1.0,-0.0,0.0,1.0,0.0,520.4024852901697
0.0,1.0,1.0,0.0,1.0,0.0,0.0,-0.0,0.0,1.0,1.0,0.0,-0.0,323.2845974586308
0.0,0.0,1.0,0.0,0.0,-0.0,-0.0,-0.0,1.0,-0.0,0.0,1.0,0.0,473.41678094500304
-0.0,-0.0,-0.0,-0.0,-0.0,0.0,1.0,0.0,1.0,0.0,1.0,-0.0,-0.0,251.92612188762428
0.0,1.0,0.0,1.0,1.0,0.0,0.0,-0.0,-0.0,1.0,1.0,-0.0,-0.0,279.4921551777721
1.0,0.0,1.0,0.0,0.0,-0.0,0.0,0.0,1.0,-0.0,0.0,-0.0,1.0,613.2216135416627
-0.0,-0.0,1.0,0.0,0.0,0.0,-0.0,-0.0,0.0,1.0,-0.0,1.0,0.0,483.33040345710515
0.0,-0.0,-0.0,-0.0,1.0,0.0,-0.0,-0.0,1.0,0.0,0.0,1.0,0.0,591.730419321239
0.0,1.0,-0.0,1.0,-0.0,1.0,1.0,1.0,-0.0,-0.0,-0.0,1.0,-0.0,502.8325020946264
0.0,0.0,1.0,1.0,0.0,1.0,1.0,1.0,-0.0,0.0,0.0,-0.0,1.0,540.8969419483542
1.0,0.0,-0.0,-0.0,-0.0,-0.0,-0.0,0.0,1.0,0.0,1.0,-0.0,0.0,274.1453342192769
0.0,1.0,1.0,1.0,-0.0,0.0,1.0,1.0,0.0,-0.0,0.0,1.0,0.0,506.9931126921773
0.0,-0.0,0.0,1.0,-0.0,0.0,0.0,-0.0,1.0,0.0,0.0,-0.0,1.0,680.8135681062937
-0.0,1.0,-0.0,1.0,1.0,-0.0,-0.0,-0.0,1.0,-0.0,0.0,1.0,-0.0,508.3562565327883
0.0,-0.0,1.0,1.0,0.0,-0.0,1.0,-0.0,1.0,0.0,0.0,0.0,1.0,625.3893630526662
1.0,1.0,-0.0,1.0,1.0,1.0,0.0,0.0,-0.0,1.0,-0.0,1.0,0.0,498.20397205501797
0.0,-0.0,-0.0,0.0,1.0,0.0,-0.0,-0.0,1.0,0.0,0.0,1.0,-0.0,512.0170922858715
-0.0,0.0,0.0,-0.0,-0.0,-0.0,-0.0,-0.0,1.0,0.0,1.0,0.0,-0.0,291.78868626132606
1.0,1.0,1.0,1.0,1.0,1.0,1.0,1.0,0.0,-0.0,1.0,-0.0,-0.0,286.5856756180525
1.0,0.0,-0.0,0.0,0.0,1.0,-0.0,1.0,0.0,-0.0,-0.0,-0.0,1.0,533.3291402056217
0.0,0.0,-0.0,0.0,0.0,1.0,1.0,-0.0,0.0,1.0,-0.0,-0.0,1.0,617.2330431230068
1.0,-0.0,1.0,0.0,0.0,-0.0,-0.0,-0.0,0.0,1.0,0.0,-0.0,1.0,593.8381774306297
-0.0,1.0,-0.0,-0.0,1.0,-0.0,0.0,0.0,1.0,0.0,0.0,-0.0,1.0,627.6031060681939
-0.0,1.0,-0.0,1.0,0.0,1.0,0.0,-0.0,0.0,1.0,1.0,-0.0,-0.0,257.2261970023513
1.0,0.0,1.0,0.0,0.0,1.0,0.0,1.0,0.0,0.0,-0.0,1.0,0.0,391.6228489580154
-0.0,0.0,-0.0,1.0,-0.0,1.0,1.0,0.0,-0.0,1.0,0.0,1.0,0.0,462.565613832593
-0.0,-0.0,1.0,0.0,-0.0,0.0,-0.0,-0.0,-0.0,1.0,-0.0,1.0,-0.0,466.35691382420066
1.0,0.0,1.0,-0.0,-0.0,-0.0,-0.0,0.0,1.0,-0.0,0.0,1.0,0.0,410.1873107943535
0.0,1.0,1.0,1.0,-0.0,-0.0,-0.0,-0.0,0.0,1.0,1.0,-0.0,-0.0,284.11911780250074
0.0,-0.0,1.0,0.0,1.0,0.0,0.0,1.0,-0.0,0.0,-0.0,1.0,0.0,565.0962602775693
1.0,1.0,0.0,0.0,0.0,1.0,1.0,0.0,0.0,-0.0,-0.0,-0.0,1.0,564.9257347587347
1.0,0.0,0.0,-0.0,0.0,-0.0,1.0,0.0,1.0,-0.0,0.0,-0.0,1.0,641.889170688808
-0.0,1.0,-0.0,1.0,-0.0,0.0,1.0,1.0,-0.0,-0.0,0.0,1.0,-0.0,444.4676884251833
0.0,-0.0,1.0,-0.0,-0.0,0.0,0.0,-0.0,-0.0,1.0,-0.0,1.0,0.0,457.1097192386389
0.0,1.0,-0.0,0.0,1.0,1.0,1.0,1.0,-0.0,0.0,0.0,0.0,1.0,569.2290723112226
-0.0,-0.0,-0.0,1.0,1.0,-0.0,-0.0,-0.0,1.0,-0.0,-0.0,1.0,0.0,662.6881207376123
-0.0,1.0,0.0,1.0,1.0,-0.0,0.0,-0.0,1.0,0.0,1.0,0.0,-0.0,299.9167466227114
1.0,1.0,1.0,1.0,1.0,1.0,1.0,-0.0,1.0,0.0,0.0,1.0,-0.0,432.93912148207426
0.0,1.0,0.0,-0.0,0.0,-0.0,-0.0,-0.0,1.0,0.0,1.0,-0.0,-0.0,232.93407849216462
1.0,1.0,1.0,1.0,-0.0,-0.0,0.0,0.0,0.0,1.0,1.0,0.0,-0.0,278.830821349591
1.0,1.0,0.0,0.0,0.0,0.0,1.0,0.0,1.0,-0.0,0.0,-0.0,1.0,568.125243432343
0.0,-0.0,0.0,0.0,1.0,-0.0,0.0,0.0,0.0,1.0,-0.0,1.0,-0.0,520.6306824564933
-0.0,-0.0,1.0,-0.0,-0.0,0.0,1.0,1.0,-0.0,0.0,-0.0,1.0,-0.0,400.9355061650276
1.0,1.0,1.0,-0.0,0.0,1.0,0.0,1.0,-0.0,0.0,0.0,-0.0,1.0,510.02048233163356
0.0,0.0,0.0,-0.0,1.0,0.0,1.0,0.0,1.0,-0.0,-0.0,1.0,0.0,515.3689629058838
0.0,0.0,1.0,0.0,1.0,0.0,-0.0,-0.0,-0.0,1.0,0.0,1.0,-0.0,507.1682943552137
1.0,0.0,-0.0,1.0,1.0,-0.0,-0.0,1.0,-0.0,-0.0,1.0,-0.0,0.0,277.8818207905293
1.0,-0.0,0.0,-0.0,-0.0,1.0,0.0,1.0,0.0,-0.0,0.0,1.0,0.0,388.57284400367735
0.0,1.0,1.0,-0.0,1.0,0.0,1.0,1.0,0.0,-0.0,0.0,1.0,-0.0,506.7487803726792
0.0,1.0,-0.0,0.0,1.0,-0.0,0.0,-0.0,1.0,0.0,-0.0,1.0,0.0,574.0934982902407
1.0,1.0,1.0,0.0,0.0,0.0,-0.0,-0.0,-0.0,1.0,1.0,0.0,0.0,393.0246249653697
0.0,0.0,0.0,1.0,0.0,0.0,1.0,-0.0,0.0,1.0,1.0,0.0,0.0,307.91413529360295
1.0,1.0,1.0,-0.0,-0.0,-0.0,-0.0,0.0,1.0,0.0,0.0,0.0,1.0,543.1356714010835
1.0,-0.0,0.0,1.0,-0.0,1.0,-0.0,0.0,1.0,0.0,0.0,-0.0,1.0,631.8521373051406
-0.0,0.0,1.0,0.0,0.0,-0.0,0.0,-0.0,0.0,1.0,0.0,1.0,0.0,438.78461087453366
0.0,-0.0,0.0,1.0,0.0,-0.0,-0.0,1.0,-0.0,-0.0,1.0,-0.0,0.0,308.03473403847215
1.0,0.0,-0.0,1.0,0.0,0.0,0.0,-0.0,0.0,1.0,0.0,0.0,1.0,624.116944873333
-0.0,1.0,0.0,1.0,-0.0,0.0,0.0,1.0,0.0,-0.0,1.0,0.0,0.0,295.23238895311954
1.0,0.0,1.0,1.0,0.0,0.0,0.0,1.0,0.0,0.0,-0.0,-0.0,1.0,653.6410481518507
1.0,0.0,-0.0,1.0,1.0,0.0,1.0,-0.0,1.0,0.0,0.0,1.0,0.0,497.3710754481554
0.0,0.0,1.0,-0.0,0.0,0.0,0.0,-0.0,1.0,0.0,-0.0,-0.0,1.0,586.9864537857771
0.0,1.0,1.0,0.0,-0.0,-0.0,-0.0,-0.0,1.0,0.0,1.0,-0.0,-0.0,235.09462160265446
1.0,-0.0,1.0,0.0,-0.0,-0.0,1.0,-0.0,-0.0,1.0,0.0,0.0,1.0,612.1565090304017
0.0,0.0,0.0,0.0,1.0,1.0,0.0,-0.0,-0.0,1.0,-0.0,1.0,0.0,474.92698518168925
-0.0,1.0,0.0,1.0,-0.0,0.0,1.0,1.0,-0.0,-0.0,0.0,1.0,-0.0,511.12145298337936
1.0,1.0,0.0,1.0,0.0,1.0,-0.0,0.0,1.0,-0.0,0.0,-0.0,1.0,680.7580631793737
0.0,0.0,-0.0,0.0,1.0,0.0,-0.0,-0.0,1.0,-0.0,-0.0,0.0,1.0,674.2778168610334
0.0,1.0,0.0,-0.0,-0.0,0.0,0.0,-0.0,1.0,0.0,1.0,-0.0,0.0,222.66161017346383
0.0,0.0,0.0,1.0,-0.0,-0.0,0.0,1.0,0.0,-0.0,1.0,0.0,-0.0,277.0908064312637
1.0,1.0,1.0,0.0,-0.0,0.0,1.0,1.0,0.0,-0.0,0.0,-0.0,1.0,542.8185925909877
0.0,-0.0,0.0,0.0,1.0,0.0,0.0,-0.0,-0.0,1.0,0.0,1.0,-0.0,455.3953822640777
-0.0,-0.0,0.0,1.0,-0.0,0.0,0.0,-0.0,1.0,0.0,1.0,-0.0,0.0,315.5925780866742
0.0,0.0,-0.0,0.0,-0.0,-0.0,-0.0,-0.0,1.0,-0.0,1.0,-0.0,0.0,239.11741494187714
0.0,-0.0,0.0,0.0,1.0,0.0,-0.0,-0.0,1.0,0.0,-0.0,1.0,0.0,586.6063556774259
1.0,1.0,1.0,-0.0,0.0,1.0,-0.0,-0.0,-0.0,1.0,-0.0,-0.0,1.0,511.27953138405087
-0.0,1.0,0.0,1.0,-0.0,0.0,0.0,1.0,-0.0,0.0,1.0,0.0,0.0,261.35073400744795
-0.0,0.0,-0.0,1.0,1.0,0.0,-0.0,-0.0,1.0,-0.0,-0.0,1.0,-0.0,562.4874826118946
1.0,1.0,-0.0,1.0,1.0,1.0,-0.0,-0.0,-0.0,1.0,-0.0,1.0,0.0,520.1591210798621
1.0,1.0,0.0,1.0,1.0,0.0,0.0,1.0,-0.0,0.0,1.0,-0.0,-0.0,246.34398124518992
0.0,-0.0,0.0,-0.0,0.0,-0.0,-0.0,-0.0,1.0,-0.0,0.0,1.0,0.0,508.61999713653324
1.0,1.0,1.0,1.0,-0.0,1.0,1.0,1.0,-0.0,-0.0,1.0,0.0,-0.0,255.75663030144574
1.0,1.0,1.0,1.0,0.0,0.0,0.0,1.0,0.0,0.0,1.0,0.0,0.0,330.7167025631666
1.0,-0.0,0.0,1.0,1.0,-0.0,-0.0,1.0,0.0,-0.0,1.0,-0.0,0.0,302.7185007203519
1.0,0.0,0.0,-0.0,1.0,1.0,-0.0,-0.0,0.0,1.0,0.0,1.0,0.0,414.5832180256248
0.0,0.0,1.0,0.0,0.0,0.0,1.0,1.0,0.0,0.0,0.0,1.0,-0.0,438.65654385876655
0.0,-0.0,0.0,0.0,0.0,1.0,0.0,0.0,1.0,0.0,-0.0,0.0,1.0,601.2735326160192
1.0,0.0,1.0,0.0,0.0,0.0,0.0,-0.0,0.0,1.0,0.0,0.0,1.0,606.6474145314097
0.0,-0.0,1.0,-0.0,-0.0,0.0,1.0,0.0,0.0,1.0,-0.0,-0.0,1.0,587.5425172646046
0.0,1.0,-0.0,-0.0,1.0,0.0,0.0,-0.0,1.0,0.0,-0.0,0.0,1.0,675.0220162258744
1.0,0.0,0.0,1.0,0.0,1.0,-0.0,0.0,-0.0,1.0,-0.0,-0.0,1.0,683.1670876487493
0.0,0.0,1.0,1.0,1.0,-0.0,1.0,1.0,0.0,0.0,1.0,0.0,-0.0,327.34274983352424
0.0,0.0,0.0,0.0,0.0,0.0,0.0,0.0,0.0,1.0,0.0,0.0,0.0,499.3432521704435
0.0,0.0,0.0,1.0,0.0,0.0,0.0,-0.0,1.0,0.0,1.0,0.0,0.0,360.6123062184155
1.0,1.0,1.0,1.0,1.0,-0.0,1.0,-0.0,1.0,0.0,1.0,-0.0,0.0,267.211298243016
1.0,0.0,1.0,0.0,1.0,-0.0,1.0,-0.0,-0.0,1.0,0.0,-0.0,1.0,543.7666941915154
1.0,0.0,-0.0,-0.0,1.0,1.0,0.0,1.0,0.0,0.0,0.0,0.0,1.0,594.1794128700495
1.0,0.0,-0.0,1.0,1.0,-0.0,0.0,1.0,0.0,-0.0,1.0,0.0,-0.0,294.6926219789982
-0.0,-0.0,0.0,1.0,-0.0,1.0,-0.0,-0.0,-0.0,1.0,-0.0,1.0,0.0,444.60677344554665
1.0,0.0,0.0,-0.0,0.0,-0.0,0.0,0.0,1.0,0.0,-0.0,0.0,1.0,648.571014220953
1.0,0.0,-0.0,0.0,1.0,0.0,-0.0,1.0,0.0,-0.0,0.0,-0.0,1.0,619.4407930816412
0.0,0.0,-0.0,0.0,0.0,1.0,0.0,0.0,0.0,1.0,-0.0,0.0,1.0,536.488449297607
1.0,-0.0,1.0,-0.0,0.0,1.0,0.0,0.0,-0.0,1.0,-0.0,1.0,-0.0,359.1302001984715
-0.0,1.0,-0.0,0.0,1.0,1.0,-0.0,0.0,1.0,0.0,-0.0,-0.0,1.0,658.1676501238346
1.0,0.0,0.0,0.0,0.0,1.0,-0.0,0.0,0.0,1.0,-0.0,-0.0,1.0,576.4895685366392
-0.0,-0.0,-0.0,-0.0,1.0,1.0,1.0,1.0,0.0,-0.0,0.0,1.0,-0.0,459.0020039024949
0.0,1.0,1.0,0.0,0.0,-0.0,-0.0,0.0,1.0,-0.0,0.0,1.0,0.0,487.1597363097668
0.0,-0.0,0.0,0.0,-0.0,0.0,0.0,1.0,0.0,0.0,1.0,0.0,0.0,262.0544341378212
0.0,-0.0,-0.0,0.0,1.0,1.0,0.0,-0.0,1.0,0.0,-0.0,1.0,0.0,502.47485489940647
0.0,0.0,1.0,1.0,-0.0,1.0,1.0,1.0,0.0,-0.0,0.0,-0.0,1.0,558.3322196651101
0.0,0.0,-0.0,1.0,1.0,-0.0,-0.0,1.0,-0.0,-0.0,1.0,-0.0,0.0,303.0359022335112
0.0,0.0,0.0,0.0,-0.0,0.0,-0.0,1.0,0.0,0.0,1.0,0.0,-0.0,178.4228119302541
1.0,1.0,0.0,0.0,-0.0,1.0,0.0,0.0,1.0,0.0,0.0,1.0,0.0,434.7487480612397
1.0,1.0,1.0,0.0,-0.0,1.0,-0.0,-0.0,0.0,1.0,-0.0,-0.0,1.0,524.7297489697934
-0.0,1.0,0.0,1.0,0.0,1.0,0.0,1.0,-0.0,-0.0,1.0,-0.0,-0.0,273.9683776893914
1.0,1.0,-0.0,-0.0,-0.0,0.0,-0.0,-0.0,1.0,-0.0,1.0,0.0,-0.0,195.7865302426815
-0.0,1.0,-0.0,1.0,-0.0,0.0,1.0,1.0,-0.0,-0.0,0.0,1.0,-0.0,515.6345014266968
1.0,0.0,0.0,0.0,-0.0,0.0,1.0,-0.0,1.0,0.0,-0.0,-0.0,1.0,620.7535491439104
0.0,1.0,-0.0,1.0,0.0,0.0,1.0,1.0,-0.0,0.0,1.0,0.0,-0.0,343.21851889553665
-0.0,-0.0,1.0,0.0,-0.0,-0.0,-0.0,0.0,1.0,-0.0,1.0,-0.0,0.0,305.11284220033883
0.0,1.0,0.0,0.0,-0.0,0.0,0.0,0.0,1.0,0.0,1.0,0.0,0.0,290.3183819534183
0.0,1.0,-0.0,1.0,1.0,-0.0,-0.0,-0.0,1.0,-0.0,0.0,1.0,-0.0,517.1393580126166
-0.0,0.0,-0.0,-0.0,0.0,1.0,1.0,-0.0,1.0,0.0,1.0,-0.0,0.0,285.3235378363133
-0.0,-0.0,1.0,0.0,-0.0,-0.0,-0.0,1.0,-0.0,-0.0,1.0,-0.0,-0.0,245.60095744150877
1.0,-0.0,0.0,1.0,-0.0,-0.0,1.0,0.0,-0.0,1.0,0.0,0.0,1.0,661.622785724163
-0.0,0.0,-0.0,-0.0,1.0,1.0,-0.0,0.0,0.0,0.0,-0.0,-0.0,1.0,611.144558323741
0.0,1.0,0.0,-0.0,0.0,0.0,1.0,0.0,1.0,0.0,1.0,-0.0,0.0,255.23283712896705
0.0,0.0,0.0,1.0,1.0,-0.0,0.0,-0.0,1.0,-0.0,1.0,0.0,-0.0,348.389581935525
0.0,1.0,0.0,1.0,0.0,0.0,0.0,-0.0,1.0,0.0,1.0,0.0,-0.0,279.1541467689872
-0.0,-0.0,0.0,-0.0,0.0,-0.0,-0.0,0.0,1.0,-0.0,-0.0,1.0,0.0,501.9816724175215
0.0,0.0,1.0,1.0,0.0,-0.0,0.0,1.0,0.0,0.0,1.0,-0.0,0.0,317.8308234848082
0.0,-0.0,-0.0,-0.0,-0.0,-0.0,-0.0,0.0,1.0,0.0,1.0,-0.0,-0.0,238.05189552667738
-0.0,0.0,0.0,0.0,-0.0,-0.0,-0.0,0.0,0.0,0.0,1.0,-0.0,-0.0,236.7438647592664
0.0,1.0,-0.0,1.0,1.0,1.0,-0.0,0.0,-0.0,1.0,-0.0,0.0,1.0,610.78008826375
-0.0,1.0,1.0,0.0,-0.0,-0.0,-0.0,-0.0,-0.0,1.0,1.0,-0.0,-0.0,222.14648388326168
0.0,1.0,-0.0,1.0,0.0,0.0,0.0,0.0,1.0,0.0,1.0,0.0,0.0,329.5773532970846
1.0,1.0,-0.0,0.0,0.0,1.0,0.0,-0.0,1.0,0.0,1.0,-0.0,-0.0,253.35795538032056
0.0,-0.0,-0.0,-0.0,1.0,0.0,0.0,-0.0,0.0,1.0,0.0,1.0,-0.0,461.18389151561263
0.0,0.0,1.0,0.0,0.0,0.0,0.0,1.0,0.0,0.0,1.0,0.0,0.0,280.4072719151676
1.0,-0.0,0.0,-0.0,-0.0,0.0,1.0,0.0,-0.0,1.0,-0.0,1.0,0.0,485.2427879117727
-0.0,0.0,1.0,-0.0,1.0,0.0,1.0,1.0,-0.0,-0.0,0.0,1.0,-0.0,476.72531715363266
0.0,0.0,-0.0,-0.0,0.0,0.0,0.0,0.0,1.0,0.0,0.0,0.0,1.0,583.696864857018
0.0,1.0,1.0,1.0,0.0,1.0,0.0,-0.0,1.0,0.0,-0.0,1.0,0.0,473.6778938238025
0.0,0.0,-0.0,0.0,0.0,0.0,-0.0,0.0,1.0,0.0,-0.0,0.0,1.0,605.1345364693403
-0.0,0.0,0.0,1.0,-0.0,1.0,1.0,-0.0,0.0,1.0,0.0,1.0,0.0,439.93924243569376
-0.0,1.0,1.0,0.0,1.0,-0.0,-0.0,-0.0,-0.0,1.0,-0.0,1.0,0.0,522.7299580853581
1.0,-0.0,0.0,-0.0,1.0,1.0,0.0,1.0,0.0,-0.0,0.0,1.0,-0.0,369.4347544217706
0.0,0.0,0.0,0.0,1.0,-0.0,-0.0,-0.0,1.0,0.0,0.0,1.0,-0.0,520.4223084783554
1.0,0.0,0.0,1.0,0.0,0.0,-0.0,-0.0,0.0,1.0,-0.0,-0.0,1.0,681.4057282277942
-0.0,-0.0,0.0,1.0,-0.0,1.0,-0.0,-0.0,0.0,1.0,0.0,1.0,0.0,447.8880181950927
1.0,0.0,1.0,0.0,-0.0,0.0,1.0,1.0,-0.0,0.0,0.0,1.0,-0.0,406.58718931764366
0.0,0.0,1.0,-0.0,1.0,-0.0,-0.0,-0.0,0.0,1.0,-0.0,1.0,0.0,526.1927002578974
1.0,1.0,1.0,-0.0,-0.0,0.0,0.0,1.0,0.0,-0.0,0.0,1.0,0.0,322.74706635573506
1.0,1.0,1.0,0.0,0.0,0.0,0.0,1.0,0.0,0.0,1.0,0.0,-0.0,251.69326857709885
0.0,0.0,1.0,0.0,0.0,-0.0,-0.0,0.0,1.0,-0.0,0.0,1.0,-0.0,448.8570032938719
-0.0,0.0,1.0,-0.0,-0.0,-0.0,0.0,-0.0,0.0,1.0,1.0,-0.0,-0.0,179.75669351807238
1.0,0.0,1.0,0.0,1.0,-0.0,0.0,-0.0,1.0,0.0,0.0,1.0,-0.0,520.6917194359303
0.0,1.0,-0.0,-0.0,0.0,1.0,1.0,0.0,-0.0,1.0,1.0,-0.0,0.0,223.64885104554892
0.0,-0.0,1.0,0.0,-0.0,-0.0,-0.0,0.0,1.0,0.0,-0.0,1.0,-0.0,466.59193385529517
0.0,-1.0,-0.0,-0.0,-0.0,-0.0,-0.0,-0.0,1.0,-0.0,1.0,-0.0,0.0,281.57199947217106
1.0,1.0,0.0,0.0,-0.0,1.0,0.0,1.0,0.0,-0.0,1.0,-0.0,0.0,262.57654464432596
1.0,-0.0,1.0,0.0,-0.0,0.0,0.0,-0.0,1.0,-0.0,0.0,0.0,1.0,631.2916020838618
0.0,1.0,0.0,0.0,1.0,1.0,1.0,1.0,0.0,-0.0,1.0,0.0,-0.0,308.66262199914456
1.0,0.0,0.0,0.0,1.0,1.0,-0.0,-0.0,-0.0,1.0,-0.0,1.0,0.0,435.26405875319244
0.0,0.0,-0.0,0.0,0.0,-0.0,-0.0,-0.0,1.0,-0.0,1.0,-0.0,-0.0,296.7448060108125
-0.0,-0.0,1.0,1.0,1.0,0.0,0.0,1.0,-0.0,-0.0,1.0,-0.0,1.0,575.6622039822936
1.0,-0.0,-0.0,0.0,0.0,1.0,0.0,1.0,-0.0,0.0,0.0,-0.0,1.0,546.3548188611269
1.0,1.0,1.0,0.0,0.0,1.0,-0.0,0.0,-0.0,1.0,-0.0,0.0,1.0,658.7066564407348
0.0,-0.0,1.0,1.0,-0.0,0.0,0.0,-0.0,1.0,-0.0,0.0,-0.0,1.0,660.455430442214
-0.0,-0.0,1.0,0.0,-0.0,0.0,1.0,0.0,1.0,0.0,1.0,-0.0,-0.0,281.1269919476211
0.0,-0.0,1.0,0.0,0.0,0.0,0.0,-0.0,1.0,0.0,0.0,0.0,1.0,625.7789578511715
-0.0,-0.0,-0.0,0.0,1.0,-0.0,-0.0,-0.0,1.0,-0.0,0.0,1.0,-0.0,599.2470956786275
0.0,-0.0,1.0,0.0,-0.0,0.0,-0.0,0.0,-0.0,1.0,0.0,1.0,0.0,474.27586260044575
1.0,0.0,1.0,0.0,-0.0,0.0,-0.0,0.0,-0.0,1.0,-0.0,1.0,-0.0,428.86965144973993
0.0,1.0,1.0,1.0,-0.0,-0.0,-0.0,0.0,0.0,1.0,0.0,1.0,0.0,534.3217287284732
0.0,0.0,-0.0,1.0,1.0,0.0,0.0,-0.0,1.0,-0.0,0.0,1.0,-0.0,521.7775230436921
0.0,1.0,-0.0,1.0,0.0,1.0,1.0,1.0,-0.0,0.0,1.0,-0.0,-0.0,260.579681137681
1.0,0.0,1.0,-0.0,1.0,1.0,1.0,-0.0,-0.0,1.0,-0.0,-0.0,1.0,644.1690217319131
0.0,1.0,-0.0,-0.0,1.0,0.0,0.0,-0.0,1.0,0.0,1.0,-0.0,-0.0,301.36524542361497
0.0,1.0,1.0,0.0,0.0,0.0,0.0,-0.0,-0.0,1.0,1.0,0.0,-0.0,243.7165790027082
1.0,-0.0,1.0,-0.0,-0.0,0.0,-0.0,1.0,-0.0,0.0,0.0,-0.0,1.0,518.2759182022214
0.0,1.0,0.0,0.0,0.0,-0.0,-0.0,0.0,1.0,0.0,0.0,0.0,0.0,532.5180491057635
-0.0,1.0,-0.0,1.0,-0.0,1.0,1.0,-0.0,-0.0,1.0,0.0,1.0,0.0,474.3296157107353
0.0,0.0,-0.0,1.0,0.0,1.0,0.0,-0.0,-0.0,1.0,-0.0,1.0,0.0,490.6762776930332
-0.0,1.0,1.0,-0.0,1.0,-0.0,1.0,-0.0,0.0,1.0,1.0,0.0,-0.0,313.0956861831546
0.0,0.0,0.0,1.0,1.0,1.0,0.0,0.0,1.0,0.0,0.0,1.0,-0.0,478.112433221817
1.0,1.0,1.0,-0.0,0.0,1.0,-0.0,1.0,-0.0,0.0,-0.0,-0.0,1.0,526.3733217725754
1.0,-0.0,0.0,0.0,-0.0,1.0,-0.0,1.0,0.0,0.0,-0.0,1.0,0.0,393.44953269910815
0.0,1.0,-0.0,1.0,-0.0,1.0,1.0,1.0,-0.0,1.0,1.0,0.0,-0.0,271.2116867695451
1.0,-0.0,-0.0,0.0,-0.0,-0.0,-0.0,-0.0,1.0,-0.0,0.0,0.0,1.0,613.5941050778032
-0.0,1.0,0.0,-0.0,1.0,0.0,1.0,-0.0,1.0,0.0,-0.0,0.0,1.0,689.0665606536866
-0.0,-0.0,2.0,-0.0,-0.0,-0.0,-0.0,-0.0,-0.0,1.0,0.0,1.0,-0.0,412.152756852746
0.0,1.0,0.0,0.0,0.0,1.0,0.0,0.0,0.0,1.0,0.0,0.0,1.0,557.4059696720243
0.0,0.0,1.0,0.0,-0.0,1.0,0.0,1.0,-0.0,0.0,0.0,0.0,1.0,473.9928981142044
1.0,-0.0,0.0,1.0,0.0,1.0,1.0,0.0,1.0,0.0,-0.0,1.0,-0.0,427.4859007135034
0.0,-0.0,0.0,0.0,0.0,-0.0,0.0,0.0,0.0,1.0,0.0,1.0,0.0,511.28017679017785
0.0,0.0,-0.0,-0.0,1.0,0.0,-0.0,0.0,1.0,-0.0,-0.0,0.0,1.0,659.6982307539582
0.0,-0.0,1.0,0.0,-0.0,-0.0,0.0,1.0,0.0,-0.0,1.0,0.0,0.0,310.8762497635782
1.0,1.0,1.0,1.0,1.0,0.0,1.0,-0.0,1.0,-0.0,1.0,0.0,-0.0,285.30491325950624
1.0,0.0,-0.0,-0.0,1.0,1.0,-0.0,-0.0,1.0,-0.0,-0.0,1.0,0.0,432.5503564914465
-0.0,0.0,1.0,0.0,1.0,0.0,1.0,1.0,-0.0,0.0,-0.0,1.0,0.0,537.1542318180203
0.0,1.0,0.0,1.0,-0.0,1.0,-0.0,1.0,-0.0,0.0,1.0,-0.0,0.0,275.33606242311004
1.0,-0.0,1.0,0.0,0.0,0.0,1.0,-0.0,-0.0,1.0,0.0,1.0,0.0,429.9408873192072
-0.0,-0.0,1.0,-0.0,-0.0,-0.0,-0.0,-0.0,-0.0,1.0,-0.0,1.0,0.0,432.6551427862048
1.0,-0.0,-0.0,-0.0,-0.0,-0.0,-0.0,0.0,1.0,-0.0,0.0,-0.0,1.0,603.0167284645438
0.0,-0.0,0.0,0.0,0.0,0.0,0.0,1.0,0.0,-0.0,0.0,1.0,0.0,468.7372177209258
1.0,1.0,1.0,1.0,0.0,0.0,-0.0,0.0,0.0,1.0,0.0,0.0,1.0,625.4250908918381
1.0,1.0,0.0,0.0,0.0,-0.0,1.0,-0.0,1.0,0.0,0.0,0.0,1.0,628.4068210980296
1.0,0.0,0.0,-0.0,0.0,1.0,0.0,1.0,-0.0,-0.0,0.0,-0.0,1.0,491.2246884992123
0.0,1.0,1.0,1.0,1.0,1.0,-0.0,0.0,0.0,1.0,-0.0,1.0,-0.0,503.38169660824536
1.0,-0.0,1.0,0.0,-0.0,1.0,0.0,1.0,-0.0,0.0,-0.0,0.0,1.0,503.7937423198819
0.0,-0.0,1.0,0.0,0.0,0.0,1.0,1.0,0.0,-0.0,-0.0,1.0,-0.0,467.307504848361
-0.0,0.0,-0.0,-0.0,-0.0,-0.0,-0.0,0.0,1.0,-0.0,1.0,-0.0,-0.0,219.2415800563991
0.0,0.0,1.0,0.0,1.0,1.0,-0.0,0.0,-0.0,1.0,-0.0,1.0,0.0,420.8460085796118
0.0,0.0,0.0,1.0,0.0,-0.0,-0.0,0.0,0.0,0.0,1.0,0.0,0.0,294.73369746893644
-0.0,-0.0,-0.0,1.0,-0.0,1.0,0.0,1.0,-0.0,1.0,0.0,1.0,-0.0,429.8018022988439
0.0,1.0,1.0,0.0,1.0,-0.0,-0.0,-0.0,1.0,0.0,0.0,0.0,1.0,627.2479021961689
-0.0,0.0,0.0,0.0,1.0,-0.0,-0.0,-0.0,1.0,0.0,-0.0,1.0,-0.0,506.94857966941595
1.0,1.0,1.0,0.0,-0.0,1.0,-0.0,0.0,1.0,0.0,0.0,0.0,1.0,600.8272342792153
1.0,1.0,1.0,1.0,0.0,1.0,0.0,0.0,0.0,0.0,1.0,-0.0,0.0,316.98750817903874
0.0,0.0,1.0,1.0,1.0,-0.0,0.0,1.0,0.0,0.0,1.0,0.0,0.0,338.3427522088587
0.0,1.0,1.0,-0.0,-0.0,0.0,1.0,1.0,0.0,0.0,0.0,0.0,1.0,575.6788923407197
0.0,0.0,1.0,0.0,-0.0,-0.0,-0.0,-0.0,0.0,1.0,1.0,0.0,0.0,394.93152346795796
1.0,1.0,-0.0,-0.0,0.0,1.0,1.0,0.0,1.0,-0.0,1.0,0.0,-0.0,250.01276932376624
1.0,0.0,0.0,0.0,0.0,0.0,-0.0,1.0,0.0,-0.0,1.0,0.0,0.0,274.7693958436251
-0.0,1.0,1.0,1.0,-0.0,-0.0,0.0,-0.0,1.0,0.0,0.0,1.0,-0.0,453.634852651
-0.0,0.0,0.0,0.0,1.0,-0.0,0.0,0.0,1.0,-0.0,0.0,1.0,0.0,610.3717305871248
-0.0,-0.0,1.0,0.0,1.0,-0.0,-0.0,-0.0,1.0,0.0,-0.0,1.0,-0.0,606.9992991719246
-0.0,0.0,1.0,0.0,-0.0,-0.0,-0.0,-0.0,-0.0,1.0,1.0,0.0,0.0,260.34092697113755
0.0,-0.0,0.0,1.0,-0.0,0.0,1.0,0.0,0.0,1.0,0.0,0.0,1.0,616.4733540111184
