feature_0,feature_1,feature_2,feature_3,feature_4,PERF
0.9405748087786789,0.9506073995243126,0.9167122475935086,0.846996443141429,0.5268100174918846,30.687163558959963
0.07515498583869344,0.06667070999681432,0.05711680659651016,0.1259576315079181,0.13948585481481257,35.43501759338379
0.15812774704800073,0.11706053816734609,0.11688106020790201,1e-05,0.18407340891541682,22.998959075927736
0.771240694813673,0.7561462818519719,0.7246232333888054,0.5179514115705847,0.16596484166489942,33.360720184326176
1e-05,1e-05,1e-05,1e-05,0.49308302736284615,17.7231063079834
1e-05,1e-05,1e-05,1e-05,0.19156292018175702,45.35313201904297
1e-05,1e-05,1e-05,1e-05,0.18507698797239894,31.583868408203127
1e-05,1e-05,1e-05,1e-05,0.10050637798589575,31.002265243530275
0.48103990324139984,0.4986399908999872,0.4717550491830803,0.6031036858862148,0.13299601485347448,40.69740783691407
0.29244921576875016,0.3400517314898918,0.2789668046397618,0.25441576261982296,0.4599161087286167,38.987618103027344
0.028047490739310926,0.06929008262160907,0.08060327225770075,1e-05,0.4238781067670157,23.63534832763672
1e-05,1e-05,1e-05,1e-05,1e-05,48.042526763916015
0.6848296141120416,0.6644960983600972,0.6964798379556852,1.0,0.9692944915648797,119.37311785888672
0.1082867586785795,0.10489564200132061,0.09712448099344599,1e-05,0.9507111844530941,15.84068549346924
0.4631307514826567,0.5009062921291543,0.4499288309965746,0.4318997715081254,0.10948616916038709,12.797255836486817
0.9872337449193873,1.0,0.9890564871724608,0.3554813365650771,0.053739564956701596,23.135557022094726
1e-05,1e-05,1e-05,1e-05,0.9666932659997175,27.42924984741211
0.3674256398459249,0.36926283270042276,0.3188084237492983,0.4808646505872049,0.7886222087007249,54.57472540283203
0.8045232008341903,0.8182543112829511,0.7889518882304287,0.8502012735758074,0.5338926470843814,20.41943007659912
0.08021960878988227,0.09027136520431235,0.06999495912304893,0.032881017019668064,0.16137977077230012,24.243046188354494
0.3276123558332021,0.3594150606777493,0.3602201528449439,0.33667722910602754,0.9414071687312418,31.014713165283204
0.9503353110867706,1.0,1.0,0.4754863355485316,1e-05,18.54029259490967
0.38902115492556605,0.3761281197693129,0.3532595811918161,0.431107533419752,0.7996076572935531,27.505829010009766
0.7852559309019871,0.7933121560936311,0.7883975810368204,0.4344406190535723,0.2296845265840797,29.79024252319336
0.7302545582762675,0.7679666950468245,0.7522409844707302,0.902234562944506,0.7517390922253617,73.5531015625
0.3240180890257121,0.39290348031980105,0.3494510283524819,0.3692608141532448,0.5794272589927968,41.673092010498046
0.0949330249411411,0.09357061627983543,0.08240091217737196,0.010644625614759045,0.39361178018803733,26.072834182739257
0.8421737214320757,0.8125116124818302,0.8116467216402875,0.5414514353538055,0.26261302777241047,21.160167404174807
1e-05,1e-05,1e-05,1e-05,1e-05,62.355671447753906
1e-05,1e-05,1e-05,1e-05,1e-05,33.25655267333985
0.9587090919690983,0.9648238118204983,0.9467779007616766,1.0,0.7574618241288127,83.30218023681641
0.9944324684430006,1.0,1.0,0.5994866151105078,0.4006716764705364,21.036643829345703
0.19229010102741137,0.21351815370010935,0.21752056806143952,0.09209398268866995,0.30406598530851153,17.984664978027343
0.5288329583359624,0.5320929544272037,0.5023814452766249,0.6005824461291585,0.7428952700180534,34.43504191589356
0.47725751045990195,0.4574651920775932,0.42603415074267126,0.4467337786032276,0.8833518223114003,32.850124465942386
0.4243568679455855,0.47604243834301646,0.4672510499770502,0.45338934140176934,0.8521494776954137,22.224438919067385
1e-05,1e-05,1e-05,1e-05,1e-05,49.251834869384766
1e-05,0.00512635271750561,1e-05,1e-05,0.3668676308214662,38.650534179687504
0.9925192088144067,1.0,0.9721110266559271,1.0,0.865603080268868,43.341958618164064
0.6902165003725222,0.7237921301390469,0.6888598719517864,0.6061681031003866,1e-05,32.02834053039551
0.17863894560735655,0.1960486428677953,0.17805205752167075,0.3243340369169989,1e-05,54.38774371337891
1e-05,0.008604873187091395,1e-05,1e-05,1e-05,31.80476681518555
0.8598262781816082,0.8369794304037753,0.8241682720572423,0.3813553032998615,1e-05,46.401219024658204
0.14513236587959719,0.15330695192517638,0.14166381930449973,0.16529998843436172,0.4801326184340887,35.39793914794922
0.9261662779711846,0.9728426144237112,0.9531571411067797,1.0,0.25838965424273724,29.507748153686524
1.0,1.0,1.0,0.6357212120747341,1e-05,49.371322143554686
0.28637981419521935,0.27918311673531093,0.29778327539763194,0.3256965994157154,0.7644991059682943,31.875629318237305
0.24708238685829398,0.31317301693937194,0.28505536443332546,0.2764335210381197,0.2059827627219813,13.238725914001465
0.6952202818224561,0.7090768294505919,0.7172931136749205,0.5761476255042813,0.3487201792099917,22.822445236206054
0.040734509853529915,0.021195948501492187,0.05518929748310965,0.07662107607223143,0.07446288260599263,38.210771484375
0.5848774558191441,0.6125557504517791,0.5617026836716674,0.6368086397555031,0.9529533723040162,24.474088165283202
1e-05,1e-05,1e-05,1e-05,0.6292843497757779,34.398585006713866
0.06276866027651133,0.04982902193066435,0.04287116907625811,0.11844262626725267,0.49370678184239414,24.245294036865236
1e-05,1e-05,1e-05,1e-05,1e-05,57.512980316162114
1e-05,1e-05,1e-05,1e-05,0.08317918283091122,29.48018682861328
0.2290236192334627,0.267349861871976,0.22909704914523693,0.18180657265815073,1e-05,49.914338470458986
0.8249857887621566,0.8875872242953801,0.8419452529542973,0.99125171710614,0.523412264291191,72.77246676635743
0.6749498719959075,0.6562046710083616,0.6803107173787698,0.6188153650048204,0.5338144326112909,23.29007633972168
1e-05,1e-05,1e-05,1e-05,0.09234849254724711,39.82091151428223
0.3194684437962135,0.35075688600037813,0.25465949267631854,0.3935045929371318,0.0039265831099247195,37.558814346313476
0.0864121533235928,0.05215112557249692,0.09646854286899503,0.019203848952744188,0.8474198199795538,34.53423713684082
0.1026523425542147,0.10922058037866941,0.08372244947269009,0.020975420456081494,1e-05,40.73002252197266
0.33271663600190826,0.3189560880393178,0.342574538343106,0.31188702476634034,0.6384115508643138,30.59928128051758
1e-05,1e-05,1e-05,1e-05,0.9878871891681154,30.22885304260254
1e-05,1e-05,1e-05,0.0035034604225855936,0.0905797890251129,58.15515255737305
0.8776638622194823,0.8773557217660155,0.8851147710842426,0.6735775340538351,0.8239983890323109,22.536796508789063
1e-05,1e-05,1e-05,1e-05,1e-05,59.95667416381836
0.8359261156376799,0.8633759417925366,0.8559809284499871,1e-05,1e-05,27.23548776245117
0.11115871887775686,0.11134593610260299,0.0913958380092776,1e-05,0.24786540953378625,20.757323471069338
0.9182093299010791,0.8982306732480313,0.900428952367813,1.0,0.9432260118315379,33.136898345947266
0.6126872062321597,0.6202997830625466,0.6103624769011508,0.39271280183481594,0.09135524005918555,31.693013122558593
0.33073952557155656,0.31705218405783175,0.30437221333618897,0.5089718192635706,0.12880305641240622,37.50475051879883
0.35731030823399096,0.3546308687793578,0.3588377814971344,0.46148989092803683,0.15405343415327757,28.1037198638916
1.0,1.0,1.0,0.8058926780571313,0.05382149402292903,43.677416229248045
1e-05,1e-05,1e-05,1e-05,1e-05,49.54636935424805
0.5823806302534393,0.5476514551575374,0.5860152693597542,0.6525001151043082,0.7881785971299439,48.89871875
0.27535090662271694,0.255470186313756,0.23606883863637776,0.17949580373605195,0.30697763199293804,35.941090591430665
0.039763865190480384,0.053115152009069334,0.02856518539753185,0.09649048540220198,0.05852677286403148,53.52079153442383
1e-05,1e-05,1e-05,1e-05,0.40335304809722033,26.898841125488282
0.6918070795610615,0.697226680791365,0.6871821720239379,0.5254905168095189,1e-05,26.6968688659668
0.7267069803191529,0.7397059070990399,0.6963852088626461,0.327703775407537,0.047136541342482206,33.6232713470459
0.6504412944394292,0.6627225179469213,0.6410345190181638,0.6553919957002717,0.6489025128187582,27.04003549194336
0.35256213855646984,0.37528545603841473,0.40636935519355116,0.22708481503143568,1e-05,30.61634281921387
0.7218618873293975,0.7200190632096023,0.7291125734280297,0.5509948856728635,0.6483010458980316,23.859484619140627
0.8726436338994737,0.8574581672512716,0.8669175011486455,0.7339009844344071,0.2378254140445339,36.605557067871096
1.0,0.9898744805982467,0.9699313992402521,0.2731596163583169,0.01011161191628348,32.15417828369141
0.07982521165368617,0.07394275170074747,0.07321009875976552,1e-05,0.849772851289681,25.421481384277346
0.9806889036614657,1.0,0.9767786007110708,0.9869549295322761,1.0,38.67684260559082
0.156628981319852,0.16803224885441045,0.14099371363164193,0.1736057790587136,0.2677130452823917,32.388767684936525
0.285241374958465,0.2635743517480638,0.24954990898791435,0.2569551500108152,0.6700622617302966,36.65263168334961
0.25631916659620463,0.27265496070789996,0.25147583151466363,1e-05,1e-05,32.01482150268555
1e-05,1e-05,1e-05,1e-05,0.9087288528198674,40.51473022460937
0.7855236096714655,0.7828959838165789,0.8004699412123842,0.854821857849749,1.0,35.33495025634766
0.16274098982129404,0.15847600654232935,0.12249783021124903,0.17436812867937326,0.8360455574939001,22.825516067504882
0.10058094567395047,0.13531434421882538,0.08522352431756126,0.08303560908901553,0.8387143589374088,27.67080635070801
1e-05,1e-05,1e-05,1e-05,1e-05,50.65561749267578
1e-05,1e-05,1e-05,1e-05,0.11412871966718674,41.545664794921876
0.5091057123526453,0.47662528919881975,0.48452780170438425,0.4380661229662314,1e-05,25.731573928833008
0.4176389174211156,0.3997985624431745,0.38562377383810204,0.43907625185811744,0.8755048780350552,35.00492678833008
0.45361021854337386,0.4617774601080229,0.48686739876758034,0.2579503197693091,0.0643208695308285,29.891894409179688
0.06150710415024999,0.11043020000058446,0.10242653328504901,0.05618246724682932,0.015256188756886677,35.590143707275395
1e-05,1e-05,1e-05,1e-05,0.6231171147991931,27.992737564086916
0.3145268446249864,0.2873474979747296,0.2622105725142519,1e-05,0.39241936607434785,30.228118499755862
0.8609178497976602,0.8697022065307685,0.8700319781937901,1.0,0.9888789558189222,39.39427478027344
0.2760327664445684,0.27186163758722626,0.2977606013611701,0.316489580602628,0.21204585536537995,31.151527297973633
0.8074640918919148,0.8064370563638737,0.8073543865013072,0.3636724156675305,0.23495332034782906,34.415489318847655
0.3748652861800905,0.3640008175132817,0.35761481369081083,0.3710789150427295,0.5736753452456624,25.428652389526366
1e-05,1e-05,1e-05,1e-05,0.16507703904680812,45.07342105102539
0.3059312097669758,0.3121704431510617,0.2944590113738701,0.5896352807950204,0.08452461589428212,30.504031463623047
0.3399017133905681,0.30045377633592013,0.3271048268751327,0.3247311989286532,0.16542338771089254,22.764512161254885
1e-05,1e-05,1e-05,1e-05,1e-05,56.90745169067383
0.1049218765467932,0.09772651986433656,0.09137119005045626,1e-05,0.9056449678808691,23.313367980957032
0.7615657639020574,0.7846056836329425,0.7696081045983123,0.07619833155855092,0.06317241391232103,26.27213850402832
0.199017526379207,0.1917314288583213,0.19097986350650603,1e-05,0.4268855899543742,18.391688926696776
0.09311100521813889,0.16659077901603322,0.15304374241387048,0.21377292955805438,0.18229190490533284,29.23434590148926
0.34227548538125663,0.32582092818239067,0.3393718679366907,0.25601621109835904,1.0,38.88838848876953
1e-05,1e-05,1e-05,1e-05,0.34403821687000957,23.69863693237305
0.5181132936339428,0.5357835486458383,0.5323505028781578,0.671295163645925,0.16961335961907875,45.78304348754883
0.5818228072434021,0.577873472771634,0.5664467118366154,0.6440439136715961,0.8411359764952155,44.82794125366211
1e-05,1e-05,1e-05,1e-05,0.2762269224689081,35.24960571289063
0.7220652683713008,0.7387555640412391,0.7328481581789342,0.8822242487096654,1.0,20.762514404296876
0.9513843949551294,0.9594350782666395,0.9616695285825639,0.5718883847592504,0.6061755984204265,34.41214088439941
0.860912903818616,0.8060046705332115,0.8338997539822672,0.679801665909645,0.9613540584084651,29.221644943237305
0.6255104613708129,0.6227428583499635,0.5752004988438237,1e-05,1e-05,26.876947326660158
0.7253185307802288,0.6873601080893125,0.7069322410189893,0.13206013845747291,0.0613094711623037,18.976468559265136
1e-05,1e-05,1e-05,1e-05,1e-05,45.08280059814453
1e-05,1e-05,1e-05,1e-05,0.0404495864963346,64.56496505737304
0.9224733001481913,0.9043008196979243,0.8992189156151351,0.9521838245185575,0.7356311305465151,47.21126501464844
1e-05,1e-05,1e-05,1e-05,1e-05,27.186897384643554
0.779998355177964,0.7469830512060535,0.7642164511291142,0.763563634791921,0.7675910144284682,24.711360244750978
0.20803870910287608,0.16122802674968398,0.21256125573032209,0.21698154447438667,0.8950256890211038,22.66848358154297
0.3098710694114181,0.2871595209759941,0.3030572681966753,0.2288812221975947,0.7559834754938173,31.83921662902832
0.009074532630912444,0.08501042263913272,0.047086353646035674,0.1433684089279576,1e-05,56.27272805786133
0.008779922856562887,0.015951022640288273,0.02415629759198531,1e-05,0.11068061887111562,17.69671067047119
0.8595010949569769,0.8282171816010938,0.820183660240966,0.07845004617268182,0.0900755404359652,18.913916954040527
0.32944344070153087,0.3460598148412959,0.3343312002093065,0.38946374957981206,0.7623071988500733,28.80880729675293
0.41328565139571677,0.40306234250633516,0.4457741192142528,0.446503312591963,0.23923067434496767,48.98071731567383
0.3024450692122059,0.31444520617570204,0.29978928703083246,0.3124333311258585,0.812765162218879,37.08143519592285
1e-05,0.05518100700919966,0.051085911406517234,1e-05,1e-05,43.84169342041016
0.8009684124738907,0.7683350215103477,0.76838275318763,0.5886011338523094,1e-05,20.685610961914062
0.7751973588688439,0.7272644457885364,0.7180121875198218,0.4697450082329996,0.8205482154932694,27.759258575439453
1e-05,1e-05,1e-05,1e-05,0.8874715735509267,21.92154931640625
0.7994357548712672,0.8553124466075986,0.7991360166231647,1e-05,1e-05,35.12630078125
1.0,1.0,0.9932992433407808,0.8747270409638574,0.14110480822922586,30.853396255493166
0.9151621896790668,0.8862937613901488,0.8743851548340256,0.6561759496470456,1e-05,40.53505421447754
1e-05,1e-05,1e-05,0.024717168680328038,0.3768953087198766,41.68601406860352
1e-05,1e-05,1e-05,1e-05,0.4796646094155846,39.133467849731446
0.07650859751016291,0.08986856586275194,0.11218551604536206,0.27433334214726046,0.40892437318441127,48.600007934570314
0.3656184208162373,0.2877299174990234,0.33870767658214784,0.14838220683671183,0.10115876454934296,35.09302279663086
0.016160474424542604,0.03301790731479611,0.03739961644408112,0.02365669239638648,0.06062578915167813,28.386803833007814
0.9263054804657308,0.9532343698880006,0.9121250010052521,1e-05,1e-05,20.381816078186034
0.35488850661547533,0.355034889718152,0.318761615718705,0.3269190168858596,0.6334351252971835,21.692954177856446
0.27760424700318376,0.2914364818668611,0.29250600514259545,0.3259815083287876,0.06288222989646652,24.356740646362304
0.4474386795230741,0.42080160286441426,0.4201108343212723,0.3014795503980689,0.3044854668822752,28.14670658874512
0.1403816785199722,0.22299438139337543,0.156852250560623,0.26812261987317665,0.8936218699828071,40.01759211730957
0.3491206011982615,0.3850571612869922,0.3742863086813701,0.3322670858679731,0.7232804352505237,22.365861755371096
1e-05,1e-05,1e-05,1e-05,1e-05,44.17378048706055
0.3238368457092899,0.2675635817977851,0.27496270685785335,0.2510673602637645,0.1842571624087129,30.57160203552246
0.9450589644784231,0.9439736498238126,0.9627608618381801,1.0,0.9015599852331042,71.05329748535156
0.5886952153303137,0.6015846750800289,0.6110542584761451,0.14030948964229348,0.24702441078921988,22.60393716430664
0.8445912325627457,0.870075002252464,0.8586245840441857,0.913389487398186,0.6395338928930688,53.05828994750977
0.9206017535958742,0.887429846817599,0.8946063432305676,1.0,0.8486382065284566,34.00524836730957
0.034434945208497006,0.03970734024774366,0.046271764305224505,1e-05,1.0,48.04404006958008
0.42073828837363714,0.4233546219028746,0.4223492175843884,0.21461609425791622,0.22226774705135996,27.28066583251953
0.5550095226325277,0.5440075795843327,0.5845813525676885,0.39292586518890715,0.2171829890899851,24.552983963012696
0.2717819656115378,0.28529157962526946,0.2620507816370577,0.49886853380698637,0.488175336627121,45.25279690551758
1e-05,1e-05,1e-05,1e-05,1e-05,39.050113204956055
1e-05,1e-05,1e-05,1e-05,1e-05,53.076798461914066
1e-05,1e-05,1e-05,1e-05,0.08774329598903212,30.67572041320801
0.5297459979855502,0.5204586411426542,0.520714819021102,0.31330674188228014,0.9057638942947401,29.649252059936526
1e-05,1e-05,1e-05,1e-05,0.12002704038821885,38.51599737548828
0.019480874402176152,0.033914302702073136,1e-05,1e-05,0.2921453507475376,31.93914147949219
0.31346500847330877,0.33376896753120566,0.28215353469202853,0.40060261233449135,0.188450061416291,25.954877410888674
0.05778338527979348,0.08148946656319903,0.07351740495170679,0.10078128336289481,1e-05,43.70717135620117
0.46855958917984997,0.4812697124966299,0.4260096890029404,0.4729562156684656,0.09521506635855051,26.417118591308594
1e-05,1e-05,1e-05,1e-05,0.16707168641108733,37.4800389251709
1e-05,1e-05,1e-05,1e-05,1e-05,67.7150778503418
1e-05,1e-05,1e-05,1e-05,0.24050923730268814,48.5269909362793
1e-05,1e-05,1e-05,1e-05,1e-05,62.599520019531255
0.6317291063722508,0.6447146253776204,0.6005683061814928,0.3826020964096766,0.12577272104806952,29.526124008178712
0.258057946385744,0.25297544640186514,0.24069416330426405,0.2311577817867569,0.6128867092657433,22.569698623657228
0.5703853200887695,0.5545299414355637,0.5226339184803745,0.620041358363425,0.5321053037338863,29.8894549407959
1.0,1.0,1.0,0.2553683197074986,1e-05,20.189629943847656
1.0,1.0,1.0,1.0,1e-05,72.92170916748047
1e-05,1e-05,1e-05,1e-05,0.09575013864154819,36.49142532348633
1e-05,1e-05,1e-05,1e-05,1e-05,52.14476922607422
0.1782782466777811,0.14901846034822436,0.16452288305467078,0.11584305220361348,1e-05,35.89379978942871
1e-05,1e-05,1e-05,1e-05,0.1723346111176804,37.31439582824707
0.10583093855660745,0.12106707914372218,0.09387253701567884,1e-05,0.8394190023971059,17.682027183532714
0.007177016429778963,1e-05,0.01913673779851165,1e-05,1e-05,41.46122430419922
0.3238337768186781,0.3518438989730942,0.3314089608556885,0.32580128355038984,0.17402680145038077,19.719846801757814
1e-05,1e-05,1e-05,1e-05,1e-05,42.68470736694336
1.0,1.0,0.9921964091941341,0.8934709543004924,0.8460999804628961,79.59667443847657
1e-05,1e-05,1e-05,1e-05,1e-05,44.426689239501954
1e-05,1e-05,1e-05,1e-05,0.9604980972827434,34.46726844787598
0.2183784868602331,0.24670001202658193,0.23570970394716267,0.230516803780253,1e-05,36.04368338012696
1.0,1.0,1.0,0.9883222896813435,1e-05,51.09251080322266
0.02093294196899494,0.06424759739590138,1e-05,1e-05,0.06836454590291109,24.661391677856447
0.5390023083816747,0.5412095856079102,0.5541939128111004,0.4631005008896142,1e-05,24.328985244750978
1.0,1.0,0.9957744972870396,1.0,0.8621209315121041,25.49817109680176
0.23881317171967567,0.2547252801566178,0.22816038201744385,0.15938514113129498,0.5178107767077285,36.177473358154295
0.9229091422051737,0.9747211926088865,0.9189003368046569,1.0,0.6833040433447123,97.28511474609375
0.6611942700123613,0.6270388880756997,0.5986743537482042,0.6819353985538897,0.42692214155084124,23.563866744995117
1e-05,1e-05,1e-05,1e-05,1.0,29.88795637512207
1e-05,1e-05,1e-05,1e-05,0.05931471236023039,47.300186462402344
0.7501659376962918,0.7967452614514207,0.7469630885195496,0.8700777303859518,0.8425859753553901,38.52513371276856
0.8296801187762263,0.8596696753752437,0.8093083461743252,0.906901931759136,0.8193260846344848,62.020680603027344
1e-05,1e-05,1e-05,1e-05,1e-05,46.51569470214844
0.29360311863878136,0.3312085593192335,0.2693216985776841,0.2831730576173368,0.3291560709263395,16.84200128173828
0.9281573026919799,0.9402839494568125,0.9209225867425508,0.9058318471373994,0.966692493364345,68.8192799987793
0.5053866936520335,0.5089756867348799,0.49031999009100197,0.33019092502793873,0.2879197781787274,29.018191314697265
1e-05,1e-05,1e-05,1e-05,1e-05,53.82460729980469
0.658590956921933,0.6764125112204952,0.6018775008754912,0.7284606277309481,0.3205890601995928,47.94261911010742
1e-05,1e-05,1e-05,1e-05,0.38113672031382256,41.19546719360352
0.9168863698919093,0.9618681424157499,0.9265700605495429,1.0,0.012546599223438325,32.361203903198245
1e-05,1e-05,1e-05,1e-05,0.06532478290119295,46.23582159423828
0.3931211033977475,0.43691899922674665,0.44044050651118827,0.3512212316470016,0.9297583235209085,25.368503402709962
1e-05,1e-05,1e-05,1e-05,0.7506855741782471,28.94677606201172
1e-05,1e-05,1e-05,1e-05,1.0,18.147888259887697
1e-05,1e-05,1e-05,1e-05,1e-05,50.0937978515625
1.0,1.0,1.0,0.1955788686703274,0.12301884799253963,25.877168182373048
0.7753777977187951,0.7894815847090337,0.7849074479447498,1e-05,1e-05,27.919757415771485
0.7455564639973906,0.7478041433175056,0.7516120704606957,0.666614087258864,0.9714408131961247,37.60835054016113
0.16441658919780144,0.2261435249844114,0.20217735149727525,0.16034534168055448,1e-05,26.955152801513673
1e-05,1e-05,1e-05,1e-05,0.7426071958911007,20.937249618530274
0.3982540166138121,0.40914991906310083,0.4085388224956473,0.5345945500349504,0.23854409866628845,36.254047607421874
0.6125528305364397,0.6454692745175746,0.6387301695044215,0.6676064559047306,0.6605605107865808,32.49854621887207
0.3255692493571698,0.3673070257340267,0.3243382666811902,0.20642775666994903,0.5310992730454338,27.995208969116213
0.33983217173340396,0.3830757603687949,0.37660594305806233,0.15218693725890683,0.15271028185009272,23.9605984954834
1e-05,1e-05,1e-05,1e-05,1e-05,72.3080489807129
0.46118468749907665,0.48221826785116184,0.4468947112133716,0.5720892900925768,0.4459369655181541,34.61838282775879
1e-05,1e-05,1e-05,1e-05,0.21170913492670637,37.91781909179688
1e-05,1e-05,1e-05,1e-05,1e-05,51.809311614990236
0.11445694202390026,0.15282281208487644,0.12559503357355692,0.08134897424881923,0.3613385629458006,36.20417239379883
0.06865986507794088,0.11139028604120145,0.11664363831625144,0.1484670447904318,0.12350200512185601,32.27763061523438
1e-05,1e-05,1e-05,1e-05,0.14094304512730021,38.34989733886719
1.0,1.0,1.0,1.0,1e-05,37.11662692260742
1e-05,1e-05,1e-05,1e-05,0.781096621305839,31.265219299316406
0.26506902065622107,0.27894836150103663,0.27582542266041876,0.3193908181067293,0.17118952092055498,32.66558224487305
1e-05,1e-05,1e-05,1e-05,1e-05,59.32778756713867
0.7482327153811941,0.8240825814805482,0.783509583168609,0.8073608782607783,0.20454833543623657,51.45339489746094
0.223581627019715,0.23752090061662381,0.2718265390130449,0.30058483330623814,1e-05,57.03037829589844
1e-05,1e-05,1e-05,1e-05,1e-05,65.12165026855469
0.4228336553752332,0.43962275144583823,0.4028933449573056,0.598269621071195,0.7974564621161124,21.355988174438476
0.8868462808804881,0.8680162831678825,0.8825454243559254,0.810241852396938,0.14588069034208137,62.88643884277344
0.20210932938788975,0.2586963352231042,0.25883354144900006,1e-05,1e-05,35.498677154541014
0.09676532395794006,0.14216972443209977,0.1046100191602796,0.05351802060670668,0.05008843192895388,30.829723831176757
0.8081040896622173,0.8359377952990374,0.8066234542247216,0.82164607587444,0.45168991935136676,75.80528854370117
0.3324828342093774,0.40321855797699135,0.34686034836515456,1e-05,1e-05,30.74251467895508
0.8421564998905843,0.852557655460177,0.8288070044996462,0.9358890371883635,0.10473437989861753,31.243293563842773
1e-05,1e-05,1e-05,0.05903281911316421,1e-05,65.68934625244141
0.21776530463896573,0.22658537074487223,0.24343512954640537,0.3482470758173812,1e-05,46.85233642578125
0.5432311800546056,0.5371786722769668,0.5003709941803064,0.12796346654156712,0.8919520860759085,32.67212680053711
0.3455136416975616,0.3173450396483486,0.3081374739613589,0.514168300374039,0.5536114310262542,59.902362213134765
0.37572600571400555,0.3712145875394091,0.39457650242409564,0.39521318224252067,1.0,28.84905484008789
1e-05,1e-05,1e-05,1e-05,0.2108602315279447,37.19936248779297
0.9706193074581637,0.9599314042842232,0.9468544144615898,0.8085533178659973,0.1779434833122991,28.768938079833987
1.0,1.0,0.9999439576213307,0.5904287108462138,0.18906221150687932,36.39821699523926
0.23375623589254357,0.24477902058134965,0.2029192632514379,0.15300416186789645,0.7035056055274015,33.9452271270752
0.9443727247835626,0.9447222207726523,0.9258603423517495,1.0,0.7273457454130355,37.577629943847654
0.21366274909951705,0.25495088830916574,0.2125836020211846,0.23063065112910694,0.7375711585333093,32.16232704162598
0.9799935466799332,0.9733213017690407,0.9559612728644258,0.7581164243022465,0.19300271133999142,22.843388305664064
0.5305080362990164,0.5467010525096275,0.5298148841515158,0.41428810365429486,0.19445603847561668,21.951697509765626
0.3908426159912967,0.39988210777594585,0.3937310379580761,0.45104522731977853,0.7155536060578533,40.78633665466309
1e-05,1e-05,1e-05,1e-05,0.031125864857890963,30.474637466430664
0.3675470546929446,0.3484681490951851,0.3445281702705248,0.40603742641083695,0.3179207342240057,15.267023498535156
0.763824765342876,0.7457692602765107,0.7279704098094649,0.3049238163639331,0.40417432978141604,31.986294708251954
0.5758312005571272,0.6201887070994327,0.6165504329964708,0.5426893483406109,0.39262054843864225,28.47396876525879
1e-05,1e-05,1e-05,1e-05,0.445948495615251,27.678549758911135
0.6056366833095466,0.6008541599342061,0.5921862422740188,0.2066856676251462,1e-05,29.223669235229494
0.9901042600584222,0.9936671526735412,0.984916881482762,0.9491910442698732,1.0,55.38598498535156
0.8955102655934836,0.8653215588502994,0.8869281576902084,1e-05,1e-05,30.207563583374025
1.0,1.0,1.0,0.7853578405833097,0.36550372137183235,64.85601107788086
1e-05,1e-05,1e-05,1e-05,1e-05,43.456969848632816
0.8830782791103057,0.8844956298520786,0.9258793515965099,0.7471803442223351,0.765670956094378,18.878439025878908
0.4537411976028827,0.4188387344701056,0.3967276457676846,0.4532121561285628,1.0,34.066696929931645
0.06861207381054958,0.044477606682546036,0.053778918784085784,1e-05,1e-05,39.466665328979495
0.4187418111578713,0.41536236669320625,0.3883192430320473,0.19215340591795008,0.6811696084115053,23.127754653930666
0.2084997726734787,0.24608767896436734,0.23068272704731357,0.26829196799084104,0.1667811903694093,28.06809576416016
0.44727510467396053,0.4069421055258846,0.4108880433614416,0.42565796880350776,0.5593556184196639,23.36133190917969
0.7007262887107613,0.684086287092791,0.6584791062874026,0.9362975228468086,0.3177061793244184,37.707403274536134
1e-05,1e-05,1e-05,1e-05,1e-05,38.52016387939453
0.3712990565188694,0.383239365012963,0.3712342522753681,0.32924596670324113,0.025040774393935605,38.531356445312504
0.9957110934110991,1.0,1.0,0.8048059059559133,1.0,47.8640107421875
0.7544217440984756,0.7222766344878057,0.732111207301343,0.8514012225467931,0.13652068827246963,52.17755587768555
0.222693600318366,0.257532629780148,0.25272093704646836,0.1833319870771621,0.047431818065527404,33.331842086791994
0.802693069407605,0.8161475625705424,0.7922397724926664,1e-05,0.1462269498559305,24.498694122314454
1.0,1.0,0.9794936452558116,0.16163978350410274,0.006052313822763651,19.56000880432129
1.0,1.0,1.0,1.0,1.0,91.59254034423829
1e-05,0.020409180292804842,1e-05,1e-05,0.09649536774585904,42.36805307006836
1e-05,1e-05,1e-05,1e-05,1e-05,56.75404769897461
1e-05,1e-05,1e-05,1e-05,0.00390697980896888,50.961226623535154
0.4979540491556715,0.4785122099992503,0.4528653123862356,0.5292729724265134,0.05998033773361751,19.977668884277346
0.4022522447699874,0.457851127418316,0.4238528250088907,0.37378735256068113,1.0,22.989648315429687
0.7148737552508725,0.7003304316168955,0.6916806293498341,0.09812230485220934,0.2834042593280234,27.49863835144043
1e-05,1e-05,1e-05,1e-05,0.7940145498322074,26.76444680786133
0.2243200080599214,0.24671595238073052,0.25649352725504115,0.38929073617647586,0.5068857125409335,30.30937515258789
0.45989414450918487,0.4678311298927865,0.4712708199576169,0.7081251460387867,0.22450033639361633,72.56335543823242
0.41751213946428894,0.453440893248745,0.42307785564177874,0.3605281071453421,0.9866786091450941,17.998730613708496
0.05560037612543462,0.007333687206111491,1e-05,1e-05,0.11721511567114551,44.91081439208985
0.5901620854526379,0.5866822018593095,0.5674599820494852,0.4411326559144088,1.0,24.384147201538088
0.9010464846670349,0.9242767947960684,0.8801917938220677,0.7976195621135851,0.9036525789892172,31.548939544677737
0.7368910491217799,0.7279266706694834,0.7317482439476268,0.7826662693392623,0.9561361545706912,35.55686572265625
1e-05,1e-05,1e-05,1e-05,1e-05,58.45078762817383
0.09813713295893522,0.05969497638533625,0.036835700345402,1e-05,0.17342652319945798,25.653108047485354
1e-05,1e-05,1e-05,1e-05,1e-05,39.029288055419926
0.5471867714878151,0.5620755389834721,0.5739771139067373,1e-05,1e-05,48.13014617919922
0.9748503839651262,0.9453477977365847,0.998655023564381,1.0,1e-05,43.71054681396485
1e-05,1e-05,1e-05,1e-05,1e-05,29.63487811279297
0.0018803289937869183,0.04786929691460372,0.0016592325806415187,1e-05,0.4868999533611257,34.25547444152832
1.0,1.0,1.0,0.40500119353319086,1e-05,18.369104804992677
1.0,1.0,1.0,0.6965290165472501,1e-05,29.67853305053711
0.05768282324653036,0.08769335556390409,0.03458004339944911,1e-05,0.13618359637448238,34.558857833862305
0.022416173300612404,0.03890895941657143,0.013114829541827267,1e-05,1e-05,40.13407734680176
0.7360925416616262,0.7713477186493771,0.7556869612920566,0.3322961399617128,1e-05,23.1244111328125
0.94968309734413,0.971432950805995,0.9679243447801447,0.627474378911371,1e-05,31.376253189086913
0.17168150243494945,0.22236542269075915,0.19805952599240384,0.17911433093501708,0.18547187893959635,30.4781111907959
1.0,1.0,1.0,0.8911006170364596,0.20840964014367003,30.917937759399415
0.7104394764723334,0.7258463203753469,0.7410957272104703,0.8521001299463533,0.9628376371905973,34.24244429016113
0.04433059415934338,0.0755272005568267,0.042084989319896814,0.07849800032688761,0.6365569882364134,28.115985992431643
1e-05,1e-05,1e-05,1e-05,1e-05,49.453988922119144
0.525295808647917,0.5392071791763022,0.5354470433005034,0.36863422909779353,0.6165696837858605,20.658142990112307
0.6102935907351852,0.6255640924688829,0.5676169423965035,0.34728855891560506,0.1204616106393046,29.601747528076174
0.6110264298952577,0.5790235618746913,0.5881123048844014,0.5757904538452411,0.7472530523857922,37.18528825378418
0.95160523589896,0.9370684671769693,0.9176351792011849,0.9208632730745792,0.9202867647902094,60.33072106933594
0.7567928941243696,0.7742914700323321,0.8106493619865119,0.40686846288900436,0.5942757655810191,29.990853790283204
0.06454893712818237,0.1066734682097604,0.10715140322996419,1e-05,0.5668670606438843,27.47821855163574
1e-05,1e-05,1e-05,1e-05,0.08627840903956482,35.90321618652344
0.9790641793404886,1.0,0.962512192313462,0.4720916254369126,1e-05,28.04533967590332
0.5804509833448797,0.5692172943629131,0.5948454508866579,0.2636467398855942,0.37106283287678915,37.907162078857425
0.6449391609082068,0.6394536530173862,0.6466911101118278,0.8066302646502035,0.9629051536354536,42.023903778076175
0.029216225959902104,0.05540953880146876,0.008995983556339805,1e-05,0.11348443834596425,26.108615509033203
1e-05,1e-05,1e-05,1e-05,1e-05,68.70051989746094
0.055465136373134695,0.016395993157088055,0.07473829455298017,0.0008798517789496498,0.6504020792097516,22.053270782470705
0.40895860501826325,0.3887809174012668,0.41220140936306765,0.37481410933390746,0.08079368597676755,18.767736785888673
0.35675340887064266,0.3846846039257324,0.34641890483792925,0.2104040254414904,0.19890490266707217,34.366437088012695
0.6189822457532929,0.6394479323669254,0.5940368726980887,0.34541917382578596,0.22910869035599768,29.211825653076172
1e-05,1e-05,1e-05,1e-05,0.8926900122901121,14.741018348693848
1e-05,1e-05,1e-05,0.07409842830909384,0.001813921264389682,33.18707818603516
1e-05,1e-05,1e-05,1e-05,1e-05,43.50356295776367
0.990058196904191,0.9737581568578756,0.9783205543706931,0.9973649964196813,1.0,42.37095193481446
0.04079646122056442,0.005082525589003782,0.01933562351156982,0.12641248452006482,1e-05,52.232521301269536
0.019996289738729103,0.07389847624978522,0.11120722522645575,0.02847662500222056,0.7438476322648641,25.797188995361328
1e-05,1e-05,1e-05,1e-05,1e-05,46.74406628417969
0.28240280011783625,0.3837286593976886,0.3608233239279049,0.3721194389865279,0.07424037847709242,24.373932388305665
1e-05,1e-05,1e-05,1e-05,0.5220033339727379,24.34925518798828
1e-05,1e-05,1e-05,1e-05,0.5232381241649332,29.491347457885745
0.3222441808669369,0.34777017014885814,0.31528876375823467,0.18677787709236873,0.10302955252006542,27.02638380432129
0.8792237525019037,0.8765534005388879,0.8695762330404128,0.6808796174859942,0.3218657510023723,28.288687088012697
1e-05,1e-05,1e-05,1e-05,1e-05,61.01618466186524
0.2731541172556595,0.3079640965393203,0.26262549844298705,1e-05,0.11347102866474004,28.495943634033203
0.8146695490978414,0.7940295018253722,0.7604162111099808,0.19191130336965434,0.1237485055224206,22.780876007080078
1.0,1.0,1.0,0.7558852486974592,0.041720475104634225,27.31337141418457
0.5535692892889115,0.6123205482916876,0.58190712724759,1e-05,1e-05,31.165073348999023
1e-05,1e-05,1e-05,1e-05,1e-05,35.734735641479496
1e-05,1e-05,1e-05,1e-05,0.45694547430517624,32.58888516235351
0.881325734005595,0.8951546318231702,0.8602061651262709,1e-05,1e-05,32.83961485290527
0.37150645989312797,0.35721582811622427,0.3641138003598826,0.3819012222714631,0.20217546819875837,27.68746499633789
0.48852016023482625,0.4891941839573486,0.49775245581703714,0.5618123058540347,0.7207646750442552,25.740000289916992
0.9750743831847322,0.9762132097571947,0.9921433739971537,0.04714544468118977,0.06575239200474016,27.950443618774415
0.7487236186988617,0.7765153133088605,0.765109647272416,0.8103406065165826,0.9639959364809175,33.94521730041504
1e-05,1e-05,1e-05,1e-05,1e-05,45.25341107177734
0.18439926818320435,0.17567795778538295,0.12746018908668738,0.07844915220056675,0.10825913503866169,30.03482809448242
0.5068467705019356,0.5363814162091013,0.5329475957700042,0.5125801291125499,0.8892817393616549,14.873910415649414
0.7277229320869262,0.7535212779618797,0.7383432600772984,0.6766141785342988,0.917625511399955,30.891189590454104
1.0,1.0,0.9926659792527917,0.9923953458338762,1.0,24.086018615722658
1.0,0.9912076901061586,1.0,1.0,0.7689346273412021,74.43258764648438
0.26080612303107026,0.2772060956901227,0.2713689465662896,0.22523119364991226,0.425994533352695,25.46719009399414
0.6333509107778885,0.6520995084016455,0.5915119206009517,0.39120669721349,0.09984622049360616,35.02773200988769
0.08700490358624818,0.11797894092674088,0.037839897964181586,1e-05,0.07734208603396148,34.62407000732422
0.15254664172487026,0.1771198298569957,0.18575153162845845,0.20386546869327582,0.26826354798528007,24.7518067779541
1e-05,1e-05,1e-05,1e-05,1e-05,47.047488983154295
0.13592521732337026,0.16710118319686024,0.1394036111639745,0.1477605088288229,0.5898956362209689,28.253765594482424
0.36986430546527815,0.3733304237434352,0.3571579661204176,0.3580721571517562,0.5520274096457003,32.32166633605957
1e-05,1e-05,1e-05,1e-05,1e-05,58.88034042358399
0.6547547840670928,0.6423397211748615,0.5917594579135993,0.6544040969149805,1.0,19.416371284484864
0.9217626880987634,0.8937197615893611,0.885570397057402,0.5175671823555283,0.7687486599503963,20.377492347717286
1e-05,1e-05,1e-05,1e-05,0.45480393706989153,34.07857736206055
1e-05,1e-05,1e-05,1e-05,1e-05,37.896333099365236
0.43925832813445237,0.41672149789851876,0.45183559530329104,0.4892042780561121,0.021015524261108587,31.602811752319337
0.614125294331853,0.5841472982139752,0.5927213614525398,0.7196854570475796,0.8589601990702896,30.715189193725585
1e-05,1e-05,1e-05,1e-05,0.08073581261569468,46.93033554077149
1e-05,1e-05,1e-05,1e-05,0.05613057055246728,33.43382807922363
0.2891159536385344,0.3685230214976012,0.3220177682479179,0.07727081500546298,1e-05,24.83123321533203
0.185994808248315,0.19052481853690909,0.17630585876356505,1e-05,0.16257377473185222,22.91996746826172
0.8295761936261883,0.8373887548622676,0.8544440399496269,1.0,0.8144757769335383,46.18674725341797
0.9435842880518241,0.9690774729787592,0.9266042056819809,1.0,0.00414910720476305,39.44227555847168
0.46947355247612677,0.49770245971561405,0.4916709276563316,0.26039268138674593,0.007583463077579361,25.70494367980957
0.5956796528220827,0.6178837616846008,0.5434477901006995,0.36220937070308035,0.29543130955318314,27.86020785522461
0.9909113484942672,1.0,0.9655589154047115,0.4714206397664129,0.0931485713338174,12.871111785888672
0.9599499368081118,0.9811652669925455,0.9271552354195959,1.0,0.06747469282940824,37.92898709106446
1e-05,1e-05,1e-05,1e-05,1e-05,48.52181228637696
0.14381748033019248,0.16648591532177906,0.13190428533567872,0.06538149245925447,0.41464350936170563,21.785538513183596
0.5183677433992305,0.5051774727794515,0.49858245664977985,0.296532874895621,0.05896312983441609,25.829081420898437
0.8523473023755246,0.8805810364138382,0.8632778564731775,0.820099027330244,0.5266358773656268,31.350180603027344
0.7766427765519403,0.7710211052621306,0.7566499970430675,0.7084766558744315,1e-05,27.806554290771484
0.5502252115539182,0.6218409024606435,0.5648319986539447,0.6921048677460595,0.08162441015671726,30.90938119506836
1e-05,1e-05,1e-05,1e-05,0.31318126998226437,33.475525054931644
1e-05,1e-05,1e-05,1e-05,0.5106488034058274,31.696442626953125
0.5361754132024034,0.5471873673889048,0.5077266184608289,0.44338448227505406,1.0,38.326156127929686
0.8617263683961204,0.9056620365570506,0.8647505068360715,0.7998810135740027,0.3311196642919942,39.29388562011719
0.8306998843109734,0.8431410476709321,0.8739659384174447,0.18815575631332335,0.04039588462335446,26.865106201171876
0.9724222062049512,1.0,1.0,0.7987072877850591,0.17032571457412804,15.339477920532227
0.2110151456605993,0.24307258332345197,0.24756222131322111,0.17030626207781413,0.8892405519529529,30.332148437500003
0.12033707796258925,0.15734862127078836,0.12522316149855023,0.3334781796913265,0.6619998116185212,34.66133024597168
0.9802811881359155,1.0,0.9832395986856762,0.1426535143270728,0.016749835943716405,17.470319160461425
0.11654569452340104,0.08928786769963507,0.1251687557290636,0.27212499263047796,1e-05,34.85417845153809
0.1663784296627304,0.19338883835406662,0.09157935319860418,1e-05,0.23983850064914466,30.85560725402832
1e-05,1e-05,1e-05,0.1593793452120823,0.06856424242995075,40.86662292480469
0.14432935936621644,0.12662098158210935,0.18744380133794927,0.09747769880887179,0.04505032554278532,31.497447845458986
1e-05,1e-05,1e-05,1e-05,1e-05,32.062104934692385
1e-05,1e-05,1e-05,1e-05,0.31338756362671516,27.28670185852051
0.20648939606479635,0.21768764382945488,0.23814586678193933,0.0709262129573801,0.900913051692382,22.60058381652832
1e-05,1e-05,1e-05,1e-05,0.7726685363624124,30.135504684448243
0.9407795603930885,0.9595544372548999,0.9665742116812861,1.0,0.9330890951781575,54.85674072265625
1e-05,1e-05,1e-05,1e-05,1e-05,50.49230822753906
0.7328452382635948,0.7054007752185452,0.7417664138868906,0.5803154427010113,0.9231973416718124,17.427867988586428
0.9574267724142438,0.9781938657990299,0.9724978260532299,0.47307296842669344,1e-05,20.97869110107422
1e-05,1e-05,1e-05,1e-05,0.07309872056402549,35.09199836730957
0.1680032433688709,0.11796284414855625,0.10484402951819183,0.06580679224323055,0.028459873504090388,42.93949301147461
0.6223922897389124,0.6351118580879634,0.6364581774198481,0.643308353415318,0.7240744666794671,23.34043797302246
0.9680994205202889,0.984662729668019,0.9703947719275772,0.9058373897645129,0.7204347003067183,25.79881530761719
1e-05,1e-05,1e-05,1e-05,0.11979325132536874,32.303904647827146
0.46666656039325033,0.4479123612992504,0.4491869043448847,0.2778224259151601,0.33165414966927625,24.13331678771973
0.5853900499364756,0.5701998756696651,0.5688679175540414,0.24446218769344213,0.4574834365416344,15.780903778076173
0.9231346907676127,0.9545827152835901,0.9337327320572314,0.9194557437784748,0.35313359132454863,35.311899368286134
0.41784876398984183,0.39853260037323146,0.41088166721978214,0.23029739322414478,1e-05,40.10141107177734
0.11912495555609759,0.1314660596743376,0.15755828906918767,0.09492911840462961,0.547643238808317,26.878765258789063
0.2618594675922201,0.31699071686043256,0.33320441083885516,0.09803690816591745,1.0,32.88715132141113
1e-05,1e-05,1e-05,1e-05,1e-05,49.369474731445315
1e-05,1e-05,1e-05,1e-05,1e-05,38.990706130981444
0.703876341050959,0.7028470410987772,0.6639871392394125,0.7622794736476961,0.9816768054776525,41.95467004394531
0.6250542990866728,0.6435724617590556,0.6478291024227649,0.21982065091649075,0.01068544690731298,28.89724478149414
1e-05,1e-05,1e-05,1e-05,1e-05,42.316030731201174
1e-05,0.004211890354066249,0.0034119736809449476,1e-05,1e-05,43.20259201049805
0.4174223967601851,0.41181231574656957,0.39295964399750216,0.41379647858914836,0.8593425347126844,26.746879196166994
0.3494836539371411,0.3027027666384324,0.328209240159667,0.23555071606159628,1.0,28.53654739379883
0.3880184619570379,0.3761316653807964,0.3748781278485729,0.22479939021879908,0.11162492045081913,20.78758221435547
0.7283948105655258,0.726841117654437,0.719210604201251,0.7791599915076829,0.5079092761089922,24.04232191467285
1e-05,1e-05,1e-05,1e-05,0.03536842797570938,46.640198486328124
1.0,1.0,1.0,0.9161101425350435,1.0,42.430752075195315
1.0,1.0,1.0,0.10533125873928117,0.09585080411555813,32.88150590515137
0.1982282702834703,0.20749308716764975,0.18322391287394516,0.2422583974344465,0.7566576890065368,21.29244161987305
0.17409770258322224,0.20486677229516037,0.18450235907171675,0.31336002262033824,1e-05,37.8422889251709
0.23880086636217407,0.2222525143317945,0.20242287764374528,0.09409056511092802,0.9218769672537431,20.642742156982422
0.49958550715896183,0.5096110364766829,0.49819783229145426,0.5555518191322122,0.9085338515385528,22.20505583190918
0.2737608041550495,0.26367458231134583,0.2688096109762788,0.16074029856099162,0.5662992925120957,27.32393753051758
0.7829550376145649,0.8039193742600307,0.7288249319720475,0.8828769675499473,1.0,33.274110458374025
0.6175551222336494,0.6349907709865431,0.5930464850870621,0.70774920096533,0.429236006190933,36.02421676635742
1e-05,1e-05,1e-05,1e-05,0.3269998239022326,33.75105969238281
0.09909841080173155,0.07751508934813771,0.06348421085621984,1e-05,0.27485709938700037,32.777925537109375
1e-05,1e-05,1e-05,1e-05,0.37023510265890774,44.30254412841797
0.3754622896867734,0.3738560680946305,0.3716171783155881,0.4974560876642491,0.32610169471522077,34.38113531494141
0.2510363842560887,0.2626062806328453,0.26403265927612674,0.061692516526425545,0.018654285557445437,33.93507864379883
0.2164198493636611,0.25927015817739907,0.22434372492329013,0.30956564737514275,0.7289197819672375,13.139936042785646
0.021364050336696343,1e-05,0.020966610380561124,0.026401179339878227,0.017735291500783616,39.37267086791992
0.08712938732387962,0.12018212878174858,0.09850396966973424,0.045361739368832324,1e-05,45.13999667358399
0.9907253081740732,1.0,1.0,0.4092090308816054,1e-05,26.011967849731445
0.6096875593269939,0.6026183251101652,0.599417442407019,0.7544199092045805,0.10973437084460838,29.98593309020996
1e-05,1e-05,1e-05,1e-05,0.027719404650884474,35.68433224487305
0.6513822818501224,0.6669188534203563,0.6277340662869053,0.7869868365713869,0.37323994105595276,37.57692242431641
0.0014242855407039662,0.015266918878396027,0.016109124510331457,0.04616859762617094,0.8046058949515834,20.871681228637694
0.43088943364106,0.45752141534540325,0.4243610094581587,0.31335358602110974,0.3580008970036895,26.79763635253906
0.05785761220927512,0.05860357981522933,0.05797809968522398,0.23723069825930296,1e-05,40.160240829467774
1e-05,1e-05,1e-05,1e-05,1e-05,53.68729446411133
0.7275448172512248,0.7240007551105392,0.7506156046585545,0.45146017937652266,0.25280379766719474,25.86660206604004
0.8348866257768648,0.8455836462374772,0.8565723602814815,0.11394727258709697,0.2764706294954338,16.960063690185546
0.5859866065173412,0.6086186915424582,0.5891255750972711,0.7556363072624832,0.42219967528729435,42.891784576416015
1e-05,1e-05,1e-05,1e-05,0.08660569441167068,44.62729559326172
0.2613562887121053,0.2788905888903934,0.28174626609229564,0.32859977385939937,0.12234259888278098,25.09021484375
1e-05,1e-05,1e-05,1e-05,0.005303072493540809,39.99353890991211
0.018845865441308847,0.041248589999203826,0.006883373598056937,0.014397502860617237,0.983370303347137,22.051610076904296
0.06953364974324684,0.08453642801488435,0.09383245521863512,1e-05,0.11343264948844961,24.258820434570314
1e-05,1e-05,1e-05,1e-05,1e-05,72.32155572509765
0.06645497890482761,0.0681111593545755,0.05768171710513267,0.15864850810847878,0.7095664545565454,21.747612518310547
0.7248636794784861,0.7306533948755817,0.7175333809942743,0.9325120873227638,0.4163642574864425,23.206090332031252
0.8124412961532496,0.8321719983628868,0.8276628148173766,0.6617898561371098,0.505560286276198,36.08757415771485
0.016663044368231416,0.10143432817569896,0.022862955729162953,0.05946632109129603,0.9012449283016051,16.068786842346192
0.9466937595278155,0.9552918375802939,0.9530408808041857,1.0,0.23757029578789168,31.37936578369141
0.9203178663167567,0.9192591288507453,0.912370154713541,0.8092931691884276,0.8461285679716778,39.877630996704106
1e-05,1e-05,1e-05,1e-05,1e-05,64.32375985717773
1e-05,1e-05,1e-05,1e-05,1e-05,57.4780563659668
0.738968539090686,0.752624446821931,0.7587860640890878,0.8448428643162297,0.9873746941822038,40.054068679809575
0.9513624062049206,0.9870294700258495,0.9570905054293447,0.19246085782785727,0.1362773824220028,22.20704573059082
0.07046741930199142,0.08642076409433848,0.07527406922269977,0.03175007897108197,0.8085385495639903,25.11589436340332
0.4723928421193509,0.45337644654589754,0.4585332851907123,0.4206581019602133,1e-05,24.64751152038574
1e-05,1e-05,1e-05,1e-05,0.8213711910319356,34.3475133972168
1e-05,1e-05,1e-05,1e-05,0.13972834345478932,36.46040010070801
0.29298308355498287,0.2618367339656493,0.2779731693677966,0.29233737436239443,0.8015790661631679,28.978373687744142
0.9132287885936422,0.9529931491269034,0.9363570804561249,0.955834389449509,1e-05,26.201976150512696
0.04238858975193672,0.03998493332160141,0.00868769319650513,0.07639411890151848,0.7224343995176636,12.733810005187989
0.30022357974498176,0.3083606091243847,0.2889422782659509,0.26450218180250296,1e-05,43.55527575683594
0.5664316951291558,0.5830865346842589,0.5607230222802548,0.3348885398991286,0.2959102543338823,20.6544825592041
0.5446714729883307,0.5446129555013254,0.5321325818496666,0.5875976799522159,0.5393821619723254,15.677465896606446
0.22544286448318093,0.21872667186692551,0.24955615105182863,0.3275164882494302,1e-05,54.4727590637207
0.31668192091576713,0.3235522433488649,0.33223595238792836,0.1757249250579475,0.09950693698566812,29.18157182312012
0.6208196471731722,0.6432826154690415,0.6457869493884761,0.6377743680323408,0.9198288891817827,31.291645645141603
0.3001086006297305,0.3542855143028413,0.34813033276745287,0.32534771189827477,0.1409665213559254,26.589338180541993
1e-05,1e-05,1e-05,1e-05,1e-05,28.213874267578127
1e-05,1e-05,1e-05,1e-05,1e-05,37.04077247619629
0.10550813148757122,0.10323765150201288,0.06586758430321561,0.15549257794879454,0.12579952555214538,38.998039276123045
0.06889532049599555,0.07762551726881663,0.10664936401068337,0.22224629525537581,0.22023972778233886,39.20618022155762
0.3994995094813251,0.3948887248000267,0.37410548249571063,0.5144612252370764,0.3575497670963994,31.820892364501955
1e-05,1e-05,1e-05,1e-05,0.7362806197273155,42.72685391235352
0.2433199269682455,0.20812013898677909,0.22272053504761896,0.09297624376903076,1e-05,23.90698178100586
1e-05,1e-05,1e-05,1e-05,1e-05,32.052307754516605
0.022717827743156366,0.04263157214563025,0.038959581214138644,0.12053424537511011,1e-05,34.44184196472168
0.6821145099771918,0.7144390454059605,0.6813020584315398,1e-05,1e-05,27.494963180541994
1e-05,1e-05,1e-05,1e-05,0.08878881280252984,48.771266967773435
0.9193927894651577,0.8964664484819632,0.9139821267511993,0.8517301446869971,0.971612278815324,39.90618235778809
0.9202082205162581,0.9313599730983952,0.9230011493334183,0.9062312142802709,0.9718169083220495,32.913425354003905
0.8243241597822992,0.8243093814352755,0.8458889263657136,0.9153489550781335,0.4464694598735147,39.28222137451172
0.066224551402217,0.11724368091849162,0.0640771994793111,0.0086379096460883,0.9605842758435194,28.843050750732424
0.2125279448594097,0.22385443053856457,0.2148944617543315,0.3111495275704796,1e-05,63.74046405029297
1e-05,1e-05,1e-05,1e-05,0.9048975917417252,24.89152960205078
0.14500193802859634,0.14927039243140833,0.1345604846478149,1e-05,0.1653182350083732,26.801822509765625
0.7146356927655505,0.7107279521898412,0.7108943277740762,0.687916369994401,1e-05,26.104891204833987
1e-05,1e-05,1e-05,1e-05,1e-05,44.41547210693359
0.7675989048942821,0.7758229954228854,0.7665211581835103,0.8810544563980283,0.9431613481942107,48.45136004638672
0.06624447684490276,0.11059232234079198,0.08146161563602072,0.017188543402001162,0.2855123949418211,35.528184158325196
0.3726126608809313,0.3731786775309515,0.38088111624566034,0.3697207032083064,0.6115511198741852,27.164475402832032
1e-05,1e-05,1e-05,1e-05,0.6761156221396766,38.24514022827149
1e-05,1e-05,1e-05,1e-05,0.18728473411575575,35.717455459594724
0.41419413240196856,0.42685658363157514,0.4396731348829696,0.3581266596517049,0.7883577296693777,25.697745651245118
1.0,1.0,1.0,0.7686551635760804,0.28905807809959855,58.95986758422852
0.33490573824490893,0.3521864527144893,0.3495247413172737,0.31080382855358274,0.304164793485953,30.706831619262697
0.5700114517451124,0.5583921551680224,0.5366388454798374,0.45521510065237314,0.750713626785617,21.435967361450196
0.6137884314458643,0.6266958874084874,0.6115551133420103,0.5076287155578921,0.5155041035199498,25.68916697692871
1e-05,0.005290542089617922,1e-05,1e-05,0.4583719672199805,28.814560806274415
0.3756838159168571,0.34726264119078876,0.3658011836804382,0.1803800315550659,1e-05,30.1097293548584
1e-05,1e-05,1e-05,1e-05,0.40508895176195575,31.59266326904297
0.8480978721150002,0.8690125106095878,0.8705811606380273,0.9058195699203525,1e-05,57.305647613525394
0.4583970919966689,0.43152806083885614,0.40148835916314324,0.36601825809561045,0.9006457792869959,16.336535079956054
0.12026901116062202,0.13833513071514708,0.14210046582795322,1e-05,0.7120141634165459,18.931536155700684
0.31890320181760984,0.31627334133363694,0.2798134907030152,0.1514233062782156,0.19974135474963897,29.905194793701174
1e-05,1e-05,1e-05,1e-05,0.5200542720954348,34.00542770385742
0.3984881163568878,0.4163101473763216,0.3975305628959019,0.26421170046324677,0.8272037560252583,30.206816757202148
1e-05,1e-05,1e-05,1e-05,0.5931097399369742,35.82198164367676
1e-05,1e-05,1e-05,1e-05,0.12926779658894985,30.220529861450196
1e-05,1e-05,1e-05,1e-05,1e-05,45.572296020507814
1e-05,1e-05,1e-05,1e-05,1e-05,60.0955199584961
1e-05,1e-05,1e-05,1e-05,0.22500803212519507,34.996630630493165
0.5017636150268582,0.5088422048907946,0.4599021593788409,0.5171744306063084,0.8706403657299533,31.01663427734375
0.11308744958839118,0.14908981950371197,0.13111775548742724,0.13605886082863772,0.08098203070718085,38.82807244873047
1e-05,1e-05,1e-05,1e-05,1e-05,70.01473742675782
1e-05,1e-05,1e-05,1e-05,0.330686602165722,36.22349406433106
1.0,1.0,1.0,0.9739032942411265,0.7192572634325568,30.4013846282959
0.723741657316752,0.7329448133356782,0.7063812112813742,0.9321785761257024,1e-05,45.279952880859376
0.5227572104158267,0.48949025741374963,0.4856781887579864,0.5142549560710596,0.2536129549193916,35.35899118041992
1e-05,0.0004243495458109462,1e-05,0.022866249702010805,0.7314696569968752,22.671544586181643
0.7977376155360432,0.7799866755166066,0.7670339906612778,0.9173907277908082,0.9248656991749465,57.892731597900394
1e-05,1e-05,1e-05,1e-05,0.06480239223916465,31.925855834960938
0.302906475425935,0.3480253349954535,0.322010438664515,0.14776259476375808,0.9080161264055044,15.439333984375
0.05443794442105757,0.006864793122752484,0.0136596404929144,0.017523281948278915,0.7133442254935163,22.27300227355957
1e-05,0.0022064839329099264,1e-05,1e-05,1e-05,46.398339813232425
0.8201718018092816,0.8212350085334655,0.8131597740970611,0.8672964043415516,0.7742998668011578,32.57745184326172
0.7974758361873524,0.7888764471524768,0.7892257047811307,0.6036065154018702,0.06664543219915448,29.022765625
0.253224413877128,0.2511312517095637,0.24586312853625358,0.10347219157762348,0.6493022030402885,23.101519927978515
0.47628371869422265,0.5017182073638256,0.5068326476461105,0.0012011962250497291,0.14614973089380065,24.41188786315918
0.12364194540588244,0.14217358289165535,0.12597566539458172,0.0017076223488315706,0.4907355828007969,25.442284423828127
0.4026106196853131,0.38148890556206616,0.37621494255807736,0.33330078582462647,0.8136015102928379,24.09004754638672
0.8552786590158145,0.8710903581191477,0.869906958145178,0.16639795008655323,0.33158300778151834,22.32491651916504
1e-05,1e-05,1e-05,1e-05,0.04542644295626884,58.865231933593755
1e-05,1e-05,1e-05,1e-05,1e-05,54.27060009765625
1e-05,1e-05,1e-05,1e-05,0.3493001312072694,39.55183544921875
0.9392373087829213,0.9303408034647378,0.8971130607543609,0.11269027329563483,0.03986034058702839,22.951793563842774
0.31303295038824575,0.3378553294585427,0.3035466519665643,0.40426050783678635,0.3661585001332597,42.26770812988281
1e-05,1e-05,1e-05,1e-05,0.809554624512285,23.317500091552734
0.24921085616542107,0.21166664432193225,0.19536882400717592,0.21070669460058197,0.1093284698233532,35.45336642456055
0.5665534377217748,0.5546338069954926,0.5655277131761309,0.30049475071610976,0.2403229727444315,23.405293930053713
0.8765493484114781,0.9082161878075813,0.8731124888768237,0.7751649493217251,0.32028119472040667,36.741459777832034
0.12409265519505208,0.13701595467789676,0.10056838705848574,0.28755819943523986,1e-05,60.71253594970703
0.9203117285355332,0.9519134955326447,0.9335242262659569,0.5773068689449607,0.28932686605898456,28.116609985351563
1e-05,1e-05,1e-05,1e-05,1e-05,26.55224008178711
0.2506253614794909,0.2739857866114533,0.2558346990103053,0.26018861735194637,0.12424922524808824,27.91049333190918
1e-05,1e-05,1e-05,1e-05,1e-05,54.35301138305664
0.02964599541234266,0.027699996605444328,0.039145804029041394,0.07857417420085905,0.010332362757223084,41.444538635253906
0.568811426130741,0.6000323527414463,0.5835589650681469,0.6935777166047049,0.9151956920205018,39.407776611328124
1e-05,1e-05,1e-05,1e-05,0.5192653519466477,27.2849969329834
1e-05,1e-05,1e-05,1e-05,1e-05,35.95324617004395
0.340241049266079,0.3433074370932875,0.35508950405302,0.29638343255705213,0.6894258711347916,27.92606121826172
0.743336851618599,0.8017081044964943,0.7842768058215552,1.0,0.6432657811756127,51.75255282592774
0.9702632565570877,0.9814370574795426,0.9275339305620793,0.29254704062244846,0.26499975787147556,23.364179183959962
1e-05,0.033110424683348724,1e-05,0.17444623204315973,0.11529871992588821,55.93502014160156
0.4030880854334088,0.3988583199088434,0.354785296546745,0.4340297792685574,1e-05,25.878256484985354
0.31903474698315387,0.35016354728539667,0.31320290137901874,0.3916970111195344,0.8683731563796611,30.539390243530274
1.0,1.0,1.0,0.8829055150594884,1e-05,36.06638050842285
1e-05,1e-05,1e-05,1e-05,1e-05,33.711482818603514
0.28441831637341697,0.3270616538411863,0.2920339918894702,1e-05,1e-05,44.566773193359374
0.18484291654446144,0.2607759406408786,0.1822536816172766,0.07692925805936593,0.13442124480661224,26.113406005859375
0.24414782724964712,0.19936276167550557,0.2685228037818221,0.3283158483156537,0.9580077746102764,29.627515487670898
0.07400357085571162,0.032349701076661644,0.06525256968609754,0.08436090040030125,1e-05,46.30109027099609
0.7224195911592168,0.714912310051374,0.7101203714388168,0.811277489293174,0.9051940459907948,36.359910217285154
0.43132366676510037,0.44776541209053855,0.3744476489013974,0.4068174170812339,0.8772707658955916,34.40206364440918
0.44489716137564433,0.4621389932991239,0.4608886736327846,0.6654934038154144,0.8462425019723727,30.324400115966796
0.7414661989179163,0.6768431093478885,0.7301008157951334,0.5575224316645275,0.9493939600100049,50.6809506225586
0.2969590846005135,0.3017587103371274,0.3289664516743069,0.17657051838205529,0.17868097863369892,27.411080352783205
0.8752394386361722,0.8341532503058117,0.8610863110357091,1e-05,1e-05,23.38715637207031
0.5096579338924397,0.5226394007703995,0.49255706237172087,0.37365766700585523,0.012132202927679067,41.994738250732425
0.3282708861273931,0.30029041005218793,0.29526580185917023,0.4249300073102077,0.07783437363320836,44.09621865844726
0.026933388475496783,0.04000011390186068,0.023927836562970605,1e-05,1e-05,40.4059810333252
0.5851544902357303,0.621909788626609,0.533588427801832,0.4363796445711552,0.36237032833550553,27.269544509887695
0.6123253155004049,0.6158262344021985,0.581262838989442,0.5881292953699764,0.9703476530110532,25.309703125000002
0.3364702467607752,0.38319252718731517,0.343906883794438,0.18574347685755857,0.9585039848198759,25.69709217834473
1e-05,1e-05,1e-05,1e-05,0.3103434099759092,34.01114190673828
0.520911645151019,0.5209695071468257,0.5086649839067275,0.5473782320841436,0.1835708096056219,63.07928213500977
1e-05,1e-05,1e-05,1e-05,0.3941450768955156,34.67136817932129
0.7871849223193481,0.800073071086666,0.778144447297901,0.734174957088605,0.8281823284412428,24.95547659301758
0.9884963401481738,1.0,1.0,0.9319844649804506,1.0,30.922033020019533
0.3495860893344549,0.3591640671387816,0.3642672150954174,0.30104218944030703,1e-05,45.31701412963867
0.745026112027587,0.8104500926621272,0.7809268286657742,0.8808241095830457,0.46539305343338533,56.209768646240235
0.2174646576417015,0.23199084911935058,0.24286403283959576,0.17231059225840278,0.24263007682501406,29.72065257263184
0.8103191731927274,0.816116098993008,0.816488417993832,0.8837063352801665,0.9749020413643417,33.51341174316406
0.004014525119882179,1e-05,1e-05,1e-05,0.24379320508641225,45.75377969360352
0.31783558542536244,0.300364510352688,0.29759711589722,0.1863319042032317,0.4197379698403541,36.135346466064455
0.9953356161344998,0.9676906919628863,0.975414463936605,1.0,0.9749492315555528,91.63110998535157
1e-05,1e-05,1e-05,1e-05,0.7996915179482118,34.0724676361084
1e-05,1e-05,1e-05,1e-05,0.13817986330136925,39.023026016235356
1e-05,1e-05,1e-05,1e-05,1e-05,56.27964111328125
1e-05,1e-05,1e-05,1e-05,1e-05,43.53410913085938
0.9202549987517968,0.9477153723559407,0.9222451892110667,1.0,0.3338389842021646,33.7923341217041
1e-05,0.006726895092935371,1e-05,0.048781927685730746,0.28463863348578733,28.42140350341797
1e-05,1e-05,0.003412694581599127,0.008710580266833813,1e-05,30.992165893554688
0.37843464432203244,0.37037415843759725,0.37384984092824347,0.3742037647718799,0.15245256337825472,24.148997680664063
1e-05,1e-05,1e-05,1e-05,1e-05,39.45931744384766
0.9192388086235878,0.9348197152348929,0.9300924318905646,0.8126999181245296,1.0,27.82621743774414
1e-05,1e-05,1e-05,1e-05,0.3465154938913797,54.00497564697266
1e-05,1e-05,1e-05,1e-05,0.009281259195647465,41.39443249511719
0.1365279265829867,0.13127389647044724,0.1299642995432133,0.1996255824445361,0.25302723787356546,37.08047955322266
0.5294464980978836,0.5246368016328543,0.5315916824305759,0.5942221921192943,0.11498198399829115,46.820856719970706
0.93335391773453,0.9773639543514506,0.9589604430487197,0.5048287948934985,0.4427626822405763,25.072863418579104
0.6932570260924392,0.681110237870776,0.6671738990867337,0.808012285941958,0.9961704941294383,34.61297325134277
0.2630274635230219,0.2859427505410031,0.2448342010222528,0.1524254341196718,0.573746071098989,25.4743193359375
0.9457680867751268,0.96915124553366,0.9388805428005377,0.9685934574664674,0.9356137704079545,75.43905383300782
0.673866345044566,0.6949775117185257,0.6878499387850188,0.7194964117443132,0.9240272709288309,52.35847943115235
1e-05,1e-05,1e-05,1e-05,1e-05,78.45762203979493
1e-05,1e-05,1e-05,1e-05,0.04198927792239275,44.05080966186524
0.4080515839696811,0.393150481321468,0.4211687077307036,0.33457317633600303,0.4631496471959143,26.82910868835449
0.11256342161890164,0.16827738766517222,0.12134978951818745,0.15737747345481007,1e-05,39.8965669708252
0.65369497397912,0.6538836958542176,0.6426332620516314,0.35832547905009604,0.04232907404418367,24.476350753784182
0.8543449415984152,0.8688753341787465,0.8298503081274352,0.9030132126567304,1e-05,31.549811660766604
1e-05,1e-05,1e-05,1e-05,0.5651906796195746,34.17452978515625
0.26802352805384455,0.2438245956010845,0.23232495596279962,0.17782039569566738,1e-05,27.30692266845703
1e-05,1e-05,1e-05,1e-05,0.13836211609903806,37.58313041687012
0.5674269691291176,0.5896249998005211,0.5965634337281678,0.65758288296174,0.8957396041052705,28.697581787109375
0.9431573845111867,0.9815159547838145,0.9205027148347714,0.23982735946380054,0.17077668103932006,30.4836141204834
0.8038620485752047,0.8304314904601874,0.8367734273970774,1.0,0.04320773876315819,46.54866314697266
0.7032100044524934,0.7529403339895634,0.7142757685073917,0.7300070206955931,1e-05,41.89576412963867
0.49859812884843807,0.5199082668962377,0.5328263894883659,0.4803559208555901,0.3509094118211542,35.414143310546876
0.14654164216160517,0.13766031742368093,0.14364668018036666,0.1958810163456852,0.3003307390337719,36.44606546020508
0.8360952919570364,0.8880176436524465,0.8638335938294008,0.4862589081285969,0.06902737790225925,30.860864517211915
0.7971038747271822,0.7994951066197981,0.7874457482262953,0.9219779371057872,0.0899888121154049,52.65592260742188
0.8688523323966854,0.8785907863644593,0.8862729644421194,1e-05,1e-05,26.400973388671876
0.668413492533459,0.6954749699481798,0.6990614006563407,0.6959316047818205,0.7057443462358926,20.302598457336426
0.7962484587129653,0.8332054100325873,0.812323963228694,0.13271069686514328,0.12186037040174882,18.93778591156006
0.6852372104573737,0.6796735799336978,0.6909826504035071,0.6329722478208994,0.8551175861955211,66.90779315185547
0.31986829342738005,0.39911616631034236,0.348947909062476,0.3863748673287579,0.3428640785545536,23.478944747924807
0.4428987176862826,0.45917900361147546,0.44453658162628684,0.3268086411287192,0.5577450302689948,32.70904801940918
0.045520467108899586,0.07920199594782155,0.0322853772784139,0.07350151567809518,0.8140693112941263,67.27061309814454
0.8926647783002146,0.8710606822448823,0.8816743957331592,0.9242359914721675,0.9145052531649602,48.73295281982422
