feature_0,feature_1,feature_2,PERF
0.7975148842753114,0.17802281639372453,0.14890263821270794,3533.881345912814
0.07807241371853645,0.9043973439012088,0.8607087143194785,799.5367151200771
0.014909362883779925,0.9602078740004283,0.8374210727635046,433.8556442912668
0.5844600175099619,0.687143413605733,0.0776635923117133,1363.3395382016897
0.28198790540067914,0.892874020299361,0.9630524152741561,579.5564373321831
0.7697978027007467,0.1002085721679706,1e-05,4405.675834149122
0.9613608278347864,0.8922111225655497,0.05139640853701167,1275.5449163466692
0.9049859511668306,0.7082634677103622,0.6790471818953407,1023.9647215679288
1.0,1e-05,1e-05,4183.240762114525
0.9012452651790069,1e-05,0.2869193549306114,785.6777021326125
0.3175132488538129,0.7364299763288078,0.9853757557525419,979.3604037314653
0.018932096070679104,0.4724792423297578,0.7386222019336521,358.5269121248275
0.9627645087505321,0.39838497004703505,1e-05,1015.6909154504538
0.9298861362486209,0.9595218526200541,0.7388318818391442,4866.5953832268715
1.0,0.08011243223918994,0.19177241905508063,1735.2878438681364
0.8513810127848305,0.7035491640658709,0.6101890280764197,4164.11137714982
0.41436306062595146,0.2719975842118467,0.32873383731173783,1992.7675001174212
0.21213982234244544,0.39612800082755273,0.38688442867996603,1150.7579331472516
0.6844971473657164,0.23193258870517885,1e-05,5598.669226884842
0.42249940424010274,0.8617597235203673,0.464633117775382,1119.402108155191
0.8375208928192732,1.0,1.0,794.3951680101454
0.6106625777313669,1e-05,0.04003586870865953,524.7635073959827
0.15626302744116466,0.7481020541106065,0.9677950075879427,548.7937764711678
1e-05,0.15267189483018753,0.1836052883928359,559.5583549514413
0.25512283519919343,0.9660272853207322,0.7437455319496226,574.4795664250851
0.9605683782989093,0.011022813799168401,1e-05,5024.479173511267
0.31735530123049793,0.25601589639892053,0.9553810989137338,500.6969436816871
0.9956480657245158,1e-05,0.11115903338274889,1384.7297415584326
1.0,1e-05,1e-05,4180.030374675989
1e-05,0.6497906192109971,0.9355264144915082,377.33476245962083
0.0032151317799877063,1.0,0.722816163509226,996.9848272651434
1e-05,0.21743076957450586,0.06793455347057206,488.2306847162545
1.0,1e-05,0.2669699628989979,1192.0277865231037
0.141830544738375,0.9117978047567353,1.0,842.039003610611
0.009051856390045977,0.7624476545336689,0.7775000630005257,402.2756946273148
0.11098136417714007,0.786964560398978,0.660413862061899,917.137254267931
0.13844806405662424,0.7197615817696944,0.6185556615992835,614.0670999735594
0.14423040408537902,1.0,0.7362726903149787,469.5561433248222
0.8840061804380469,0.004194751194808474,0.07869870803902063,736.2377039268613
0.08822675349531055,0.5397792747178756,0.7260452221333983,532.1606502681971
0.43230261521722485,0.10826462267184504,0.22507424296494777,1025.919778726995
1.0,0.12623496643806317,0.20409617967441274,401.2924158796668
1e-05,0.3874345228693768,0.4697352294723203,388.6771800816059
1e-05,0.9616788478263684,0.7119895758250859,1123.9319745376706
0.2894372170777626,1.0,1.0,383.25313618034124
0.9236785354287395,1e-05,0.008116289208113628,1907.1018120646477
0.14441190530164447,0.8593158282249973,0.7847447481035541,713.1793187707663
0.6418009937324102,0.3139311253130652,1e-05,1710.6222603470087
0.8242374410864338,0.17129359685582077,1e-05,7675.359850347042
0.06118129942067848,0.8425839032348632,0.6666996102691173,637.7097338624299
1.0,0.9557537709767965,0.8461069347041669,1101.3203088641167
0.11479656950205307,0.7455314555353585,0.5741320114004286,836.648036364466
0.6684052015603583,1e-05,1e-05,6809.801920592785
1e-05,0.20513973196721663,0.6867200479082767,1142.4121707975864
0.33607669804697116,0.7007953046319094,0.5617567844370396,1626.0842382907867
1e-05,0.31090601000969426,0.08429940553169986,717.2350336760283
1e-05,0.5302156801622309,0.6030169978354705,422.01214435882866
0.9693357377150912,0.02771326577677955,0.11033871588437984,5308.487678766251
0.16891054706224942,0.41496504181180266,0.6708349176036379,988.1201781854033
0.07591446660577013,0.9496145620084092,0.8948514929270542,104.00253895204514
0.40165702202124276,0.9434459121085733,0.5493428757628306,2267.5219274759293
1e-05,0.36008553647187486,0.376294788825355,1743.546773403883
1e-05,1.0,1.0,413.35911729186773
0.09897369481768085,0.05974332302646707,1e-05,801.4517848715186
0.9199511979667119,1e-05,1e-05,1308.4814572781324
1.0,0.27860713291908495,0.4515465705072477,736.6337269730866
0.9627984759813525,0.6823861405046133,0.17075549524766648,287.0853463578969
0.12209947198576473,0.6434668382492975,0.43340645738726413,631.3768996298313
1e-05,0.18043516996243633,0.06331173886573209,1249.0486692115664
1e-05,0.11776782309002676,0.40214078747721776,642.7894534766674
1.0,1e-05,0.007124155849863986,1869.8056941330433
0.14263564259836026,0.9621068736758903,0.5779837323249633,465.7578143849969
0.8289034659517653,0.9396060160475109,0.4864057057902379,821.8081185519695
0.46950543334400674,0.05851311746569735,1e-05,7237.189865469933
0.47538236019226976,0.22569471685822243,0.43152213953276486,542.9521859586239
0.637628208813571,0.044724566731282465,0.08141857170793594,656.1181849054992
0.7046864350825125,0.2763721252041347,0.058200377680353355,590.5863148532808
0.025880033543363237,0.5670639857215165,0.934101509005267,391.6340853385627
0.616429260058546,0.823706723652778,0.7128846193557206,950.0219909325242
1e-05,0.8097211488711751,0.8853487853056735,851.8172963745892
0.3730980000595793,0.22260060309658297,0.12693948764019597,1969.371173888445
0.29995290561925136,0.48422390929071524,1.0,863.115638166666
0.17621213108108055,0.794718670014051,0.8757533965435765,368.698722127825
0.12426128510572311,0.9483386492525729,0.82091173050599,975.8701044395566
0.03409568803434621,0.5889282279050904,0.3294165784480114,574.531423445791
0.7664730663113907,0.3142203198876692,0.31608470926657267,1057.1213515028358
0.24443106828004393,0.2394904453096036,0.34101382024756116,78.73037863709033
0.034167041565931484,0.9983867427895146,0.903419819684763,708.0397763065994
0.22460938644942938,0.04840153196954316,0.980508595217471,312.59290747717023
1e-05,0.7548967707814294,1.0,234.16045612841845
0.7970429185418065,0.2507199555672377,1e-05,3144.4917780309916
0.39915670607887815,0.17901974056586895,0.1821527573704391,115.57800983265042
0.0315657476014174,0.149286217512112,0.634975422021109,453.74497463926673
0.8468043157773933,1e-05,0.3212587009993334,3579.789211034775
1e-05,0.3008404296937427,0.010282979081446465,1032.242853499949
0.4929532511458755,0.20547356471521125,1e-05,1162.5189788341522
0.013878384801077401,0.8465617068169217,0.8145552347013246,472.77634297683835
0.12561275630199062,0.7827590961729243,0.6925515095209356,697.4713365882635
0.14876123043330033,0.9920376330912447,0.76363842126651,1053.7552347406745
0.996177001059186,0.4472777752112415,0.6538097198651588,6435.169499754906
1.0,1e-05,0.3812939976351893,3023.9452536702156
0.21546561648328755,0.08475990526727807,0.2547957139462168,1006.2610617727041
0.9282375933128032,0.4816684781588957,0.03635555574268279,985.2382361292839
0.9883461241558865,0.7075871606454255,0.38576927489038254,5074.615997135639
0.7801448767166101,0.8932444158235575,0.8548898883350072,1616.0126869529486
1e-05,0.7747172521104143,0.18206995526449687,259.739261303097
1.0,0.10676884903295147,0.09663680756330299,589.441134583205
1.0,0.06053781844601714,0.2675628241894836,626.1783783771098
0.5548305212485746,0.08964885800004899,0.08346116272589002,4061.829707890749
0.684316703900937,1e-05,1e-05,3690.2536332905293
0.03931041030964772,0.9010069286194691,0.6990813279990434,490.81483136862516
0.10320154985438308,0.6230676101889414,0.9419371481341491,277.71560567617416
0.8305552864273992,0.12734420120801102,0.22495906206177457,311.87255384773016
1.0,0.7222019608404582,0.8098012584017651,3029.9408326298
0.07272034017808192,1.0,0.8357327859519738,740.4249868988991
0.9116583071326216,0.5945596106045028,0.2561403057108405,837.4939441233873
0.5387532945765721,0.4058329297332589,0.6867522926009632,872.3973063193262
0.16945146031515637,0.9038355823225965,0.9052776146404722,464.82707845792174
1e-05,0.862455697604288,0.5942898316951193,1049.7286399528384
0.09228457125614925,1.0,0.6368304752839095,314.6162808537483
0.34075946816118086,0.1618928809755789,0.1196066586002049,6187.226048916578
0.7012561619110811,0.45846953075212926,0.37059024971376064,1182.576514787972
1.0,0.6444467921679399,0.2230109402451294,1594.1168908327818
0.2909054953237001,0.4164425117137101,0.15494737075254894,614.1690203845501
1e-05,0.6259784481926106,0.3902628797666499,1220.5095825344324
0.10213112024838393,0.876701115424587,0.6641565112902852,685.1346410438418
0.1278417366413147,0.3857331767347028,0.016700117147366113,1446.7558026909828
0.00967281144840841,0.21362837494282408,0.22519748504129256,1245.075461305678
1.0,0.4006946230385832,0.08235707256122322,7207.666286706924
0.9010955114052319,1e-05,0.19146594546950937,1293.1361049637198
0.08200564027264216,0.0684163070569064,0.37065006034058307,730.9560426287353
1e-05,0.275637532246573,0.6725576543825862,952.8185772821307
0.8553320572372087,1e-05,0.10280315057419806,584.9399662874639
0.06726460699199209,0.5356056949013867,0.9678625962783429,695.989164814353
0.6852549741628099,0.10098369110404451,0.015533049998577537,909.0534674674273
0.7317783408350823,0.19011004706716486,0.21030575650038633,4664.218585699797
0.6673107416283446,0.2916832272667377,0.09115933724646362,2548.6361462771893
0.5448871209547769,1e-05,1e-05,7109.676669538021
0.9993467396110616,0.037954180546823785,0.04092485890916304,154.33936555683613
0.27940439953862106,0.7292416808901984,0.5543775775754279,835.8887504041195
0.02179093203742848,0.9258396391320375,0.8761815774534839,616.9741001017392
0.03650408388278011,0.8573706408534368,0.822790564974672,505.865553509444
1.0,1e-05,0.1609671151456084,1002.4597258642316
1e-05,0.374752901244919,0.3387419700606262,893.5733818560839
0.7069799978541201,0.9475373076245206,0.531607639163031,888.2112709581852
0.7640871365086047,0.2544066574698211,0.2041617418961413,685.1285215988755
0.17271119713079772,1.0,0.9961932839296795,698.5142799243331
1e-05,0.7590273215442627,0.3654481748625778,991.3717136159539
0.2688326054746456,0.7878616744497792,0.9722121132718567,968.155911013484
1e-05,1.0,0.7439738672872973,425.08349906280637
0.4390118286080377,0.2650393928953488,0.020453265644044455,5429.1707300543785
1.0,0.15943712587179135,0.28017312151877943,1201.2192983701825
1e-05,0.5187952210293714,0.3190889788732456,674.9590063877404
0.3573565424438183,0.8131448192941059,0.19998568168061437,539.7993529550731
0.17938782879625786,0.8533626215785758,0.83521919534776,551.2863952182233
1.0,0.38585520164794374,0.12030177460582978,5441.67085698247
1.0,0.03539232038569247,0.10570857768136269,5463.63882035017
0.23859251844344467,0.5646948846953125,1.0,646.0385094769299
0.03179425171822601,0.2527058477083921,0.7485669777355428,774.5053892545402
0.7275821364044669,1e-05,1e-05,2245.7556947767735
0.012953295463532771,0.6548511815836593,0.8812996624917161,465.76699355244637
0.4086531691250387,1e-05,1e-05,3383.59136480093
0.09027009844882858,0.6808465705003386,0.9886758599842601,797.4353188201785
0.939635267818779,0.5329509453236985,0.3157760006052607,2619.881678789854
0.8433477031041678,0.09869843564551607,1e-05,5706.528453707695
0.011226237757855612,0.7901435850251547,0.5692127587000932,754.2260234206915
0.84138898571849,0.8624036098024942,0.1434494855199279,577.8480043560266
0.26985981624879823,0.6788647309570354,0.3621912522941708,1836.0974700897932
0.06648594547020457,0.4736033316587412,0.10429475817079562,1124.6897306367755
0.580571782638785,0.2353574808671677,0.19154010528258736,539.3553239181638
0.12670572644317893,1.0,0.9356108109514788,1196.2499925345182
0.9554792528391479,0.9353518014531881,0.3141701135860387,1063.0289370641112
0.9834412560254178,0.7965879307729283,0.40874260519518757,5544.0854659080505
1.0,1e-05,0.3578065701090025,1202.7858762815595
0.7506982075853229,0.8286834926051633,1.0,2344.242464095354
0.11589196055333277,0.9534943880777116,0.9148222224817394,206.67299079336226
0.5907757175521385,0.8080861044292877,0.21796831136390488,4486.587557524443
1e-05,0.39698423131767835,0.5284790099421428,694.9116149619222
1e-05,1.0,0.9367834806901242,399.52381715364754
1.0,1e-05,1e-05,2057.95921343565
1.0,0.04900894114619484,0.2864034398476272,847.1347603909671
0.8074349842405988,1e-05,1e-05,285.2724871635437
0.8360514227406753,1e-05,0.02903740928774532,559.8884884566069
0.022650995729918973,0.9228115141787917,0.7197858180189111,273.3368262797594
0.9259888434492253,0.8020443961974387,0.2918955573608209,4016.9011649787426
0.03262275791655626,0.7712445333340783,1.0,354.242773110047
0.2320524410050459,0.850930764882705,0.9253596211660366,2105.990736976266
1e-05,0.36182037613584866,0.6141139402812114,892.0429930761456
0.05809862052016565,0.4506667899628416,0.7268701140867835,768.8072891756892
0.2963468669262325,0.47672544112391907,0.42033290335943607,818.9968666359782
0.044884201969700895,0.5682379279637727,0.8452133216220062,792.6521812714636
1.0,1e-05,0.009552921391741258,1086.9767518937588
0.21250537231728786,0.9373922248742523,1.0,772.1579490639269
0.2615076913314878,0.2641954989898585,0.3967536887228293,73.78899276908487
1.0,0.005180868284149031,0.03037081449828654,4825.500989109278
0.041348097782506074,0.3486320307874198,0.24337841064430216,548.5640335157514
0.8252488302820201,0.5412212843885847,0.27496068648327787,560.126619271934
0.568635876503388,0.5212311899201206,0.2571814039908805,610.4499804601073
0.3032717722327551,0.7689532064284014,0.7903497220411506,942.6588215306401
0.9458331552024786,0.044293326367104605,1e-05,4053.2147954702377
0.600278437719766,0.18149344927410774,0.26674118054617496,684.827402703464
0.18764943402301354,0.4989345713040375,0.7370946021673761,784.960144456476
0.5186645975363108,0.12449133621257386,1e-05,4464.5043797791
0.2456582536766977,1e-05,0.33975034683182165,1102.4924990981817
0.046237427394665374,0.5242031148766944,0.8910599700424704,466.67868534475565
0.719763118236138,0.3849506677672531,0.34513601513773606,1033.72850702703
0.6839573663538367,0.03200948510085268,0.049613548220637356,1230.5792347341776
0.28943539953295555,0.16166331322671249,0.19032963296291347,703.3355584964156
0.11303107053748279,1.0,0.8235845830818249,689.3311031833291
1.0,0.4149167384212377,0.23194797999753686,1293.7867707759142
0.8912187345571487,0.3378451774494911,0.295544989030313,3772.813808530569
0.9325757450132681,0.014213955245942557,0.08004228656930848,1400.997125416994
1e-05,0.2210998158577742,0.42840844061782496,526.6336308792233
0.919240686926235,1e-05,1e-05,3627.417484253645
0.9599006540509395,0.47134952108170175,0.08263221783516168,4949.100272446871
0.27786642887786867,0.35272482683350675,0.38080740674592367,3816.0343932509422
0.06744171332532244,0.09554370425756151,0.5576842380293191,775.4321686439216
1e-05,0.39776140635119145,0.1985491538005213,1836.7140569239855
0.7607677633662203,1e-05,0.17216119398304217,980.9534640684724
0.9846243287157297,0.3744198730567919,0.2501323029156724,6542.242483407259
1e-05,0.6872950284429906,0.38530342550399105,626.5645364560187
0.4204162893204991,1e-05,0.7689671994445699,-134.75401599984616
0.7472342651412361,0.10401825998585891,0.05740817743480291,3528.6582941263914
1e-05,0.05481702158169779,0.15846217635992335,843.3595376312733
1.0,1.0,0.5108380637375928,1659.5656208395958
0.9041817024876158,0.18598393628285972,0.08701324939662008,4320.3268801271915
0.9647294832576769,0.045319441908146116,0.14796626068137433,2270.086396947503
1e-05,0.07557768698809582,0.4825701668140662,314.4926786161959
0.3317333320786171,1.0,0.7885870519089677,978.359663464129
1.0,1e-05,0.21324654995602205,987.2329641729593
1e-05,0.5330958256968797,0.1723327881979118,891.9594310000539
0.8960457760148957,0.2543477756069239,0.2500912669250723,600.1802329607308
0.4787690420841483,0.36909449129366045,0.24540319555885495,3317.2968852967024
0.0416805259828215,0.94874724647122,1.0,521.9438676200807
0.9278063882562829,0.576408144022923,0.22643118724816527,1673.1041542738676
0.893282929133269,0.021994752223565707,1e-05,7048.873442322016
1e-05,0.3549657048556386,0.8151495264402844,454.7016126997769
1e-05,0.7864126919268848,0.8077578031545246,594.9198314584792
0.09599882090577516,0.6592439592662777,0.7282972844497753,841.4750651046634
0.7848690034241346,0.40796325526989047,0.24787535323367574,1381.0673592537642
1e-05,0.450218769310686,0.5698139642733444,1048.6702924966812
1.0,0.7984748322518639,0.6058749742846591,4970.045655459166
0.10975067032309237,1.0,0.9277714764973721,776.2254808284342
0.5910262407773474,1e-05,0.10111469240686044,592.6145943365991
0.5593020390237344,0.6931625941612914,0.8167624762988471,1018.3332495838404
1e-05,0.3449369257039978,0.5966619324792792,845.1253667809069
0.03365738040006555,1e-05,0.28660966283597344,808.0505511909723
0.9786562266689487,0.15196473140440567,0.07349023653783265,3333.8388001173735
1e-05,0.131225979079955,0.25786512856048005,159.37838558666408
0.872745030363316,0.4479546484479368,0.8031676132052471,2504.825351640582
0.28589199164623896,0.9472739483612181,0.7158021978246624,453.208309866488
0.15526920287941048,0.3102575049579575,0.8001033541656926,661.4801375418901
0.495793686333692,0.17962742165395734,0.5143673973372821,1086.4532228261232
0.2582106352556688,0.7507203899046608,0.7483762512723323,1164.7500440627337
0.08821381466199146,0.98926666931047,0.8339071164849117,714.1643383949995
1.0,0.24230397626707298,0.4566909698372009,2581.347955867648
0.45132542651350455,0.40977720998750394,0.15406429232737973,580.36093332991
0.06254722903690706,0.4023796395877979,0.6576238319152292,632.900008380413
0.6058592537435612,0.11689666354458156,0.01798141715470116,2396.3875207453966
0.1024148434621381,0.43763804545331825,0.5209652217199284,849.1844579316676
1.0,0.7829583290349337,0.9613702674706598,1636.461023323238
0.8090012907228513,0.6344042163044968,0.7213808276695279,1084.9229395538568
0.000748320534948187,0.8674471274253703,0.7301106759007682,1073.9028742462397
0.9758853945084975,1e-05,0.23239107631288752,1416.544524922967
1.0,0.6904554587966735,0.4364536702491693,6616.930098205805
0.834743088437759,0.5589329845062797,0.09092831981789999,1592.5418723076582
0.56625977932005,0.39952360105066104,0.13163266987960714,1891.4406752884388
0.13801036351210497,0.2070837273982327,1.0,863.2732666283846
0.0023387783887199223,0.5562819299442794,0.9373967854733852,272.61325466632843
0.11685993724426524,0.9246295810912837,0.6867198095001976,469.00317761674523
1e-05,0.6528814402368825,0.3946060491450601,761.6129848025739
1.0,0.4117556525002554,0.3076930428954125,4024.612931728363
0.5884701768622942,0.7644341426450956,0.9657265790944256,905.332844927907
0.8972760452785582,0.2623246589097598,0.02353135421474491,1521.9553407132626
0.418540136142368,0.14382075293649077,0.43429345464523217,242.054777527228
0.574834955719748,1e-05,0.03835672335690835,3946.1346372962
0.9318775694408259,0.7711413708799537,0.34402637453497975,1216.7274490222335
0.10131067009394233,0.9054570386422769,0.9270253188120811,-15.387733427342027
0.84164999707111,0.4137731012673249,0.2746939078428623,825.5127039253712
0.9528431573609512,0.8367099010376222,0.37344658710740597,945.1263294517994
0.4317588117701165,0.08109208072306784,0.11860241671912977,495.42905113473535
1e-05,0.47268237879705044,1e-05,522.2398693934083
0.695662891235985,0.48700750764126144,0.04407527639339719,397.3614637963474
0.692758752592472,0.32453540315809354,1e-05,1091.3714629486203
0.12220532162391345,0.9598839641574665,0.9412065465760135,647.8901163637638
0.017300587030711898,1e-05,0.553907496445634,352.946664115414
0.01412295910529636,0.8587772498899751,0.8557557864779826,742.8084052056074
0.5351650439860092,1e-05,1e-05,4686.938185721636
0.06302715025341979,0.6065234754315897,0.9232012532247119,654.7936943471432
0.2098081507215226,0.5290930509604145,1.0,805.6594308242202
1.0,0.27292670186626716,0.47670908299758996,1927.6169347912073
0.2097448197135324,0.3653340976669147,1e-05,537.3169156983495
0.08080074959569138,0.8232194583581954,0.849349820996922,779.5731337480247
1e-05,0.3601153349854868,0.3808708828969609,942.8171885460615
0.1848429660660175,0.026410757847544646,0.38765040403682505,656.9665720947087
0.8432480658937613,0.42795430329079015,0.1502515511237637,1369.5035074055195
0.1796955152954395,1.0,0.7649070502569582,834.4144389517605
0.745059647269133,1e-05,0.11684195931193021,509.83422458544374
0.2320677262589151,0.06454035479437355,0.043834778518566556,794.1902193576097
1.0,1e-05,0.16898783344632926,1474.7512083351612
0.08701405631443437,1e-05,0.6370042151714902,281.8584435414523
0.8312581697388498,1e-05,0.16886147716445232,5236.84121710062
0.6468206949397052,0.07629308225326298,0.13882478600121323,552.4859646931291
1.0,0.9923983738970309,0.7004139695587066,3013.4514606297016
0.9153668136386154,0.46373811654831637,1.0,4492.920127987862
0.5860189942213532,0.32539589483566567,0.06743371769858543,791.0842317603528
0.3427919599885354,1.0,0.8831026235892522,718.3742527626455
0.7044914512592767,0.21627826736279349,0.15868952826427216,214.70915406849235
0.7934324998637609,0.6386352476552296,0.08957806586139977,1311.1758066937327
0.8780308082120377,0.06237303440309278,1e-05,4107.536475390196
0.9129088971431433,0.35372257046477545,0.6127188358048469,4451.06607863307
0.5384736906344503,0.9619761773951883,1.0,802.3501826971769
0.8302867665290188,0.13216263575831927,1e-05,5639.348342806101
0.771910862415942,0.6266037997992708,0.5819611539091575,1221.4086134061217
0.2914128286914012,0.0638594364094554,0.5417992865307396,1280.249714449048
0.04152236978879098,0.09454420251398966,0.3187462672596644,339.4071811120957
0.06775398093129237,0.45197968267407024,0.4099230827984206,309.8431665338576
0.7934320827223297,0.03202578861261261,0.152576715317368,743.0152529962361
0.04460697051946865,1.0,0.8234420746525949,1750.9063555449247
0.13918273950429014,0.8023106161180478,0.9434577148620942,997.7497578859329
0.12806621832289458,0.9207504105892808,0.7017085850297672,1044.4816379249096
0.15414794161044673,0.96314785495041,0.9248067528308055,1194.6270735263824
0.17414652120367607,0.9737294859250932,0.7814321274476876,732.0544830001891
0.19098760832561518,0.6701556981747541,0.7145033506101993,739.2714715227485
1e-05,1e-05,0.3036078608595043,400.6501906812191
1e-05,0.5870859645995454,0.24552634823217015,659.692521058023
0.04848851622983926,0.5973026233795096,0.9411250706150108,667.5308442600071
0.8705906140548061,0.5848717562470963,0.10371105324059453,830.4672914408147
0.7944872717681845,0.10296487508004826,0.4358068989318168,3850.247154980898
0.8611011232297087,0.8457268716595694,0.3834691137440647,1017.7856647670269
1.0,0.8401305916091918,0.24684739719899126,1344.1721704751253
1e-05,1.0,0.9680876535049312,741.695193760097
0.40314133041646216,1e-05,0.09357155764017001,1656.4214922189713
1.0,1e-05,1e-05,492.55111837014556
0.8828900887432475,0.06607662461326576,1e-05,5787.008439689875
0.9304786558557218,0.0490619936748667,0.03288649096034277,6722.08706253767
0.06281332057624193,1.0,0.7487608035037804,400.9860743544996
1e-05,0.8942834303961787,0.728983363299155,538.6308027356863
0.09050431591345282,0.25651037293379714,0.21063359741003912,1419.5750217810273
0.04451073003214412,0.9642681002711374,0.6981083846285913,384.29410124756396
0.9256987513796923,0.8442008301804745,0.43452894222527727,904.1228829473257
0.12704808037486898,0.9498161787515076,0.553257715226284,874.8120604045689
0.025796618292807365,0.4394160929620294,0.6884594732527558,663.4658446796238
0.056705126049189064,0.9656794770698536,0.9923876353664142,343.18126966431737
0.2250903207237034,0.1703372582592158,0.04986539655510475,4628.902213722467
0.9192406273346019,0.00880063620673515,0.24299682361333685,1168.9814292415977
0.9400791063014992,0.07213114620596789,1e-05,8376.447356879711
1.0,0.37714324861132836,0.1566118316566834,1176.5480174347758
1e-05,0.9632558447637397,0.907866905184613,546.0171838253736
0.8773456236155934,0.7513666600678768,0.21405123682471078,513.0770028792322
0.397640456568361,0.26678653934544433,0.055071882564009696,798.317151941359
0.07512066880919596,0.2487317093435079,1e-05,398.8332166876644
1e-05,0.7003131646816682,0.5527415617352207,224.1404452882707
1e-05,0.22335103396412936,0.924126634183401,473.6862411387265
0.054355051787094745,0.4432351002650498,0.21232142230591688,1161.2683963999152
0.9768762245906926,0.5895259264911187,0.3378977372518311,1500.5988998115063
1e-05,1e-05,0.2904496421626167,905.5046114176512
0.6017072663046453,0.35877952721729056,0.28297718794110116,4803.100022256374
0.22005871608771296,0.3332061448503836,0.8023827142071164,487.88319519907236
0.9484341512088275,0.3067058201205498,0.14383613872257223,3961.166104286909
0.07912306635132765,0.014085143721226524,0.7824503087511325,402.0696908980608
0.18817080122029048,1e-05,0.37869460454870024,465.09121691435575
0.9695680259005964,1e-05,0.10153490154662587,392.1599883288145
1.0,0.1212907225632853,0.09672702267045202,546.3969586901367
0.6007359226864474,1e-05,0.11012570571603415,988.8956595733762
0.6287363624760139,0.6144495820672309,0.017747171904255267,1741.5256684422493
0.023654662222313803,0.34829766166618015,0.8097831989897799,672.05110944435
1.0,0.052910576002646995,1e-05,6429.982320576906
0.9333417358640851,1e-05,0.09173541311813628,2632.3128037005663
0.7607060264344133,0.2334620123155687,0.2759647123070314,318.4645412992686
0.021611233468061847,1.0,0.610359013036756,704.0328586995602
0.03102735023276694,0.8122131389675148,0.5044224427293322,915.4768800362945
0.012710886942726322,0.7589363168836918,0.5773006335765711,584.1001252196729
0.9686521620927384,0.8247594455416607,0.3901149475536223,3306.8896085470915
0.8383474287692368,0.09213450101298935,0.13706224997357477,174.34784044325352
0.6627235564934962,0.929802245472154,0.3948126595465347,908.6006285399199
0.07956445412813995,0.7951955058288693,0.9860947945188452,650.6302033551037
0.1983160532730293,0.8362919470857011,0.9180552744412352,583.1819447055459
1e-05,0.32831477843801005,0.1313614806897298,624.8494037427008
0.09025263065140009,0.47245591009359966,0.8098606220134393,602.8351225070655
1e-05,0.6497820372390769,0.6919742043576055,697.426179304719
0.8797405517549652,0.41386362915167796,0.20445642918230636,744.2606655545533
0.7111216163488908,0.8047855614646015,0.9617121446559646,990.6603808924556
1.0,0.19923856842481838,0.12464196388325226,3936.014763444662
0.1030790294568975,0.9148279560089068,0.9549590570118609,753.6318042129278
0.0884156813188409,0.04227835087666491,0.0859222791265515,1363.0557225644588
0.7144229332264707,0.8480135499971229,0.527155010675344,2773.987872391939
0.9984548912313099,0.40815611124998696,0.16553105040518465,342.56109556928277
1e-05,0.23143990008111895,0.10024454761997767,679.4755260497332
1e-05,0.24576459684688257,0.8053519080251645,204.82408754061908
0.03201201816766013,1.0,0.8918770541312678,675.8473282307386
0.9306571923882445,0.12258095350491209,0.0873510661943291,3951.135700941086
0.1726511883563483,0.8068960113926539,0.7753060530513883,1494.8739480301738
1.0,0.025111348963725383,0.13326542250923287,3510.608041629195
0.06881559842455894,0.7256058450503506,0.9434773835286128,771.9990545101464
0.26585406667730926,0.44725462176616504,1.0,782.8900311812758
0.8814927841322349,0.06410147483626842,0.13024643120368087,1277.6342847719789
0.7783991994189726,0.30825364431309504,0.09364986724387332,1004.8003080561757
0.9363281109611633,0.7724734836324622,0.4468333917902093,2175.3620312064886
0.08641959997926049,1.0,0.8466053863953634,761.4421678818762
0.096668943716974,0.9506755678840761,0.5806120025900227,644.622965797782
0.3808006357686235,0.9355989503250856,1.0,423.6282844990492
0.01899490006516478,0.8482861467996449,0.9218565720570586,1287.8340279310942
0.5002855248557111,0.30934888868090205,0.20882552543930918,741.8427462391555
0.12112620653740189,0.820926939511974,0.6756938530599829,1032.0881792530417
0.5327171984765171,0.701322499934732,0.2722581819026157,543.997292201966
0.04327346992503322,0.3450836237865094,0.3867384633335903,542.6905796863139
1.0,0.2715011409750718,0.3209118172443694,1536.621434636414
0.41063935825353803,0.05027185057565367,1e-05,668.8540159724653
1.0,1e-05,0.24627025594121552,2326.3000404387712
0.09634040759519008,0.9229613411052325,0.4939919104664525,427.24205414392054
0.03343130091782538,1.0,0.7715082719547304,809.2708001695573
1e-05,0.46691401233056384,0.8164420558406535,488.94365280866623
0.40808967064321783,0.15981541800209498,0.03882060587664798,2859.481582939625
0.01236169021555111,0.9791057933479874,0.9080593601063963,621.2173021398485
0.9426616884932455,0.2898502908959533,0.12494912289205068,890.7183442562819
0.26333676711953447,0.9029384682717952,1.0,437.3003906458616
0.0108522425312714,0.523829858695191,0.975306650137446,670.1329799704254
0.9713295545726168,0.8718570690518292,0.33631390297991787,1392.5051294341683
0.3674095913423696,0.24951290717635866,0.01806649903789894,-14.763530258089304
0.00933538127539651,0.5807657594594793,0.641234647329537,686.98735576123
0.12504009560659318,0.8193752117141457,0.7745151938512823,686.1272572204471
0.887152082336715,0.04366511410313759,0.038583035951037715,3789.5089204907417
0.09809999953913742,0.8980819661203477,0.6058441004384268,784.941786121577
0.9697709950026566,0.4142412955131958,0.3401942030729242,4884.2261372208595
0.7771331751754992,0.3877781295298361,0.14710176318586318,1149.6513686850667
0.2385925780350777,0.6918909127943881,0.9575384536207228,1383.8606748655438
0.5017966494857887,0.9906845421851536,1.0,533.8076777793467
0.8148862028499388,0.03413983671118362,1e-05,7600.764238238335
0.03867845593939709,0.3924596846078679,0.38634637144664347,750.38359227404
1e-05,0.7179014393559823,0.7820038896231807,542.8786998651922
0.01994250386655913,0.543443240354573,0.43347124478273596,670.8349225111306
1e-05,0.8702030727552846,0.4703162001598652,1115.2265365347266
1e-05,0.7072009123119875,0.40760364039871266,811.1447219289839
0.8137642115834707,0.03817265579899816,0.2524912614544768,364.56021007709205
0.4115250388992723,0.6684567657196826,0.4733286054422345,4275.638472676277
0.6960327765021295,0.49111195490617066,0.3562778081033413,428.3410748075694
0.4476732341007131,0.6320276060528626,0.936875804218722,932.0696495547891
0.14298191467992125,0.3572581343063191,0.7084027262763347,880.2262393385172
0.9327799059479888,1e-05,0.28427511132425803,3727.8700725138187
0.9833544310161101,0.1853689396596796,0.09181958607053282,583.008701108396
0.3989489398503599,0.6104681430665118,0.9979825365626723,506.2634229399264
1.0,1e-05,1e-05,5627.52051076293
0.8548294614043325,0.825756384613062,0.3741442585496278,1568.0416193082929
1e-05,0.4282111664781251,0.7875098646059671,511.08137802034616
0.5478938763903474,0.053346237721282025,0.02714902918308721,470.84808476641774
0.12640241992902412,1.0,0.9790441139901136,770.2146032564342
0.39584934065054694,0.3941181506814543,0.4624874748652746,417.5518339090049
0.837340747312659,1e-05,1e-05,380.49033866263926
1e-05,0.5363727682387853,0.22536159920268317,561.9224653542042
1.0,0.6318901753080842,0.34262027348597074,6753.86301907897
0.8982530501018929,1e-05,0.2532274060004493,1205.4033106043935
1.0,0.5762172547447247,0.2898202746350322,1075.2007241174579
1.0,0.6083171671599471,0.5282828000931151,1143.9819139391184
0.9675699780371264,1e-05,0.020477212618043444,1718.3020582720637
1.0,0.2622686079056557,0.2782733965421739,6722.140660434961
0.431832049887096,0.32278301216960226,1.0,316.0886931680143
0.3649656192890238,0.10160214435480361,0.13129213373974688,4785.065384894609
0.5427288311901207,1e-05,0.02497926980573708,878.6488996446133
0.9818181587168987,1e-05,0.24457484668832416,291.68273765034974
0.49675186020099293,0.5538614562806083,0.6129509856717859,4256.372771799564
0.9205654685198643,0.42310942255965134,0.2598043398751721,1004.7786789834499
1e-05,0.5161551323203803,0.4253181354956382,608.0522131100297
0.017991017553100255,1e-05,0.6346351540903377,290.7285526432097
0.6492445250210909,0.14750986851867673,0.13594156809665917,516.9550428651273
1e-05,0.09411041065208378,0.22608892264973218,760.9565160684288
0.48633017746059054,0.8222002895956397,0.9895738240138627,771.9950452186167
0.4673294746601606,0.08243975574931005,0.013839617856435194,4591.576131612062
0.638446640301444,0.17417550050277275,0.14337110886395235,723.1988548263907
1e-05,0.38111890670040677,0.3108246224162784,954.9585893899202
0.4925140608105308,0.09938466561548555,0.4308789145355877,356.95883072912693
1.0,1e-05,0.1719716595602268,2503.99753844738
0.15202071398450134,0.8118996586043171,0.8276571294895454,212.10423559322953
0.20378446457904376,0.2088729940473187,1.0,734.2457718364894
0.5440552217578417,1e-05,0.1126425798061748,936.5568908378482
0.9427292654050883,0.25183838317863483,0.3531464371895445,2351.2918536812067
0.025327535304549825,0.20675540737525627,0.031072721409037038,707.9788456261158
1.0,1e-05,0.06752339638755668,2908.5390630811453
0.7359782995385779,0.12208689414922605,0.08702657789828741,3345.81603102386
1.0,1e-05,1e-05,853.3720574267209
1.0,1e-05,0.287668045701742,1077.0804487988353
0.44651417683850747,0.10727697328706234,1e-05,4110.973915338516
1.0,0.0981324501275992,0.14891087819193882,1427.4874641224742
0.7026925586333538,0.11384391011983548,0.1849382726641126,384.82797006703913
1e-05,0.5009588439307242,0.6552361154018939,373.89162509702146
1.0,1e-05,0.30049031761429035,3007.06634734571
0.0781327651448757,1.0,0.7067043071214458,828.359617434442
1e-05,0.8917194470909526,0.09482406428427488,387.8319317456335
0.7574528000046793,0.012037799595375855,1e-05,4549.52288377285
0.6019584450378175,0.03544865075086165,0.029273649343289836,610.6951802894473
0.5140382011069364,0.8607467528486429,0.3943496114550717,3781.1328774392605
0.9619904730292576,0.4555402772670479,0.17396318654775728,1183.8155968859792
0.1253506127083432,0.8016006963297568,1.0,475.2137284576893
1e-05,0.39602603031397265,0.36635618183250884,963.1909309923649
1e-05,0.44271070602250684,0.7435781098761357,206.2224070923403
0.6758545728290748,0.22688789404101511,1e-05,7009.444803327322
0.07584422296834983,0.8961649085456369,0.9648378533778847,635.5356427766383
0.1610413676368274,0.628514003715851,0.3202111359001501,632.2191673740745
1e-05,1.0,0.7224555712897187,732.6589364521205
0.8690100651722621,0.4261534301206523,0.08938762995803563,1850.0770255923271
0.8516413090378544,0.4443347250143578,0.12558379499939326,1593.658671014011
0.9801693178229158,0.6875570765716941,0.17964305042317377,1020.9179765284061
0.4242480015277582,0.6745070559234518,0.9327708939142755,861.4812715761364
0.07118465634624664,0.8442940995280799,0.9722211131768395,462.3692772425711
0.0529475495578818,1e-05,1e-05,399.9738865047693
1.0,0.07103116387449655,0.2819937844161823,1445.3131962940097
0.7449175808160174,1e-05,0.07785740317944596,5903.106127560139
1.0,0.3312802967141572,0.3116766332886512,1381.2129598408937
0.9638883473576239,0.977662412945652,0.22899341847533816,827.3173598982394
0.0011598283453476822,0.90795260456025,0.6440446441528243,822.1530758850276
0.9401707582330813,0.17324814096065544,1e-05,2054.183304876089
0.9803768158890855,1e-05,1e-05,1196.9515130445361
1.0,1e-05,0.21555857190427072,1140.7412457987666
1e-05,0.7371343535935669,0.7656666183966937,444.548345670104
0.9275471050610203,0.6383438181921047,0.154048527593155,828.4483493864536
0.6222459993574607,0.33449615230315827,0.16318958505917783,6155.76788148284
0.9646633365450267,1e-05,0.14313799046419243,2320.929488927126
0.0022644862447314417,0.6760118808608551,0.7330939953974979,477.65633656829596
0.757328193900038,1e-05,0.07495127574854925,378.89042032696307
1e-05,0.1397376563065845,0.05710419968380881,1266.7961146906018
1.0,0.04922508093986488,0.2626006878359358,712.1380108036101
0.9372619118505598,0.8590788704447552,0.5188467871318383,1877.742192223668
1e-05,0.37331908616545306,0.37692865630543093,461.92419312894344
0.3954764758027516,1.0,0.7450751934082981,1869.7985196113586
0.9176946415992085,0.41638851680704525,0.006361602952732989,845.8422386571765
0.602677060540385,0.40261114424004907,0.010913070214802078,5796.661547601223
0.1208520626786554,0.891955391721732,0.7660640446644085,1448.0351887196302
0.09133524674635149,0.9062720279895635,0.567561067528691,415.47491538897157
0.05328484192524234,0.17265105324415608,0.8377264735127203,639.7498302049935
0.6896995565198455,0.009056476001368252,1e-05,4398.465439856052
0.5984972438088495,0.49390625092310353,1e-05,-29.147803298430517
1e-05,0.005367650023486451,0.2108105707071915,485.3604012578726
0.883364199775541,1e-05,0.07210036958895392,958.0719097703695
0.7825651313000147,0.0469142807055426,0.18853108241483912,301.35570738092065
0.05618685016787493,0.7880044093299804,0.7868196136152046,460.1183765716851
0.02607773995933258,0.8282312703625884,1.0,669.9196962118149
0.176241301185443,0.9074676635497292,0.7861157137619186,1233.0222648754716
1.0,0.20095582696576114,0.09117119804839452,1065.8686760514975
0.5944119394072811,1e-05,0.19899193720526828,382.2329825013876
0.7917773422566781,0.27848209835596927,1e-05,1149.4453122019768
0.32892617881784136,0.8088680770234924,0.8986648301508677,842.8416004702449
0.002315452454429961,0.897326573800285,0.8533594276717831,647.8100360408425
0.09001419707873981,0.9566369393232274,0.7297422758166733,1322.6420639455318
0.5050220466229033,0.9529506843983481,0.8270494868981609,673.9763079322875
0.07253849630992663,0.9502460521088736,0.7842471308406341,943.3466260433197
0.09999353857620161,0.5621850750878329,0.4489805545518205,724.5456602573395
0.11251657872486531,0.5996689233454341,0.92238524197227,728.4880599230528
0.38683166657987184,0.27111179359621806,1e-05,681.423883471638
1e-05,0.41714095907426046,0.18706718230717437,673.9580551050603
0.1790172135326089,0.8020585206928907,0.757276501678047,534.3062015287578
1e-05,0.3829714802916614,0.3919532228478622,1019.9900365546346
0.5163108472153547,0.14879169627946495,0.29609276139285534,328.7522514797747
0.3189835830110895,0.20409594963241745,0.106982354796267,5403.547136873007
0.012631367495179019,0.9913724110733717,0.9492305876893357,441.2774495817721
0.024135654225982343,0.9642521282678415,0.7426797286323948,561.2352938875556
0.8531595846638942,0.11500918099463057,0.013198215377268284,6458.781272649765
0.48185725928205475,0.03935117583790796,0.09519864807791918,4146.674757272005
0.6921443032644206,0.35889597980848603,0.05006903803097047,4833.517884045839
0.008418210176089184,0.66276226976844,0.9988852687538552,823.7900801673532
0.5874776186227417,0.16080825977787455,1e-05,6381.873354405165
0.1587904128828278,0.5928082923625017,0.9444890682119046,644.4903426542878
0.15624865095969898,0.4519571549977796,0.0768952701253265,728.4876906462014
0.323727792098941,0.47137240634015576,1.0,670.0545877702534
0.8298397100981156,1e-05,1e-05,3212.452856719494
0.026366414865342868,0.730513958227374,0.7971882789815803,1237.7433111593127
0.9428213344781015,1e-05,1e-05,6896.868961542845
1e-05,0.7054773662846726,1.0,297.2636450827122
1.0,1e-05,1e-05,6165.4623484015465
1e-05,0.7821980497586386,0.22369487342179806,801.9051513373852
1e-05,0.7312071908480423,0.5768796049090341,664.3658251203597
1e-05,0.4782726693461921,0.8224218668804784,675.0491099394858
1e-05,0.3307281600554415,0.8400992299190976,522.1304579377174
0.8877577716947129,0.279237341683464,1e-05,532.8337364606559
0.1799260902214955,0.99576089777003,0.9954672717270651,189.97330243792385
0.5808205777066363,0.31095571393039895,0.018927319833816566,4069.6685058772564
0.48257980783240145,1e-05,1e-05,6352.200376778841
0.5068299971770449,0.845088170318811,0.9830969321292958,2829.999363183975
0.020668933322006124,0.4286458969932098,0.7346578927938036,81.03991519659758
1.0,1e-05,0.2297421837489934,1138.6414321139455
0.9890963828155868,0.47419387860150275,0.4030552016642723,5359.125874847174
0.82811006294976,0.7602806470267811,0.30155278321841195,4746.965720534325
0.3710765028885166,0.9187351371137049,0.6592464969030116,1466.3225169554353
1.0,0.3009958587407426,0.30191525290154136,1969.5205727517605
0.11209173507516973,0.7874605268595352,0.8211776151161093,922.4621209576726
0.2021870810601722,0.3711296999748427,0.7436283543787877,864.507759142667
0.17393957436011181,0.17455644470078785,0.04159848093641438,900.6533686667681
0.6662919630702641,0.7523997745348029,0.7452467876231677,1351.2552170082927
0.00867522609593924,0.5287798685823529,0.5252354680271705,431.839023405686
0.4250697403512638,0.288771197322524,1e-05,4668.118149250746
1e-05,0.9999244056889182,0.9306802338673904,292.7743991538882
0.008179959102805025,0.5301573346725786,0.3033638799916443,847.470380295068
0.23386420542370076,0.8959352811997433,0.8909304548535465,934.0807312875986
0.8899698727039846,0.08904283072946606,0.08264187336236171,5838.87390100956
1e-05,0.6551302744621488,0.6324106875091066,608.6870000176132
0.23351227213700304,0.97472952404191,0.9141332827354115,504.46029682829976
0.12444647355428155,0.4894729472619729,0.17230601199053766,696.3023643381894
0.9713638793532353,1e-05,1e-05,4929.493992805481
0.6176289588144701,0.35045093205829286,1e-05,611.0803360454738
0.704176449887142,0.18720846150197215,0.17130070472335943,214.13831799849868
1e-05,0.34510147309616296,0.06675291362795382,1005.4612081125379
0.03596447047236837,0.3184394914299844,0.9075969676371505,130.3729022461921
0.7911837500001829,0.052255060850583034,0.024140218647534333,939.2516622841358
0.7490097382553829,0.6716784618173516,0.3252481621915178,2148.96675491333
1e-05,0.12350963908088515,1e-05,794.6278651803732
0.3245588272171975,0.2273329199425527,0.06511519913018363,618.4198189750314
0.3267245361401644,0.3559145789245837,0.021144565257841988,5908.124072432518
0.9316386665840556,0.23473059463705642,0.05195741254793923,1020.3476020544767
0.2858439309942097,0.02069355915374393,0.12645665167817483,249.8823389466852
0.7973178147449199,0.5006158630390507,0.0010594394046967894,1632.558189034462
0.27496604450723583,0.8458343250996541,0.9118893858957408,434.94851913303137
0.23186523388991898,0.7481240454136522,0.8622051422294236,678.9155968353152
0.4947695743244563,0.1494407228051899,0.1076437658597214,1016.8346186131239
0.7416392067171497,1e-05,1e-05,712.2807626836002
0.8605352410825671,0.06794987092333864,1e-05,7385.071106433868
0.2965029970047404,1e-05,0.06500445857748208,161.7534687872976
1e-05,0.8579334751785392,0.8840849244768056,143.26016319915652
0.988239872274215,0.08356812116499675,0.02497148429190681,3711.4121417999268
0.005339139828291389,0.657218315907965,0.748351456832115,934.306728720665
0.1416157764929771,0.9190684632869681,0.8789272636974573,648.4996341839433
0.9323782583414455,0.8043658196018636,0.5707792189832485,793.7026684060693
1e-05,0.8441461797065102,0.803870559426217,621.5624177344143
0.025957660956562212,0.29930991843760596,0.7044163643891774,1492.5828489363194
1e-05,0.815570656690227,0.7248687974675085,568.2140988409519
1.0,0.4616709042635149,0.39829502675465844,2713.895977899432
0.4580504316870673,0.11786673180633321,0.10916403457756778,1272.797391064465
0.9443233415883273,0.3615400317197875,0.04530458667643934,6469.994205981493
1.0,0.5712788066808444,0.3195852550907211,6162.561309456825
0.4668285771888255,0.8374863311082951,1.0,3385.82580627501
0.08835435407951095,0.1422670733360208,0.6028135165400329,574.9755579903722
0.9282453998167286,1e-05,1e-05,590.8411686345935
1e-05,0.6567862970576189,0.9251839740138238,1026.672470457852
0.22240291684947794,0.43903032140480913,0.02808142641703915,1783.213437706232
0.6205384011133218,0.15338768492566004,0.11810415873449746,315.1749967299402
0.14293130648558047,0.7909240080966515,0.8885858902025126,1045.8290764018893
1e-05,0.8804668727837829,0.6730410863648049,874.5448622256517
1e-05,0.41415094641992434,0.2527009711609786,797.0446239113808
1.0,1e-05,0.07705464592614672,5160.74486386776
0.00903986078054325,1.0,0.9701069103321519,363.1448510363698
0.22648391575556073,1.0,0.9147206010380601,586.5278567485511
0.6869980294285947,0.05774121676909354,0.12089357796046482,933.3016626387835
1e-05,1.0,0.6098422635254953,617.6283004209399
0.9565404010483045,0.9664072163692845,0.08245135550622042,793.1246973797679
1.0,0.27741867880069976,0.46035288812983133,726.5411268547177
1e-05,0.8086767109690765,0.5200635027630813,745.8827405013144
0.8505183047136249,1e-05,0.18559785841571208,1375.0114299058914
0.27845045667726437,0.8027787507668914,0.6319342885652187,2124.664750829339
1.0,0.061891676663833835,0.02146855438696824,5243.291112095118
0.30995714897036064,0.45982905813716063,0.7653600256070829,739.2958437949419
0.7988315018152172,0.04006511097590814,1e-05,497.8968755789101
1.0,1e-05,1e-05,5704.773228079081
0.07161995087858282,0.5475191406434421,0.44242051784969777,565.1960518881679
1e-05,0.346103954691096,0.26208608399738614,823.2300454452634
0.26113065506938116,0.6470119078166834,0.9023180167476043,736.2796432264149
0.9648335302489268,0.49956853468113166,0.2068435198744343,1821.242833957076
0.05057617501146051,0.8486764477309342,1.0,1101.0405025184155
0.09899797095918167,0.8734345427654183,1.0,765.4264540933073
0.36385718511906723,0.08756537572681543,1e-05,5573.839473426342
1e-05,0.7178473252552631,0.872096812631714,1115.1260932311416
0.03393254849000454,1e-05,0.19996984244386495,2698.0917727202177
0.6743336155795492,0.12865032965664977,0.10906080387935514,529.3594215810299
0.16923147780186937,0.5469452808683032,0.18272240367423087,2030.3655810058117
0.8653608523411216,0.2586247860641599,0.03317377269555348,634.4647926613688
0.8594964993274253,0.3412754631424437,0.11539583550665687,966.4963808432221
0.9946770796561158,1e-05,0.1588289969904948,902.9939508587122
0.7961830708689858,0.32684091415624966,0.30135037475932985,708.6292476691306
0.3806109258049098,0.3122810326218038,1e-05,747.3474507555366
1e-05,0.42218671158565746,0.517648965340857,816.0698728039861
0.031004822733247495,0.871690376166684,0.431758342337047,897.27132024616
1e-05,0.5460307644855527,0.6811696098187544,622.6364858336747
0.6032858486632997,1e-05,0.22315006625973846,523.7416655942798
0.7641693729621699,1.0,0.3390627183299283,965.6750036180019
0.26348372008655757,1.0,0.8013420033402048,1242.9233158156276
1.0,0.03755293238659634,0.30350430235018305,1153.1996971964836
0.025637214398960523,0.8694899943245508,0.4307480285002095,882.8947921283543
1e-05,1.0,0.6726021770913418,1220.3843449279666
0.6257264486838935,0.4847643053350678,0.20401069547758163,967.9187297672033
0.9235389718242106,0.26718855109258305,0.5148371208549575,1766.7089781090617
0.14442961891455913,0.3541142719262045,0.6387686733642658,1127.0630202069879
0.8162788593135761,0.6690266920910247,0.7967485948818606,1153.6804956570268
0.10819165636693043,0.219244754090633,0.6416517422637704,743.4422425441444
0.9650709433148716,0.02474309520769477,0.022276798751211017,1477.335302233696
0.03774621560589026,0.6497343596172979,0.7217144797761067,1309.4109798669815
0.18994901554955604,0.3344066673667816,1e-05,869.8895472213626
0.16571978756182673,0.9322503125594296,1.0,1344.6015866994858
0.004223239478501116,0.8305874388338849,0.49097202513060423,1505.1404775455594
0.10397799158784067,0.41484447702572874,0.873050742957865,516.7553168423474
0.2171445362540364,0.4104660920251849,0.5978564165571543,994.4953737482429
0.030388168514774307,0.5290667686714087,0.5102633214611122,759.5019345507026
0.30881048676782286,0.34773572129648606,0.7181168422617802,1249.9738659858704
1e-05,0.24928441217398226,1e-05,1279.574148826301
0.13647601304305848,0.20130461856758897,0.48503137261775736,994.3256119042635
0.668335658124626,0.13474889345247035,0.07042570183893672,59.40204576868564
0.1556332034717944,0.6706746690878197,1.0,557.4206640124321
0.8901330941868217,0.27049681187229474,1e-05,4826.574213147163
0.0919360197946253,0.9234354950538258,0.853707265059063,801.3003813624382
0.01154935755886973,0.16428297505462258,0.28719024611038996,889.2187637165189
0.28134774228298026,0.07977036020218163,0.1084440943307157,5745.318560272455
0.05183073159005497,0.7874023601609647,1.0,463.6968275234103
1.0,0.198236191124683,0.06255239423357063,7261.078490495682
0.4669933182583045,0.12789158500380562,1e-05,5526.001872986555
