feature_0,feature_1,feature_2,feature_3,feature_4,feature_5,feature_6,feature_7,feature_8,feature_9,feature_10,feature_11,feature_12,feature_13,feature_14,feature_15,feature_16,PERF
0.5797402826034258,0.447849917188734,0.5620401467106367,0.7010221196301861,0.9852368725575754,0.9417279775990685,0.9213337054931044,0.8491620327002943,0.907684252953956,0.99645857448784,0.9679774184071344,0.7915006185108614,0.8853840565109383,0.6983816301177916,0.8517662360093063,0.996452242338048,0.9115395283180844,13.934556392856699
0.9064953564065448,0.9384271466123449,0.966669831347398,0.9998646971560156,0.997389246351742,0.9411992721001486,0.8494451254323121,0.8168302597765731,0.5966675098526962,0.979515181183015,0.8001726193847241,0.9718068206842344,0.9993783928879848,0.966470518820614,0.9995591292722951,0.9889296918860888,0.9375368880157118,15.8469308027686
0.6736608267900346,0.7193662640808022,0.8476290508292226,0.8892000026745839,0.8389054784243128,0.9857847619015586,0.3799030529822965,0.5979533301902471,0.6325097081379245,0.6160895931956364,0.9167032613355214,0.9987679015387722,0.9791466492287908,0.663616741393602,0.6509704392885488,0.3278163561848513,0.37327099480446696,14.1359482313045
0.9050206910140705,0.9966851081372476,0.9917039706554506,0.9993462395126242,0.9832637289337112,0.9907189553760836,0.9763712377909634,0.9779106605574462,0.7210735160822177,0.9964138259238522,0.7710606339596465,0.9815962548501792,0.9997822574311964,0.8740036011758178,0.9362241486111628,0.7928002260958049,0.9949225545356324,13.4014630574087
0.8107626454048815,0.8082593870353583,0.7065917510425446,0.91185771680111,0.999007368554384,0.9656719339176248,0.9862760192457686,0.8197065470848492,0.9616358387616396,0.8150005997749852,0.7626778316013431,0.9977319527973372,0.7604613076468456,0.7325262787875191,0.5637290768676261,0.8028923556392208,0.999310345505473,14.0436388424958
0.999584695283882,0.9931037011119462,0.9982049195873418,0.9947315218339069,0.8694109978958019,0.999432253393462,0.918981862471328,0.9173497122845298,0.8841058654041618,0.9602318770141592,0.97630595568931,0.9764047407538508,0.967052013388086,0.9856265003774648,0.949256699031806,0.9764788741340379,0.9745819014883792,16.0065442432742
0.9998681558804838,0.9952474108370007,0.955048591234398,0.9418262130696996,0.9999311388598704,0.9714759385410232,0.943747027053244,0.9805427863817296,0.97947026296472,0.8446401414277579,0.9130840058372521,0.9998099599064972,0.9400855143038466,0.9994508867880296,0.9994668813180224,0.993640586715078,0.9572998781156052,15.361233418555601
0.9978739206980488,0.999953879544619,0.9872114983711388,0.9327945829778458,0.9991257825873076,0.8202385218103794,0.9999454832855174,0.991656986068944,0.9680467885528184,0.9537155520779116,0.935914927969802,0.8137595957053328,0.99999037001,0.9995216839119692,0.9613089675683716,0.9969600360212276,0.9995955095748136,14.054195107372198
0.8536040158647372,0.8992984299617834,0.9991938882258002,0.9925110890026292,0.963933523776982,0.9651715360269686,0.9352443775563336,0.7765093276219988,0.9988597189452952,0.982363590621555,0.98305738907619,0.908900325850066,0.9618610612706588,0.9174823376294332,0.6250992234187916,0.9977275880333268,0.9978609781440312,14.330444013052402
0.9566938305940352,0.9746816760882654,0.9690340743940866,0.9648244138396836,0.9990933757820908,0.9266553597826048,0.9888549956378044,0.9801227070038054,0.9658139407644428,0.9825389869765334,0.9537738533722544,0.7623858503407454,0.8658946675851056,0.9993484109771172,0.9980030396121744,0.989280911491528,0.9806736018963926,13.8786942052729
0.6353292223877878,0.7003533704176726,0.7040085629450835,0.8878253924330503,0.8893661521782246,0.9051987216165942,0.9819233609730508,0.9835282517364482,0.8888121919165339,0.9983103907071824,0.9922645478105298,0.7900828219336125,0.9680821798473104,0.7585994574628191,0.9016366402820016,0.8172807940207248,0.9305170184813192,14.788483685994198
0.8412012852795863,0.8386252296083645,0.7556120732376612,0.8000025726708978,0.9669440681148704,0.8278154507068715,0.8315078797692897,0.7529587132825276,0.7581610351100782,0.9045743604542579,0.428405602501008,0.90643508406633,0.9839555060641261,0.7548272111313538,0.3821834405903036,0.7596087856289496,0.9391608510339516,13.1298498205785
0.9978821779424843,0.9907511515393264,0.9795258681589252,0.9996950200506745,0.7201539364925719,0.9964638838069664,0.9456939104898582,0.9385700100827108,0.999913512817162,0.9999939858745378,0.9946601901720268,0.9705496730554406,0.9098517258711936,0.9573405066688601,0.7979753273437749,0.9950041953716232,0.9603571266772848,16.2807718539136
0.9983454113883041,0.9996253612587066,0.9994138993055006,0.9578987197605848,0.9999882608882908,0.9678715965367716,0.9996244415066528,0.982722013609988,0.9915064978140714,0.9998612771267856,0.883773341775893,0.9640865377222148,0.8922607734262863,0.9848484178119123,0.9909739336200885,0.967284033841912,0.9929755598226068,14.2009341041732
0.9295311575151256,0.904327687132368,0.9570387168833352,0.9860039746695332,0.9971130284888242,0.9963128782574182,0.9957976768511622,0.9988148010272316,0.9960527056016458,0.9013477621926586,0.8454360925249876,0.9870539248972084,0.985324709692264,0.8361032828073401,0.7603352632742706,0.9353750962363104,0.9940383680097232,15.998460105954301
0.9541270104677958,0.9327908794280809,0.9811919987398764,0.9668924903625422,0.9597784514162472,0.9873628374074904,0.809297006830815,0.9961917494232688,0.9648094161560528,0.9999976620193946,0.9459041642679368,0.9997013267853699,0.98246819343929,0.9906843143429318,0.9993305026390301,0.9841877189815512,0.9762815288767652,14.850563369343199
0.9379229996224581,0.9999499417317032,0.9989687037826016,0.9999879951152608,0.9804681260623771,0.9989035955020698,0.9885142152053212,0.999855661404503,0.9390660363665558,0.987134313835242,0.8293035532255947,0.9401666163430921,0.9624645027255724,0.9882441903354092,0.9469024988707444,0.7186489006438884,0.8504735717338773,13.972708480551601
0.7809716753264248,0.7769555124587899,0.9257183966055864,0.9497947853884116,0.9947132184289672,0.971716453142644,0.7784486855298571,0.9210974269889992,0.7992138335195533,0.8471239753918783,0.6210404799987063,0.9577601875319774,0.9583000395591704,0.9175283388946588,0.8352246939394722,0.5709678251953859,0.8794870368608081,14.4994060244466
0.9945271537206236,0.9998092974725772,0.9940933352857668,0.9947231285215308,0.9243101835908945,0.9351818647207708,0.9985725504261768,0.9941815930065416,0.9975090915785318,0.9861932822089412,0.8572687452260187,0.8965703683365851,0.9665118281983992,0.8204021197487587,0.8143771050898317,0.9803778086648058,0.9392168496637524,15.9119103740385
0.9978637854541524,0.9911383929815668,0.9987806705317638,0.9991775811731776,0.9045811852296922,0.9695084432902282,0.9844816804540588,0.6978017954813968,0.9385349466008468,0.9824656162534808,0.7672626054373545,0.992096208654848,0.9976676446793652,0.96554391741173,0.8503754199378281,0.8673864021761759,0.996761282768342,13.209634271879
0.9976841885155524,0.9702821194849444,0.7983653794529801,0.9352798651457356,0.995572900518088,0.9978223183168752,0.9262889275751228,0.9229139254552144,0.9870474268098142,0.992424727481922,0.9957830968826102,0.999976717814478,0.999894043899314,0.9765577874444644,0.8998027555571371,0.9535271829706684,0.9796071769487998,15.6342279028291
0.901629389198448,0.9315073554081608,0.99955494185022,0.9732591789764524,0.97946661370309,0.9897707218857276,0.9922381870914356,0.6444575061908051,0.9744002506167944,0.8677690862745177,0.9894814638086172,0.8580307846434725,0.933716466352374,0.9989101511297782,0.9994579312998416,0.9211740094786248,0.9998691362530424,13.410979721041
0.9343779753742472,0.9096129174224662,0.9985628212939948,0.9973845503777866,0.7996573707865727,0.9082870420019771,0.8728746188926214,0.9948245089119784,0.8981043379752819,0.9597894972465488,0.992100061792446,0.8075532073104194,0.9795247394910178,0.8226447427102983,0.8193444236039306,0.872575927794457,0.9865086768988792,14.4665642839423
0.96566533210558,0.9863044989881772,0.9788776647083138,0.9299600278727692,0.8550440310865036,0.9998910389082534,0.9319298070465386,0.9918395907755346,0.9526748936117736,0.9063083086568542,0.9836496274768968,0.9813848562858134,0.9604406539625624,0.9918698118924376,0.9862796945672172,0.9982786867343156,0.9986579532951024,14.7931073866722
0.9390881891579449,0.9655603569068292,0.9894023083097327,0.9864216477836848,0.98435597079182,0.8268119136522042,0.9914293940481156,0.7864903862835635,0.9003709271184602,0.9913506991421348,0.9862595934435129,0.9665822375918576,0.9995377309125194,0.9982042106917892,0.9463904457246272,0.9983608249745628,0.9804698658549954,16.2518059500241
0.9984965963357968,0.9996646026693836,0.9775103725222246,0.8433404657889795,0.9424492721511304,0.9923508980931429,0.8992820537597992,0.8789330527821124,0.7980064937412695,0.9362349204231334,0.8592855721408216,0.8541399641574189,0.9935715544816196,0.9140556251077038,0.9167971208704212,0.9498569337576088,0.971758332047052,15.2654797963188
0.997678061005206,0.9998963543005632,0.9946314518640672,0.9989532614452524,0.992136999606672,0.7751065755625934,0.9997915762072571,0.9997263933916628,0.8983045649203895,0.9941773926397812,0.9990534392986724,0.8886874569849301,0.9881554935888136,0.9158303002898792,0.7427533525854905,0.9550507859642846,0.9989572109863714,14.609927640302505
0.954032144719956,0.9757360498131548,0.9940372655037965,0.9711613939362966,0.9499002379603664,0.9161347518790436,0.8751488114661226,0.9755992464652176,0.9001723701803809,0.9816646768624264,0.8369115330114631,0.8183968140297445,0.6242681186999482,0.9384446776218176,0.9868524982902944,0.9275642206671773,0.8880325498417826,15.0884105079281
0.8667717668780093,0.7471197568327212,0.5573426474866298,0.7709751118923347,0.5857112689493136,0.8960543493820977,0.8245804208417556,0.7177948661628065,0.9902298684621712,0.9861140839653508,0.9575971771379364,0.7852530826099282,0.8058522939403278,0.9988139586954796,0.9693081272530562,0.6411998997751197,0.5090486175933298,13.288080232579699
0.9667648610363656,0.9660306495204932,0.6867014408136117,0.9964310657103554,0.8781469180536554,0.9427783109528672,0.5696381950976255,0.8307047079118604,0.9314924934404708,0.8371191926173308,0.4692649799120128,0.3119918562810913,0.5328911518254279,0.9385677226390567,0.9347479840372882,0.4543882243618264,0.9999525174374312,14.441069349936301
0.8804180612171782,0.9233520147476404,0.994838537664168,0.9980838406867576,0.8766068824461063,0.9983862224542313,0.916447546068616,0.8078297643800401,0.9998837293544356,0.9686738521472044,0.972921699566316,0.8865820977246185,0.9749495350083311,0.9960316098635322,0.8298358120195121,0.9998561421750659,0.9999989234849777,14.7150655128772
0.9946001841894259,0.9997257195549564,0.9828994844474056,0.8536099239853514,0.929029335386792,0.952560397329298,0.9937002713272768,0.944948504905834,0.9909178080846448,0.911632771453557,0.9993733614029572,0.978885079054425,0.9483344897183608,0.9996958237625724,0.9979427314374932,0.8953118539817881,0.9646310450273268,14.414322378427801
0.9867185453582572,0.9149025974297408,0.554349820860186,0.8921698653378191,0.9992641110568334,0.974890191610542,0.7177704577437155,0.8381852883870119,0.9787322737726016,0.9941170791690528,0.676619776634036,0.8601408711673191,0.9600032172836838,0.9999261161649512,0.9855008196145264,0.6423059626198236,0.9996882461072388,15.021645713141401
0.9327016945283291,0.9618681097947852,0.6913662129904946,0.8551579657158417,0.9396381399208048,0.9032304257014492,0.8834754185074444,0.9988291216833428,0.9758371400393092,0.9990060224990068,0.9995430041847212,0.8296587700482507,0.9652009272195864,0.7573537808058523,0.9399472466274624,0.8762156281534577,0.9563891488370316,13.3331482159293
0.9999915054369184,0.9985394530745988,0.999973124469726,0.9757645663883956,0.9932873321274384,0.9042258987947284,0.99319906804617,0.9848063233641472,0.9998450516738804,0.9784095169655052,0.9108200587845248,0.9919537682131166,0.9814697261181324,0.9677090609488921,0.7085026953068325,0.9999031901405052,0.893561067919788,15.0704058518491
0.8733325207017099,0.8698464867751309,0.8502768785331654,0.9274445496610632,0.9702894580848213,0.5897111765690719,0.526434616965449,0.8103595163807453,0.9243306473980224,0.9946053962368774,0.3998889787203827,0.7222093273790163,0.9557561254801906,0.9628102922159788,0.8292876941268551,0.9781886801825715,0.9853268776882596,14.402497253903
0.7510049270154235,0.7865690674993405,0.8361653384916459,0.7472196341436952,0.6640388717552409,0.5880379659147483,0.5023957676979872,0.7976841582431631,0.2982837060821926,0.969690114843522,0.945621200408124,0.8204756112734868,0.9331282351389464,0.8217327205014492,0.9227181895477752,0.8111209278915428,0.8834287076419532,14.5362051776634
0.996962639106358,0.9939745068465812,0.8377085451515631,0.9711849236024116,0.9650448001624744,0.994999460347945,0.6355754852850755,0.9972257565631664,0.8611165537095202,0.9999940097958946,0.9491949070112364,0.9732828052580572,0.942913352143942,0.9254844478208936,0.9797308393336628,0.9942977633719148,0.9996811723557536,14.810582172196
0.928845770729746,0.8413248641621174,0.8535455921708002,0.8688869152673631,0.9079834607734448,0.99839759618145,0.8159363310182421,0.9583422494380198,0.9516329422058348,0.909810928364434,0.9976795474576712,0.9999850101999408,0.9871165462287752,0.9335905422730916,0.9727703567157648,0.9932485790019764,0.8941521061786011,15.010333312076002
1.3538404216640854e-17,1.1124628122142439e-17,6.226874358473629e-18,7.641086574091066e-18,1.0244303614280083e-17,6.4963310181806286e-18,4.994828706670531e-18,4.804451565568298e-17,2.1221194235441634e-17,1.6045617958699438e-17,1.8680531211759242e-10,4.76149253714501e-10,6.197465278204787e-18,1.9042410838940292e-17,3.508674590152718e-18,6.216920059681967e-18,8.152915742166861e-18,14.3494044625002
0.9082473107580964,0.8785223986289789,0.7932282206117531,0.902001074016912,0.9872599252360916,0.9309500599040992,0.9946643997781422,0.9995916120346384,0.967185956447098,0.9860891477692936,0.6822059547821631,0.7695186350423513,0.5437094994147391,0.7689036192641956,0.4943708443679708,0.9777084246031708,0.9958592884772698,13.8582541033791
0.998529986216187,0.999573013566996,0.9790776305302136,0.9533540605554316,0.9987405991376102,0.4486204057053459,0.5268914965291079,0.9986262269747056,0.9566842722350892,0.9049936439368176,0.9942521974458828,0.9950517926285845,0.8350804373095918,0.976059437331514,0.8458241846748669,0.8601268513588817,0.8863927669135855,16.1147533265235
0.9649308792355972,0.9848374334789028,0.9958438221432012,0.9864454329937424,0.9526709847699896,0.9800702220035256,0.9795628144715096,0.977423979107766,0.9993320980908332,0.8210097541716428,0.9743788162616972,0.999201524372238,0.8793694967466525,0.974627020229335,0.9854654706973268,0.8050921760273949,0.9631357897465068,14.1189554923157
0.9955566360517952,0.9866029410709484,0.9989828522705316,0.9841269598920116,0.9372360237947738,0.9826592410171581,0.9773646969201348,0.9168975328289256,0.9489147401446006,0.9642742814635628,0.9803625324241754,0.9981107092877588,0.9809873840738598,0.9208895092112334,0.90661463270696,0.9659557493027072,0.9640965018351804,14.9075040511751
0.9638709522140351,0.9470523348068888,0.8818445451302723,0.8735098757168397,0.948331581145812,0.9752703655313351,0.9260407935696736,0.8825196992747665,0.7576814772916494,0.9942659208512762,0.8197621590176906,0.9902809557907128,0.9866223758417142,0.9737653595622398,0.7415168578317108,0.9303633278121524,0.8862077390618182,14.607898536759901
0.9662152923744106,0.9865585674550972,0.9115994827103544,0.9269545357929913,0.6887747050235891,0.997999266056662,0.9998798953223058,0.9999938003118491,0.9911028187411016,0.9964698052893516,0.9695888306876042,0.9895027412206598,0.8216779543891729,0.9948690413436828,0.9514214702385442,0.6737439667585734,0.9425704655042096,14.060863311150902
0.9389441535750946,0.9643742048438682,0.9999368605461992,0.9992708096210668,0.9722959828232884,0.8997686010770046,0.9451417723164528,0.9075860379624926,0.998347887794984,0.6668213043714178,0.9918943636425516,0.9019795562465402,0.9999892508556376,0.995164906767312,0.9785768685804,0.997230346815476,0.9945599683394786,14.595707233536901
0.9583169342442938,0.9800630488684016,0.8907441429669682,0.9240044257064142,0.9783031639132268,0.8778458750945087,0.875606531024195,0.9721278735468968,0.9417151586152842,0.7969598316455001,0.9800508475222282,0.9976871630493722,0.9998727436367538,0.968174775342436,0.9806384361711294,0.9288161004071868,0.9701223491321774,13.878531046009199
0.994365639030704,0.960241237369758,0.8053600721470852,0.9341478553078012,0.9190838392844748,0.8428952948860935,0.9590336541423498,0.9961637840243441,0.9769029404358704,0.9491714028881792,0.9579118959792164,0.9048167927452772,0.9626973255942204,0.9917332487113428,0.9249528107912298,0.9985459200714188,0.9958441270397804,16.0930191186271
0.9808693848344194,0.9795784121435768,0.6932319230049229,0.8791346860756066,0.9858021823021379,0.9958887075851326,0.9826385709747028,0.9889194207353622,0.9970446197182276,0.740076769716533,0.9857764214016279,0.5870359420456911,0.6006139008784743,0.9972361094175214,0.3700846078132752,0.516972132652412,0.9935407227705588,14.0817054762449
0.9442780835851092,0.9691679168221776,0.9300837943260748,0.9990089009769866,0.432021519694367,0.9999395803786391,0.9456325332179032,0.845491626536403,0.9977142201667506,0.9955103399422204,0.9998591966674168,0.9680855737932588,0.9931891041579141,0.9977024425817532,0.8926173013420046,0.9645692877168036,0.7271276310074258,15.4802123548772
0.9771204412981941,0.9996413138606488,0.9834104345754069,0.9750099147559016,0.9844724759981816,0.8540932216156442,0.8456610250908375,0.9723966138071204,0.9574899077553202,0.9981531595598888,0.7913903725049622,0.9895259387598112,0.9946546824090141,0.9268955839719032,0.7533991074759108,0.6993293095749334,0.9532146197466752,14.556589775355699
0.9971021106684969,0.9999834349353264,0.9958692823181288,0.994769595513861,0.9942076716030028,0.9251775184317476,0.8422732879280649,0.9321129447161122,0.86524493563063,0.7703160310694913,0.8453334162004583,0.8740151622933279,0.8838234465844605,0.8180106523347939,0.9808279469459116,0.9356021247157816,0.9153515548419248,13.6834786846086
0.9999027354787264,0.9794838672746264,0.9172970710911074,0.9653338531629324,0.999146330983596,0.9130097289768341,0.8671227822565956,0.8874164108322994,0.9726066359746948,0.8978923694722842,0.5640800865006949,0.8109952153731473,0.9967833580354788,0.9054200057428956,0.8355294353419279,0.9909913109186129,0.9681900149322912,14.7562926977161
0.9143866554074591,0.9128573174452282,0.8693744506622628,0.8864085128922693,0.6314575392367399,0.7596944672993851,0.9232478003495981,0.8878044458113246,0.9050378837612778,0.9795724012774052,0.5679172224072281,0.42820829108377184,0.7890817710035102,0.9875956629784644,0.9570621001945976,0.7793676395412559,0.8623376843915174,13.541672604241299
0.9801438327454222,0.9290609025721576,0.9899776181405398,0.999401013687582,0.9979565284941956,0.982374975643734,0.9986475616509864,0.9464292807815312,0.9984363101468424,0.8690513017425213,0.7492661256039738,0.8748705712258386,0.9518531653422162,0.9782035021826406,0.892575303743509,0.9999876063984624,0.9998859500436398,13.0682189452714
0.995928559990882,0.9686672941764836,0.9898488321909016,0.9867867610249724,0.9871309935997712,0.8230606403125933,0.9232064539414064,0.920089920874716,0.9069227922790416,0.9916906277191748,0.9164027372584596,0.999997096589804,0.9634658505285201,0.946996332062833,0.7942088861690635,0.9764322403224656,0.907842632942738,16.0120864357325
0.9969183134592824,0.9909125513411324,0.9739859814647784,0.9831351901775882,0.9996674075031302,0.9582149478293348,0.8901205254167595,0.9874687500556032,0.9854487135747544,0.9747233171771976,0.9478561530206224,0.9241130414018084,0.9992369184887234,0.9989968882188148,0.9989727425147348,0.9825894340798704,0.9523563834793244,13.6514161149704
0.8884512910951818,0.8963558074228911,0.9266841946687822,0.9618515590575484,0.7359687492206429,0.9992626849001982,0.95706986164535,0.9618059029349391,0.8107697535985467,0.9953357146968004,0.9801016060813902,0.8621346760872817,0.9981974200667344,0.8923181504242425,0.9955495281969414,0.8984124388598398,0.6652815438323736,14.5690617822042
0.9735478041141984,0.991474021368323,0.987340950592087,0.9982813061612171,0.8744531295024309,0.9507787424082028,0.9833817755290074,0.9961718663418092,0.9996334125362609,0.9681187969806836,0.9712266946598364,0.968847637298762,0.87216356846951,0.9361072315678771,0.9981092813259792,0.970305471113714,0.9674460009066238,14.329475771943299
0.9974609698940792,0.9999757264860636,0.987255821256418,0.9982143167164491,0.9970072920539296,0.9320841844614052,0.8551812134702007,0.9377108257782298,0.9569415328969418,0.9043702434756616,0.8471836918498721,0.8890487492706184,0.8798939403267882,0.9961390645690174,0.8544277643643333,0.9839561391377816,0.9819688918408338,16.0290382214901
0.999233323395188,0.9991779461378004,0.8428244672654734,0.9517031940628718,0.9684127818540408,0.8631886650715104,0.9990769069782108,0.9864098270273934,0.9818800570934751,0.9632633850119712,0.9447381589996228,0.7866590687245972,0.8057701532675814,0.998696620149014,0.8853911945483823,0.6416685330594603,0.996512921223892,14.2427990158225
0.9755704627815408,0.955414079959596,0.8902418022223274,0.8386975828398353,0.950521880871072,0.8337652291453497,0.8902041411429188,0.9477090598299718,0.9999999852218318,0.9755264339542472,0.9956992601061764,0.988704649655194,0.9351100880149168,0.8888270516486576,0.8384240937549229,0.8543511102738687,0.8789448973810443,13.7792054260604
0.9929197446824498,0.9890653335046921,0.9912462872613751,0.9995920911688764,0.9156900459262558,0.8898414860444427,0.7904362889463009,0.9913213001187722,0.9993261364797608,0.9373943354748154,0.8151037707496913,0.6495446802675827,0.9409904518626214,0.9622301821229846,0.9997362360319548,0.5760026375642352,0.9958486693148938,13.9188429925966
0.6860446208250235,0.54447576068049,0.3529520187631941,0.567069111112367,0.5595727598093905,0.9706354202066968,0.6133146178174945,0.6873191984398513,0.8927682393375076,0.988546485310832,0.9593171085220142,0.7476885790122811,0.9200035976151258,0.8070332304681732,0.8552793347314471,0.9348162340661542,0.4830059532197774,13.505768772664304
0.9619019970318604,0.999709249752722,0.7229108159776092,0.8619334189339166,0.955214866648938,0.9641431384869266,0.9799470131302096,0.9831274886643556,0.9775344197185041,0.9586934797619436,0.9978848792887556,0.908958196207611,0.9889488627346168,0.98217911761175,0.8943892788685408,0.5211800720610253,0.9948621547971402,14.2205746608254
0.9987520686690526,0.99952480387544,0.8965209685783481,0.8667164331700232,0.9673535507764668,0.8547432066539984,0.9706271381490864,0.9961541561987194,0.9322621143980596,0.9643570349687859,0.9682523340263288,0.9622260900741326,0.8965527982288546,0.9945451419142112,0.9213203637493991,0.9999667522440472,0.9916030687161198,14.534180796345801
0.9972823803018864,0.9999675300924112,0.9364219871491738,0.9997036539127722,0.6255490849680747,0.9999736173152468,0.9834244818505424,0.9545272261898436,0.9858107901103786,0.9304210416732436,0.9999998131075226,0.9717349384767572,0.9875171745782432,0.998363266663952,0.9994972131254356,0.9703588458859781,0.9736866605990002,13.787411237040699
0.9868292842446832,0.9380449901976358,0.94176028247529,0.9831488810354058,0.9840771356742566,0.9953476529361578,0.9343541165331416,0.9634685090620196,0.5549027019513896,0.9787960149402068,0.973320333131288,0.9928898670408028,0.9906609552878408,0.9954504004151056,0.9454472601871156,0.999141228788823,0.9999156142241568,14.525986270203099
0.5834644802975294,0.4514937947061288,0.7569564227734128,0.9701409998952688,0.9842191189722596,0.7088064052839237,0.9932757308554094,0.9625005015392628,0.9131447631712862,0.9973881826475784,0.9997065707979949,0.787848510080484,0.9999740042891316,0.5068206755568939,0.9638626531683336,0.9951916250737232,0.9163291593266204,14.472223520817804
0.9491435246600868,0.971744324020722,0.996006365933538,0.9993720463623894,0.8188024431867448,0.9894565060461646,0.9999683696202823,0.9707056070685904,0.9831388275096876,0.9857018592822936,0.8495187740307473,0.8310127987429126,0.9932974376483784,0.987351877021176,0.9450864972194912,0.9882880697888846,0.9991154665448329,14.645262150419299
0.8497022126691776,0.981871050241032,0.9972353134407368,0.92300613723272,0.977012502365032,0.9986459813594664,0.9772215505689004,0.9990756626716328,0.9991963597410868,0.8153372386310153,0.7805669173420782,0.9782434776565456,0.8724067218109486,0.7113483982675451,0.996134228075184,0.6250413353926731,0.9652047490528219,13.913785145156501
0.9904267055681598,0.99804529681783,0.9965324279678608,0.9823679034354964,0.985699055711696,0.9512296991507386,0.9985270339899208,0.9655684150357424,0.9999508061691099,0.9904801461475116,0.7769053835538742,0.9466453973278984,0.993197624833988,0.9586044160916964,0.9997043431169956,0.9986715293372906,0.9671139945437242,13.6177075610565
0.8648317361708532,0.9886592627499756,0.9409843554441704,0.9231462124706092,0.9999740574048459,0.9801446271440268,0.9995871932347952,0.9997807732452729,0.9204162602176418,0.9463082117134868,0.9651756301703656,0.9171495867692778,0.9988948799580823,0.996108561351563,0.9809886513755118,0.9621673483185929,0.9778356563061256,13.5127446117766
0.9705522649775098,0.9897780994952768,0.9000851104151095,0.8061193026403748,0.9671555926287424,0.8449940180688236,0.8641206125307759,0.8667895317033181,0.995351112777144,0.9489405613226801,0.8721630676983935,0.984929337666678,0.6625949277426368,0.8092699213470321,0.9973010802457536,0.9999743319507028,0.9755801733550468,13.8745780233426
0.87001766730875,0.915698564399816,0.9002763145293968,0.8064836931993923,0.8658514735944057,0.8439663055883797,0.9990542750212468,0.9701914831021212,0.995491379647841,0.9515008268797353,0.8721488793868752,0.912578894349568,0.8361130644108142,0.9370803385516036,0.99723857443954,0.8616743262186979,0.9554337927050094,14.0374458535788
0.121325455242438,0.14798375325736993,0.3527198922703233,0.34575830055416273,0.3162678945014483,0.5202600304283479,0.6803070975006347,0.18808308842127572,0.30241568125363233,0.6251937814488905,0.7775885416094871,0.7734623402810538,0.3851646722636865,0.4180464175980973,0.3066279668572074,0.2797137502241107,0.2805876709396566,14.4851959908869
0.9353683213811642,0.8554197840342872,0.8615436970688154,0.9660205720640174,0.9942722834287612,0.7851278615644106,0.7319163659637414,0.9769850269753672,0.8803434406188914,0.9772476775128488,0.9993624992589359,0.8288583006289194,0.8764163081718123,0.90541354231662,0.9409193801917926,0.8787473280233127,0.6755990028368073,13.1511391841237
0.7002272659994474,0.7648485475897028,0.9975690623243352,0.9956409078128524,0.9997970936761396,0.8670493956818295,0.9915557608299219,0.7898145845632127,0.9997024373242696,0.9767879225407282,0.9787917863277394,0.7847044826389578,0.9639676696876835,0.9927310424911212,0.8145021173039307,0.9772341837770362,0.9993270015851,14.2443031231182
0.993275377470218,0.9991752409263436,0.9982785176695071,0.9861355883480954,0.8976169406639591,0.992092179344263,0.9942184029549499,0.990692817779266,0.9948381129300226,0.8982688964119514,0.8697122208939477,0.9983259429291788,0.5879544043690548,0.9695329741925308,0.7940573182085734,0.8626359556800941,0.8984349422510722,13.6552537270892
0.9811702199359988,0.9924841567123482,0.9781803623797204,0.9496787531903282,0.9304013252897748,0.9854942776642704,0.9446100973786716,0.8795101187270998,0.7007607814168215,0.9284972365247828,0.9993090875537876,0.9985682283190376,0.9504978164523152,0.9180891836622316,0.7303702345379192,0.9998561904657453,0.990255457899204,14.087891678757801
0.94969942550481,0.9724992683905156,0.8185257529029965,0.8426061820632004,0.9802820764912491,0.94289966340528,0.9397306441324352,0.9271707342316701,0.9383227115513662,0.9276002268572592,0.5633824018404221,0.7481134439475375,0.9815614432649656,0.9796334744398052,0.9663183960467248,0.5741303244592365,0.9995280487878364,15.381874751061599
0.9932196475304546,0.9994658551877608,0.988286442294619,0.9869881208402606,0.9919182347231312,0.9388904686923512,0.9992521623448144,0.7493783026754639,0.8847252647319112,0.9825679047293938,0.7379345615902629,0.9010163430177942,0.8821769224981634,0.99232713577301,0.8211239665124557,0.9786720100538518,0.9337821410707384,16.096757124535802
0.4449366632033671,0.4966873846163321,0.9258821044234516,0.9783267731898908,0.8957980393256425,0.9993337009676372,0.9733262320222368,0.8019549348839409,0.4478913303166985,0.7243537995425284,0.9953171418886794,0.9750736946641898,0.339378725052492,0.4355970807360289,0.6185259001776561,0.629072889518829,0.7306528453096494,14.627252231824501
0.9977419120418248,0.999853414725714,0.9470269451245694,0.9426899296811788,0.9322684130795724,0.9860609277353449,0.9385401459413284,0.9915227579805146,0.9985656970795204,0.9944660322516788,0.9413132598655256,0.9583108558004676,0.7360902371236171,0.92326189843522,0.7951327563731441,0.9919320425223452,0.9113795190494929,13.8781855965202
0.9899442340244812,0.9894495796621192,0.9913977472578658,0.955851460847364,0.9909449109310902,0.9727315886253396,0.9038961771806856,0.99190726455819,0.9990421846210896,0.9367687771392702,0.6824858302880047,0.5140119249637801,0.709697097247888,0.9996379167321768,0.9999014468770259,0.7052462801470325,0.9961769846795444,14.4617239467697
0.7982677320115643,0.6743926520962571,0.9167748136414552,0.9980465541096656,0.9741055832807396,0.8029072031155237,0.9781514594907624,0.977788885522722,0.9971970662702986,0.9669136955092072,0.8393158659488399,0.7506545504925111,0.9767544204842836,0.8937999970657335,0.9992288685950484,0.922499449982434,0.9368015453857232,15.4076910959202
0.9537533446626006,0.99961643423948,0.8489967250233769,0.9943438663001908,0.9930768895230788,0.9055356670406848,0.97225710245838,0.9331198981663671,0.9997683715167665,0.5977300092921835,0.8834698688211557,0.8571186837102289,0.9998011289244764,0.8418242489639249,0.9903963496978779,0.9669446624663652,0.962047775959122,14.834896150893
0.8058426535136852,0.8543044102479139,0.8932989242904145,0.8807025202826617,0.9957911428019282,0.9712179300270702,0.9760964050252584,0.8993761962119018,0.9983533195157006,0.9063250319884406,0.998602320056208,0.9135123538317752,0.8801810075277983,0.8884158727076092,0.9950659368126846,0.960685139368303,0.9668957396875251,13.5280438408431
0.956109208875217,0.9540012395741376,0.6557545667701252,0.8075037398400493,0.9568550678575888,0.9962704422879244,0.8641219941006223,0.9004795020866602,0.6382503244219149,0.9869587439789924,0.4485624860978673,0.8296789351077674,0.9309095238973856,0.9691152899197134,0.9687744716058094,0.9115174976276228,0.9962303131440228,14.602494796822699
0.8474763562987787,0.7433260563964593,0.8954850362069433,0.9892885630516788,0.9800038044928616,0.8728795854084481,0.9722852430670292,0.9997290758472368,0.9426030048763312,0.7979856129774473,0.9055016209918744,0.9846707638072508,0.8607685094705905,0.7016365071914661,0.982724842600577,0.9286022785561091,0.9999708172849876,14.012816109064401
0.868224790644192,0.9004836705773154,0.9778814678791626,0.9898229892647707,0.9833152075928792,0.9522593755818872,0.9571123318686632,0.9681040266978996,0.6709661442945425,0.9988689439723952,0.9913251275999292,0.9654863195774446,0.8841979808225124,0.8489572287401266,0.9644578823797052,0.7650160793901772,0.9178235314823192,13.1175739337827
0.9056315889265908,0.9372786435738956,0.9699838506768312,0.9994981917272292,0.9977401985169732,0.9442395383882206,0.853388531358895,0.9972818853459252,0.7712175204423737,0.9987016754937214,0.8055815263510053,0.8909377546335123,0.9995070729514824,0.999996659839326,0.8424312799723017,0.988051536669187,0.9364996478121518,15.3428578575731
0.9975924438129659,0.99987555438807,0.9731923644456404,0.9999934663041672,0.6181857621398856,0.9991200667769132,0.9500727456059462,0.9943661722117894,0.9471519799395638,0.9142222591107958,0.977767378860404,0.9969270841528836,0.7236820682309786,0.9455308001031678,0.832799684403441,0.9996480951766372,0.9697053391595892,14.3500316602578
0.9357282048538066,0.8562400793059318,0.8902353968109834,0.9680708363084042,0.9514181102977582,0.9251389268940741,0.9963135578320476,0.9324836278249612,0.9961777076644484,0.8844198021329263,0.9274320535248668,0.9998680261673366,0.9969249055027841,0.9996035507358202,0.9993515679952608,0.9860041411953872,0.7672447870231753,15.409815492857303
0.9139018976995286,0.8838039716014242,0.8630465879200757,0.9159491038953154,0.9430025155396972,0.988668120307726,0.964341193588402,0.9830155936697392,0.9288575918632332,0.98793715346377,0.7951171783164578,0.8046735165430211,0.8378221335636591,0.8868352300065515,0.8235597382801723,0.8916185008823089,0.9284481242177768,13.5362397393057
0.9936901134993884,0.9984021871933582,0.9129414088297004,0.9261427537686092,0.986604807361672,0.8455706894410816,0.9549091126543372,0.9253592803836904,0.9526511451307518,0.9734373230152672,0.991504787078034,0.7543366731031277,0.8198002916329173,0.9417956519582824,0.998252571228096,0.9995822082756324,0.9208930830413531,14.8773817414286
0.9462058209345696,0.9996573468150064,0.9446700345437472,0.9403369600912264,0.9957842370316244,0.9858468255622092,0.9346538219155641,0.9240598066136112,0.8479200355564681,0.9913216239599604,0.8332159241517408,0.8616751528091804,0.8950298370421425,0.9170917602915478,0.7845861726648634,0.992024508328144,0.9065511901863444,13.868425519603901
0.9668969292485528,0.947562653827598,0.9633193097665342,0.956369933569425,0.999290187361754,0.8579772221503421,0.7934584171991895,0.9286218885267836,0.918766259303936,0.9693972959964562,0.908857163978043,0.9522361607270128,0.8800572997297124,0.9953965984079814,0.7986669671246557,0.9993119035840374,0.8277738441136305,14.074367847509599
0.978987970992734,0.9910815405702584,0.999384761942025,0.99857203313718,0.9667027801612792,0.9492993823407281,0.9943941781519728,0.9928010064808128,0.9740616717813088,0.955343986609125,0.9305500649709676,0.777208091344952,0.9102837344138224,0.7541624212485599,0.5592349129268311,0.992410366158905,0.9996528945458224,15.9546598781427
0.9992490688602425,0.9916599949028706,0.9968888353707278,0.9965612061109788,0.9710228392260368,0.9573536691373252,0.9149281061806136,0.9957819114608114,0.965016850368089,0.8589431021531205,0.8926166240395642,0.9741402742856526,0.9627944470969122,0.9847786266051758,0.9988244367303052,0.8926865535835028,0.9710234403003244,15.9369216775581
0.9995170763473454,0.9986161178948484,0.9975670469372041,0.9996273684378484,0.8330708161451755,0.9529910690769396,0.7421230016742995,0.9970285585048212,0.9999049292995568,0.9999099235447152,0.9840329856003652,0.992672082849272,0.8272418599169743,0.8863298969115185,0.834142327725485,0.9977015428782114,0.9998534889583892,15.0925007650547
0.6888850768576287,0.903166250060542,0.98415142777063,0.9908728945043228,0.999999866834736,0.8802379700061117,0.6934172430615781,0.9999956273550041,0.9908774126075576,0.9963993682573472,0.886425912879688,0.8180517487836886,0.9066252281658808,0.9937091273961935,0.8590800744516481,0.6742417726109438,0.9426119327131977,13.9646208660307
0.8473358551357252,0.9806821582526224,0.9978737107798956,0.9899893638982002,0.9986253110536192,0.974032965394996,0.7190162139275181,0.9994404124882759,0.9468634874119062,0.8078848396033145,0.7889890105373258,0.981397765877028,0.9633109073734829,0.9695145094410484,0.8475423505400776,0.2367300490215148,0.9628202277446564,14.0632541400556
0.11606905072655042,0.13749754696960806,0.3297532388937288,0.3195188239838577,0.3727388396778941,0.5386755417349286,0.4757032646160069,0.4093343635203538,0.0485652433508754,0.3288372014744021,0.7404267031517274,0.502880744336387,0.15015926442365074,0.27338457560926543,0.3686154594512403,0.07554021742628053,0.1885533364018889,14.9251265490055
0.8023572557437363,0.8494435624852964,0.901890916284314,0.9720132875234408,0.9287917509008328,0.9999880401935602,0.9998793554737057,0.7371467304715559,0.8677993847601692,0.8923518967313904,0.9643030630046358,0.9255748607669908,0.99971442594384,0.9992685221670268,0.9436383109747613,0.8604058597549622,0.4834944270608279,13.607031926938696
0.8955906817769815,0.9256951478123602,0.9809987041471949,0.9772638440649511,0.8869550137899914,0.9125605292790472,0.983037150933053,0.9331575260376757,0.9992272989578479,0.8558118281565714,0.9347752223386532,0.8846030552035059,0.9923522974596826,0.9985646303064796,0.9673035880318549,0.9091076370794806,0.6845964285184557,15.914345975023403
0.9427062454704482,0.9677098861667291,0.8628686456551677,0.8870667690545485,0.9697362563638968,0.9732811439782424,0.9951824652217104,0.9015515118530456,0.9817912776065422,0.9523776593551596,0.9925342102594988,0.9758839614038364,0.9999933891512268,0.9940098382052742,0.7861655126516476,0.9983683349228942,0.9956582060200416,14.4667700396985
0.9962945356658256,0.9999956333533292,0.9775218689645826,0.9466649855884176,0.9965502317061468,0.995861862846946,0.9813422222613076,0.8532289003809475,0.9821052840381644,0.9949287920207386,0.8680758901928438,0.7352562611951974,0.83997747206082,0.9901944681097664,0.7129905351666673,0.8589069288112049,0.975620484653461,14.6590971748826
0.9999999614692722,0.984391114579442,0.8002237232927412,0.9153695266985328,0.9676266249527948,0.9990946836355864,0.9668023633034868,0.9686902774288724,0.9885564448701872,0.9960774641290732,0.7697595601919673,0.9274758300979226,0.9969006476658682,0.9233483552354336,0.9990153175348498,0.95235891317356,0.9966824579757791,15.5153104745119
0.998746319139286,0.9715268213970386,0.9753799040630646,0.9987871366574964,0.9984466839000088,0.9445090144616912,0.9993113268317182,0.9771341309076228,0.958155923908003,0.7865837327877809,0.8115837946153618,0.94082408598306,0.9940815026356401,0.8965982447592564,0.9440258917744302,0.973477987045718,0.999909060529086,14.8931389352841
0.9109467032042422,0.9425123087234824,0.9618647552366194,0.9999921311222156,0.945731917375066,0.935153795386464,0.987569599353804,0.8246513999700759,0.6210576988458028,0.9997272883266736,0.7866164163811781,0.9655243262742728,0.86120706387284,0.971708692346845,0.9724380774606336,0.9183395307586328,0.8216500674384798,15.867779745768699
0.9843362140615538,0.9930151366874008,0.9966679906550622,0.9974826997480392,0.9799989852671374,0.998420057570768,0.9809780508669343,0.9878700182986384,0.9574682962336772,0.9997085627010311,0.8753252050330108,0.9778950750174388,0.9995644135495244,0.9955889697421412,0.8826500562953945,0.9856443169540874,0.9298336891878328,14.9580429423408
0.9929160052464416,0.9753013828836032,0.9922928533065286,0.9929798761889896,0.9901980649365664,0.9957964440682492,0.9602261995939608,0.9963426272152232,0.9989752781366928,0.98321253834726,0.7431105746123501,0.7862971111702497,0.9679479456597953,0.99253942239508,0.9896595580088908,0.9777849070878204,0.986541751343009,16.2893608912095
0.8139850836665496,0.6988751570428717,0.8680011897621387,0.9800095535001171,0.8914606670434149,0.7916422066861533,0.9972368335077121,0.9372372486399094,0.7291699191470937,0.944623733094738,0.9923239011128454,0.9074628061540588,0.969139439018838,0.7570428514714515,0.9031712085525666,0.9972881919282816,0.9281532621361516,14.4698388547523
0.5948764082899362,0.6512835845907048,0.9479427000704834,0.9579791047674172,0.9363397470541296,0.9499328566808674,0.9968294637110152,0.7750489262872742,0.7005950419422733,0.5334127517946595,0.995262928737105,0.9999368486559932,0.7088035271948622,0.8867032626274058,0.6008149608903604,0.7033143680890747,0.7555262604030807,14.389729644605902
0.9957392116880356,0.9952791059996156,0.9988465583062542,0.9988129792356474,0.9998782556917806,0.9984017337406788,0.8277782047585327,0.9629227130136792,0.9976996970911688,0.9708647095193842,0.8214921631155868,0.9062373850062588,0.924786849192094,0.9874551481097762,0.9827100176856776,0.9312155749785106,0.922036367666294,14.1466134603402
0.9885620431016208,0.9965932258566486,0.9716320669383309,0.9987979295486864,0.8989102972301001,0.992679546597126,0.9256632938816556,0.9524531302882512,0.9721653835121292,0.9712519169248106,0.9874645295234602,0.9506779781650624,0.6315400199510536,0.997394026581374,0.8823407670910436,0.9853803436469131,0.9999613006851684,13.141899702077598
0.2575917700812937,0.2966881377803655,0.4400296118580295,0.5216108000561858,0.5081678241335902,0.5478127621335266,0.5908802734614619,0.4414750695592231,0.40851681079140906,0.10461616509509856,0.8105343770317719,0.7352221101380902,0.3425963846485713,0.4336060204236653,0.2326676202878517,0.3009656654183701,0.4517656836418044,14.1698790282709
0.9382313100515712,0.9638803652212184,0.987717242442862,0.9980206521398384,0.9958525478635872,0.9936908742307942,0.9985438996232798,0.9957319554469852,0.9992625550196468,0.7600777238675029,0.7264104602431599,0.7741059782687681,0.9592567359234344,0.9879298105785308,0.9572402465581,0.8960881278143329,0.942929590908588,16.1979577277458
0.9632204702521954,0.9849503309935632,0.91377650199552,0.8234199809337724,0.8520540497041266,0.9514461022035052,0.8763197167954351,0.9999976145936994,0.9914409176270548,0.9962213203716352,0.9690938292629652,0.9893275864597396,0.2614497734797888,0.7952672990825649,0.9776570613327679,0.9575942174988372,0.9821937248037882,13.670429077146899
0.988644203082188,0.9763580146241286,0.972558756283876,0.9909545023222024,0.9976613552146556,0.990470208572676,0.9389502826353928,0.9462432154832464,0.945240454274578,0.9992528444487859,0.7060325825592441,0.9892031673134706,0.9981400015876076,0.9914544601865344,0.9434888496858228,0.9927568134873328,0.9954523498753958,16.568342700664
0.6019385698812684,0.8367868580893194,0.9886568203982672,0.9989147340175653,0.9776176756731546,0.9212262349548002,0.9973026364588196,0.9729659823988944,0.9953271756531754,0.9997418692345134,0.9496152729826054,0.7607379550963204,0.9993648822684336,0.5329254514947088,0.9996025870857502,0.9212559869814064,0.9948792787636735,15.3610488181728
0.9765030152144388,0.9593599634221809,0.941365790884015,0.8906083423864064,0.9845535723942987,0.8545972514910231,0.8439326849811567,0.9562613089464332,0.8398019935917536,0.8177024931525538,0.9085946789075712,0.911012181692742,0.9872050170755716,0.9919540373101676,0.7501258953669816,0.9714591499257506,0.8579237931281453,14.5045798911676
0.9325399623452244,0.959727031171412,0.99915003398225,0.9975999217642874,0.931123646235811,0.94689387260501,0.9859842020743848,0.8458803652722156,0.9340648637181688,0.9311808312597268,0.7602209526505525,0.7506490810706635,0.8502761382993208,0.9342991664186804,0.9635887201945788,0.9745984605318656,0.8254675843882214,14.083994729013698
0.9965827098986244,0.9932217895701054,0.8427935363030189,0.8899782537052067,0.962818926337642,0.996608030711268,0.9922148810141259,0.9865144015550792,0.9696095709220648,0.9701268028838756,0.8149869047768732,0.7690754622077949,0.9902485032085174,0.9931847390197991,0.9057981046902382,0.7835699439022088,0.9592252813084244,15.359653568573199
0.5585172423773225,0.6099099382469805,0.8937174697381329,0.953839267031404,0.9029087754879284,0.8117618532660811,0.9006887615674689,0.7826484683960637,0.5467973115724147,0.5029250955803928,0.9994497997204644,0.8643988812391458,0.5561197832459697,0.7990789713496312,0.9197655809663868,0.244279605216822,0.7782660726625148,14.513780560113199
0.8678645724091489,0.9013733818603109,0.9346039623823376,0.9650378094540936,0.5327561862179551,0.5749440638989569,0.6610554860257697,0.8514955909877353,0.6909896095141281,0.8605460929693691,0.86802839356711,0.7677641880821537,0.5646063321238557,0.9074908932552972,0.999953668171989,0.738925372500024,0.9846322184276296,14.7800664396629
0.9679298603298646,0.9077667254274244,0.9974685964882176,0.9887743222413006,0.96543404779872,0.9792298527144636,0.9996949296156752,0.9675613674272175,0.9932370526031924,0.9818822424941304,0.753554295449601,0.9205037122154116,0.9985948090088552,0.9853846824557017,0.8553511613077507,0.9574208283280125,0.9980374229560268,14.18397323391
0.967524899622478,0.9944027540919936,0.9961327489707149,0.9909647472402928,0.9651291187428688,0.9793876028493012,0.9621890354302636,0.8733788873553816,0.9255587982864772,0.9969605112392159,0.9679340576304024,0.9888045673504956,0.8237025537002532,0.9961566790284909,0.9472546502297978,0.8483136798550939,0.9812691068386388,13.2937012952938
0.9976296996305516,0.966933436782276,0.6277272380227606,0.6586898352680136,0.9835807676515658,0.9364082963316184,0.9468048318325852,0.9344061855030534,0.9976745244652544,0.9393991859879409,0.7117724024210026,0.8818500189248976,0.9753193132297804,0.9131023069200664,0.97300270357381,0.8987277891625115,0.9983023504846759,16.349149896206697
0.9997779711568598,0.9936810811598911,0.8879422920911382,0.7977770601664279,0.9684594368215532,0.9996848984477136,0.9883074886296908,0.9205617193947334,0.9711574946761284,0.9572284501936648,0.9789625877556262,0.9776145202675112,0.9681791515076726,0.9214313312018236,0.9974789421815766,0.8985013309201474,0.97503177527288,14.414073936144801
0.6493374449702863,0.7073290780593385,0.6249640052866351,0.5586253842615375,0.6784281143011321,0.8614979528535266,0.8861170101575067,0.7538241095289275,0.9999426702230582,0.8191277130715994,0.9308261890579632,0.9944260225002016,0.9338996753609397,0.9227189273261098,0.5451350087875829,0.9794279397802992,0.9483464445921432,13.8633880896561
0.5027987511301175,0.5413362268126578,0.5448721051773069,0.5886063107755108,0.8941792611933803,0.9843036588820692,0.4282241663866418,0.54314661483752,0.5663589757004919,0.7591259217107298,0.5599376630303576,0.99865847666827,0.9763999294801002,0.3129948485644016,0.5498939539847538,0.5506691526228985,0.4542014567393194,14.9140057853719
0.5005509725138417,0.5526644756625918,0.6284140832355554,0.5165091020117083,0.8811000409575599,0.5260399652298662,0.9151063703858968,0.6422572847827338,0.945803841106623,0.6518994852915294,0.9968709916369004,0.9966933387289659,0.7632649711902896,0.7229049292751448,0.31350396533136443,0.7542555069907969,0.8945278527807653,14.2449265125365
0.8988263804639437,0.7860960214469483,0.6056241266425584,0.7654977832376236,0.9914771494938156,0.9391381526428692,0.9972557068305054,0.9998239810730511,0.9996370011751304,0.9966286397913257,0.9589374629131252,0.8221617927129579,0.9412448504168812,0.9969949496822944,0.9999965084125662,0.9067560430907764,0.9408793584643752,13.9562108188792
0.9050232868702796,0.9369518494075818,0.9674841554461776,0.9998176644963508,0.8198112900976808,0.9945448501557416,0.9850235058312368,0.9978836683492304,0.7895010115866544,0.977367723662068,0.9070611835500044,0.9689543989085108,0.99933644282693,0.9695337138900948,0.9996519681355064,0.7683751771747799,0.809861072916269,15.176234488529902
0.9808293716565568,0.9629109907564641,0.994730719222806,0.9965926546495688,0.9810717810460174,0.834979212007266,0.9296877773921908,0.9878116038302862,0.9047530679946504,0.9276320166509292,0.9843311092118564,0.9998451666044624,0.9594502669011644,0.9763016615492192,0.97712275218295,0.9485411819068816,0.9008165476238708,15.763984908842499
0.9290527772390942,0.8472273210170205,0.8552666570802292,0.9999842166299592,0.9412807178991878,0.6567631008320178,0.9767096867240171,0.9743848777446152,0.9746863025993152,0.97531314063731,0.9994855293481442,0.8309238878871275,0.9652458638281052,0.5605973113347601,0.6273377402270732,0.9992993747964576,0.9561764233904272,13.8926440156711
0.9773048389007092,0.9901634855401265,0.9947463214871596,0.9713036768995544,0.9889239170700056,0.8764125207246407,0.8467300089846084,0.8971357791260016,0.9999756616613872,0.9930820471856856,0.8311075791295914,0.9377669479872176,0.7798480125065627,0.8573097251464132,0.872228724878847,0.9982034875874449,0.9844292698547434,13.9746303016747
0.8073912232824227,0.8549835483855833,0.8605099642650665,0.8852845543464782,0.8871488863051832,0.9992435894556758,0.9829409321898538,0.9401188046947662,0.8861970129788808,0.9465440392905368,0.9913904574624638,0.8979669107107142,0.9669231369463646,0.9016415536464724,0.9975142042334232,0.9976882489377142,0.9944353417168841,14.4078442128917
0.98506970543795,0.9946792315153772,0.9999559586749186,0.9988146599902294,0.9998509841612304,0.8472580792365029,0.9302427076076578,0.9402150860527282,0.999812273128266,0.964493134854285,0.9212732922036966,0.7474789164531475,0.9885867363654642,0.9955664714532264,0.9978821958333016,0.9429569019252759,0.955525687253682,13.874674001712501
0.8870662455098388,0.9183601998840524,0.9891491094024292,0.9833774044289544,0.9048814126305345,0.8860070069040966,0.9670603141721924,0.993334426170316,0.9978560143150096,0.9885857035854444,0.988487825935286,0.8258319655653688,0.9258625515529614,0.9994770897899712,0.8135487512635101,0.9999823475117012,0.99188852911677,13.8018548178192
0.8220251145610427,0.7081491179958962,0.735679773612741,0.6760975808172881,0.9966092671192353,0.994415133013942,0.9142142925053532,0.9997520950914129,0.9937735928237044,0.9341309400724688,0.8736023640036752,0.7488235258749378,0.9952672372140072,0.9936298100762836,0.9108246783635326,0.9985452990495094,0.95216583242585,15.692332198564598
0.996117939093668,0.9999771330310424,0.9887385191086391,0.9572143752341368,0.9925600990614694,0.7847081879266313,0.9990525018204128,0.6505928531205756,0.9977250042403532,0.9906708578348244,0.961195708965263,0.8963848052846038,0.9953912214002952,0.5705409837119452,0.7273741752121081,0.9594193636747465,0.9997393854476928,15.707510063835
0.9672878888337714,0.9874091713032792,0.9102617173163762,0.9264310647552711,0.965435291537572,0.9775758349080564,0.9999369538279794,0.966154036362436,0.9925682504107736,0.942471888933568,0.9698326691437588,0.9242295794674864,0.9465994886815396,0.9874524337119572,0.997810242201146,0.9997773718452012,0.9807796663203552,14.524597893808501
0.8747787309735873,0.990863048018897,0.9958857919047772,0.982144349667886,0.9749682948432846,0.998294429918226,0.9838245373333848,0.9962926337981164,0.9597785475244552,0.968134537794774,0.8853085853563987,0.883718203768985,0.8762541791547455,0.6335614075942829,0.9512188693342204,0.9609319635234173,0.9689674647669899,13.9503258795366
0.7092700064414083,0.7788596642007345,0.7573284633048432,0.9414043206928102,0.9997755048109604,0.8731311865945591,0.994642794144781,0.9939335723648208,0.9999145986989206,0.9724677559348291,0.8952647782873749,0.7788473273785784,0.9998963536523544,0.6185004161795766,0.9454726793474612,0.9996124458441008,0.9998888161167704,15.0850700847474
0.65698930811649,0.5064955259583771,0.610703109489622,0.7367055009376501,0.901224193667324,0.9757879692671056,0.9768717358060124,0.9400264256156312,0.4600206140404269,0.9794718401629924,0.9349999515020092,0.9779109252016568,0.5418205865239882,0.9472985808220592,0.9359558025488594,0.2452182862952282,0.5414191485812002,14.616497248820801
0.99721555449647,0.9999838439452612,0.9263653515223572,0.918898898353254,0.9968847595346256,0.8292244531378703,0.9912187759960328,0.993375471854578,0.8971254218906606,0.99276030713936,0.9868310404168912,0.9999867809077764,0.8702924643823967,0.9986764194687104,0.9773867662984111,0.978074414617706,0.9823162055604554,16.6942842723616
0.6208129003674018,0.6673397959355981,0.8477525923853004,0.7179714914811312,0.5308108609961795,0.8358559009263802,0.9178463657395832,0.8629032690630299,0.4992812347075176,0.9744145654612472,0.9666484880295232,0.8884965617083844,0.5509761783615355,0.603413943889933,0.6873988094394288,0.5690228101941381,0.7116384427456336,13.6470170019817
0.9294847252211368,0.8478795297278269,0.6878523414054929,0.8526885054598949,0.9412926454423178,0.9049789249757656,0.8801902834507891,0.8765201219756814,0.9731292860746109,0.9740012992388164,0.9714958475049892,0.8316317439913414,0.9657329428766736,0.7510407680480508,0.42691340902941743,0.9995671435126816,0.9545521834121172,13.511081489849401
0.8388032291489079,0.8759046670873505,0.9706299909811767,0.9663816083531942,0.999278797749208,0.9925656567505888,0.9264161750110356,0.9804080653910212,0.9670269913899208,0.9500993568906124,0.9983426231942292,0.7623793680077056,0.8660204082063027,0.9992848503904312,0.8583081175680866,0.9895949358402608,0.9799739861089646,14.623385033862801
0.8765282154315743,0.7829116571467869,0.369969784532914,0.6390880403792341,0.9996477529960464,0.9616933899208494,0.9955456203061752,0.9866327188746076,0.999743147544042,0.7681136067676453,0.7730550135089752,0.7758112417890936,0.9630811720829576,0.9964790656556256,0.9796891655026616,0.8339007250512209,0.959507996255324,15.149717360499404
0.9658243478315676,0.903555156204058,0.9958479830216272,0.9914055370506606,0.9686483016672648,0.9555583054911256,0.7626315198815843,0.8549599349623349,0.9148603183761188,0.9861260055709002,0.6345765148726428,0.9288554631970886,0.9429541542626962,0.9887243115389308,0.9540914335668814,0.837666337098789,0.9394435732374218,14.6796340659715
0.8439395868540531,0.8786889476023534,0.5319464670426136,0.5551255408783972,0.5564821124667627,0.7164137613667034,0.6110616447585743,0.6850054715185652,0.8886125770116589,0.9871317126713416,0.9576304877834936,0.5610121169093855,0.9167294298100062,0.9311604435522548,0.9572176581955192,0.9332257502666506,0.6723510077613583,13.356667087349999
0.9999036988917288,0.9999650287069256,0.993249288185623,0.9949469444900652,0.9940484596821322,0.9929156407227332,0.998393145306548,0.9170889722636164,0.9501104560736428,0.8178421000156799,0.7333432597338561,0.8185866498309146,0.9797747300976356,0.9999387760000358,0.8413461326234369,0.9553831863084534,0.8705292625449135,14.570781726650699
0.6775218243272781,0.5585479201490143,0.8053047501127929,0.914888497890554,0.9996029222325009,0.9657905901345716,0.8434294195414591,0.8361046379077736,0.904247561419504,0.9244571289021142,0.9768614988965016,0.8350876420381982,0.9167558777125498,0.9170169779238004,0.8721594971619714,0.9492241172088668,0.8041557870915149,14.562984350330696
0.8418089755410028,0.8908638911679789,0.9936976822187124,0.9944054476501092,0.9730713453039476,0.9615278925240144,0.8951429088648277,0.9546202161134072,0.8973550840264544,0.9907739526281404,0.9022102389932206,0.9376378150154104,0.8003642300881245,0.9108561503841336,0.969881618676632,0.9991837889769772,0.99498821970871,14.399532792195
0.9750009833944188,0.9868076124298004,0.9984284059653908,0.8894892798519856,0.8541976059129446,0.7261664116279388,0.9543209592694908,0.979994323662196,0.9914339501006268,0.8659259561852487,0.9645275506442512,0.995933384031828,0.9999448623442908,0.9941466807918368,0.9915164494257688,0.9557299688979954,0.978416348042992,14.985202897369001
0.9072762253161748,0.903007652600574,0.729309613919771,0.8710058652946702,0.8734521305057941,0.4307718998198206,0.6604915538189375,0.8630072328827589,0.993278902872878,0.5949927347204804,0.4349040217612165,0.4680340964379317,0.3624884618128544,0.7607085169429114,0.4934466506094505,0.4543213046615214,0.9770401575256548,14.281382547888999
0.997658728914704,0.9639480021726438,0.9772056555443722,0.9999780260266178,0.9828986845823804,0.9744237895837938,0.9914057670837548,0.999436811297268,0.9449676580857621,0.9118132398609988,0.6876626192810735,0.9456356436313476,0.8591315389440811,0.9305769669076384,0.9449497378581704,0.7176226733108446,0.6894749156860485,13.7412525530815
0.8924623330340582,0.9237202700386402,0.9976884410716196,0.8811373131709789,0.9779738356554368,0.7672828072988369,0.9970973643327891,0.7992099543721509,0.9766148393905576,0.8529079420607244,0.9931768165995852,0.8834700125421316,0.9908540284472538,0.9767632710435112,0.8540858666168145,0.9947268916159512,0.9609516802126864,15.675132999147902
0.9351213347099387,0.8496382035417461,0.983850021573242,0.9650382114558779,0.9311449456544512,0.9996464127310208,0.9204523837777806,0.8316319531974843,0.994042252882656,0.9315344601198182,0.8864795665385526,0.8971079833063321,0.9845489350490536,0.9577703351248088,0.9790134854730099,0.9534603821420062,0.6996590212280172,14.0214955282647
0.9608301486004048,0.9836409665717823,0.9962239783922188,0.9908791406257772,0.9590085644135332,0.8782593518607851,0.9621404039957734,0.970376356014404,0.9874305351821404,0.9887453878072684,0.9995185003327102,0.9918465611551815,0.9375773443750788,0.9906945809016514,0.8677072781887759,0.9992677977122244,0.9848768226105116,13.7938683308708
0.6506160997873992,0.6912631808168829,0.6237593292157878,0.6756758798816451,0.6452673195838932,0.8198435358313183,0.6944147564660355,0.7460195771115515,0.8913168462098343,0.6496441758020165,0.998662705518406,0.9388676978386432,0.6546907984978595,0.9017303543662232,0.9804563335960164,0.6600904763942327,0.9836623583434412,14.7838100486676
0.8481851511585468,0.8952519950326638,0.9741129982171122,0.922094576882518,0.9999451851038371,0.8504524728172422,0.9863729391612897,0.9892783493223349,0.9432324325632192,0.9158022281034304,0.9865203821170806,0.9153578222415396,0.9743470332247828,0.9941573608411076,0.988596631646706,0.982975220289072,0.9971009204939656,14.3387649653216
0.8743367316407604,0.9895107773039268,0.9999878109056548,0.9990046562305794,0.9647340494106244,0.9772869499060456,0.6637594081851358,0.9992524193267672,0.9885034271827045,0.9672310484265648,0.7854555421444911,0.9540118189725214,0.8256589356793141,0.9784717640505384,0.8860178148617522,0.4271775396465052,0.9810620140774876,14.979138369813096
0.9222959907200536,0.9196019202189089,0.7769830461358701,0.9002876148919022,0.9662682627718922,0.9615149501255646,0.5793371716925405,0.8912456081168797,0.8072640298194999,0.9788852722078047,0.7225550157112994,0.687961874971703,0.941538183354467,0.9434042029278203,0.6696652034440375,0.5468514221630261,0.7444721921148356,13.2188548215688
0.9564860451151392,0.8887143701794599,0.7785690411293213,0.8532052655732018,0.8186681292976159,0.8187084073182118,0.9670832879281652,0.9993953575675044,0.9800806631828216,0.9117323608432708,0.9459327291201536,0.8292402774606878,0.9290483283654029,0.9852577144047564,0.9414241889734184,0.9331687531673002,0.9719043233418646,13.459302506703901
0.9586921433342948,0.9788691749921802,0.7605822203672743,0.7093626226654428,0.9996094762904381,0.9401154223821936,0.9672773875690586,0.9559159770469108,0.8853440388355146,0.7858343267780045,0.5709093535524332,0.699665924236277,0.9871447659264262,0.9764453976189812,0.9885039669615732,0.7593985471556799,0.9997331115946796,15.1498523371679
0.9157501229341124,0.9458631487519671,0.9808454038569566,0.9647502078238304,0.9969437893260422,0.9338587438964294,0.987995887292374,0.9645295513157902,0.9933479015362248,0.8308793220118519,0.9996809429412756,0.8992089320204153,0.9684700911171928,0.9996462587552,0.9999559069788964,0.9955497760969028,0.9902045415678564,13.175514777077801
0.9968648212322231,0.9999638396947564,0.9542765532240732,0.9667184953119928,0.9801148441306572,0.9770629437880372,0.9934118580276952,0.8641445285798187,0.8091012397582577,0.9947268723284208,0.8278926075232502,0.8104452875488084,0.9622009347455904,0.9884358976557879,0.9470444464298512,0.9744400528361812,0.8490788209497291,14.0826743840623
0.8499327013804115,0.5576362105359961,0.6140776039562335,0.9100200677958338,0.9741100837370535,0.8808617936169999,0.8960179204586367,0.9995128117175592,0.8992594038543071,0.9298064801209046,0.7860263553545954,0.8413424131721431,0.9311699854889528,0.9921854315733614,0.9994581489425016,0.8209346496702558,0.7969073597518678,13.0713529355139
0.9227622190751956,0.9435191917865258,0.7968959580887641,0.9036978906293116,0.6730376210652959,0.9239875459650476,0.8923002728220417,0.6651691253582445,0.9304545565932896,0.9616153431362868,0.9945406814282752,0.7689556702163339,0.7954665019569486,0.9956112320460664,0.9994927623440416,0.8759840664578589,0.6538883177305477,15.4313073301806
0.9979603149933884,0.999757774433326,0.9394674116573821,0.8580215064181203,0.6826774152419159,0.8981618000788255,0.9877296095406864,0.9490613573685992,0.8840169226556167,0.9481830715098812,0.9014578263898204,0.9797985768962176,0.7783498435722668,0.9818378916925896,0.9999443318674588,0.9776528982053928,0.9956048802667578,15.007321705265
0.9435913203928504,0.9679583602136921,0.9817065279562379,0.9832578320665716,0.9865983226577126,0.9219187164221104,0.7193622849374941,0.7736527127375478,0.9736015730722496,0.985582898467796,0.7184610643405336,0.874186826627789,0.8904853940827253,0.9900686520739356,0.9046817294928822,0.9920030700890292,0.9851710280186444,14.1025817030743
0.9692202740825862,0.9973776228474716,0.899328502133228,0.9615909207824777,0.95819423704573,0.9603773063793878,0.986926882283802,0.9377533742490338,0.9552914940969448,0.8751551775340641,0.8986142666205683,0.9886610066173755,0.9891282009127592,0.7518556530984288,0.8249261192520307,0.996994159119356,0.958024878626196,14.7827592921699
0.7915632909393968,0.8386971377871517,0.4748639739157605,0.4969761921639561,0.8134787373373317,0.8506117462849473,0.9169359240889052,0.9945782320555764,0.8893461182838923,0.7431188573095572,0.9206859869361852,0.8690373368958377,0.7174477714828308,0.9851685725675752,0.9934368311987998,0.8779226083464319,0.9146231676976506,14.141622266454899
0.8169310921944851,0.8238676131922046,0.9562496236765744,0.9106281185315744,0.9046635197526032,0.9933067290202644,0.9397498744409756,0.862653757487738,0.8148805156662167,0.7484546952248428,0.9585884091957636,0.9282762715419164,0.9245670859081321,0.5025889836877976,0.4976011090357194,0.9640132808483778,0.6676650186050539,14.0289246023273
0.9528424759837988,0.9751926946908624,0.8926387995315668,0.8629241692216343,0.9998155392894554,0.963180925279347,0.9998519008218472,0.9851784800527414,0.9928307010064648,0.9633390393572172,0.8851282474302503,0.9999716091725592,0.9840929867444912,0.9402020693398204,0.9196943680540172,0.9999953687392544,0.9253092823993992,13.9604714727346
0.999890477641452,0.996304731135478,0.9899283915703009,0.9655385672248392,0.9855927459326508,0.8963832563000037,0.8711055736709457,0.9083302738633224,0.9638853839503744,0.9931764668711818,0.8517387066270057,0.9591854932518206,0.9808997454388044,0.8647778793757589,0.8931356601152448,0.9999989791293952,0.9959272446084062,15.5349704375944
0.9999463080312574,0.984589832568968,0.9818808766179647,0.9880833822700928,0.9731433819061436,0.9982951815645508,0.997882278301458,0.9518880294275428,0.9991143470071936,0.8280013448250633,0.6411235859510848,0.9771584268012068,0.9740396768278784,0.9547590237321232,0.9945541213345908,0.618343826091058,0.9999210415976652,13.9374190253218
0.9652112770427788,0.985793133084612,0.9793134751105964,0.9950363486825881,0.9679027287723416,0.9995566322326288,0.9891632947689832,0.9928870111591842,0.9998626605267128,0.9783236151022976,0.9780522531869168,0.977355012667705,0.8555362254584331,0.7898557303265619,0.9376727194458788,0.9769657594654164,0.9772038472696912,15.041770941081099
0.8160633667552389,0.8613705471196789,0.9987034511383506,0.9563918802393108,0.9969911476880896,0.7741972468475371,0.9841595068790236,0.9998805896133334,0.9882508475639176,0.9307840064975323,0.8692712618843556,0.7411119272397564,0.9944481580146792,0.9891716623368156,0.98742596768239,0.9984824214309334,0.9991454855036008,15.5032740766065
0.9995662178892822,0.9766720523486162,0.999838191417204,0.9524775607474516,0.9996110215856376,0.9682018660240508,0.9771720797578652,0.9939418000329135,0.9193351952975402,0.8591672464710692,0.7462929284353025,0.9996918077266604,0.9863049447043304,0.8264362776571673,0.8089131797068774,0.964617165400378,0.9316512033295582,14.25758340826
0.9560052464523484,0.9744384070379716,0.9715126777893708,0.9677350318055309,0.9994407651524267,0.924702791307129,0.9881516567453794,0.7355980713524095,0.8666094787023292,0.9976141728588636,0.9517544912008242,0.8815626405288496,0.8660417547630308,0.9541363458643276,0.8580672260288249,0.9890774905844278,0.9803949355548957,14.118513103495
0.9745540938232828,0.9884264855949452,0.9990864184059838,0.99838771036907,0.9854568382842316,0.8833826958184708,0.9419428964359988,0.9999996028063686,0.9563394209904326,0.995192756162128,0.9858113469567032,0.8784707854074372,0.9757926180625252,0.9988751556670756,0.7602821113856647,0.9602947521127312,0.9891686858398036,15.700861329289598
0.8359113777549648,0.7249486875217922,0.7636395600187663,0.8414780129907468,0.9974818732536188,0.8296455496304171,0.8941676740468998,0.9690478671631194,0.9953396074186756,0.9233679090162488,0.8595981168854336,0.7160133601938579,0.9925391905109958,0.988891776633814,0.996157576700376,0.936268672360532,0.9991500861190664,13.0372635580656
0.9048586258457004,0.9363720817729251,0.8869853477224815,0.8529378003601796,0.9958705379683852,0.987738558383539,0.9913011484263674,0.9999135306647424,0.8995111913949575,0.988071837714686,0.9648489340161179,0.9816340707301804,0.9996926026956569,0.8586393157743804,0.9720858119524054,0.9822854973400842,0.9846292432394071,14.0796977173916
0.8634976225234798,0.8970698306584811,0.9559222528964112,0.9863978059266068,0.905262017246696,0.9977906076681808,0.9368565635332128,0.8658960353884482,0.7303604390723527,0.9923406027870104,0.9739917817888214,0.9651926449180294,0.992243602128466,0.9962906135194548,0.9998896191911034,0.9941253501008828,0.6832401751319273,14.409980600406596
0.9366536716067476,0.9626914821064048,0.9856015526720454,0.9869920664860024,0.9941011406351794,0.9282402006093359,0.9968955329141204,0.9872518448876562,0.9996927564688399,0.7626082441584717,0.723997571101429,0.7560121606872933,0.9988300576025452,0.93058047648328,0.9832479611199908,0.9877419981906808,0.9951734074364422,14.0405828654641
7.525523387828887e-17,6.523698487980548e-17,6.890971560700809e-17,9.698730262537908e-17,1.128344134249343e-16,3.458386133035143e-17,4.733375371697907e-17,6.906766296815258e-17,2.8316265224259564e-17,1.2701445083465307e-17,9.628080932983087e-10,8.27445845049611e-10,1.325280364196933e-17,3.929827872529707e-17,3.673273738536286e-17,2.157280918264368e-17,3.577917042924466e-17,13.7019234878403
0.8513880223051876,0.8994363031160019,0.9846011777104168,0.9911388079468012,0.9699103871343052,0.8776503634420166,0.9633982160880502,0.6795204795933557,0.9892438091599279,0.9328078858470444,0.9704790069080012,0.9277807265469896,0.9815393283300344,0.924618186099666,0.9748676640736148,0.9745572798744028,0.9838446262307609,13.6697763079179
0.9990726626929652,0.9992616794337904,0.9517792349885276,0.9756467821216559,0.999210608159115,0.6474931927833182,0.7251506783086055,0.99832220454319,0.9997709134798348,0.9994834019729724,0.9867928830525772,0.93780936937712,0.8289878363181936,0.9738789699095396,0.9946056682801108,0.8581411740964463,0.8820678290284151,14.464466070809099
